{
    "stat": {
        "perm": 16893,
        "uid": 0,
        "gid": 0,
        "ctime": 1777911304.8935916,
        "mtime": 1777911304.8935916,
        "size": 174
    },
    "deserializer": "directory",
    "file": {
        "bin": {
            "stat": {
                "perm": 16893,
                "uid": 0,
                "gid": 0,
                "ctime": 1777924373.5967638,
                "mtime": 1777924373.5967638,
                "size": 4
            },
            "deserializer": "directory",
            "file": {
                "sh": {
                    "stat": {
                        "perm": 41471,
                        "uid": 0,
                        "gid": 0,
                        "ctime": 1777924373.5967638,
                        "mtime": 1777924373.5967638,
                        "size": 13
                    },
                    "deserializer": "symlink",
                    "file": "/usr/bin/bash"
                }
            }
        },
        "control": {
            "stat": {
                "perm": 16893,
                "uid": 0,
                "gid": 0,
                "ctime": 1777904105.149115,
                "mtime": 1777904105.149115,
                "size": 30
            },
            "deserializer": "control",
            "file": {
                "daemons": {
                    "stat": {
                        "perm": 16893,
                        "uid": 0,
                        "gid": 0,
                        "ctime": 1777904105.149115,
                        "mtime": 1777904105.149115,
                        "size": 8
                    },
                    "deserializer": "directory",
                    "file": {
                        "sshd": {
                            "stat": {
                                "perm": 16893,
                                "uid": 0,
                                "gid": 0,
                                "ctime": 1777904105.149115,
                                "mtime": 1777904105.149115,
                                "size": 74
                            },
                            "deserializer": "directory",
                            "file": {
                                "argv": {
                                    "stat": {
                                        "perm": 16893,
                                        "uid": 0,
                                        "gid": 0,
                                        "ctime": 1777904105.149115,
                                        "mtime": 1777904105.149115,
                                        "size": 84
                                    },
                                    "deserializer": "directory",
                                    "file": {
                                        "1": {
                                            "file": "/usr/sbin/sshd",
                                            "deserializer": "ramfile"
                                        },
                                        "2": {
                                            "file": "-D",
                                            "deserializer": "ramfile"
                                        }
                                    }
                                },
                                "enabled": {
                                    "file": "true",
                                    "deserializer": "overwrite"
                                }
                            }
                        }
                    }
                },
                "packages": {
                    "stat": {
                        "perm": 16893,
                        "uid": 0,
                        "gid": 0,
                        "ctime": 1777906293.2136624,
                        "mtime": 1777906293.2136624,
                        "size": 252
                    },
                    "deserializer": "directory",
                    "file": {
                        "bash": {
                            "stat": {
                                "perm": 16893,
                                "uid": 0,
                                "gid": 0,
                                "ctime": 1777904105.149115,
                                "mtime": 1777904105.149115,
                                "size": 40
                            },
                            "deserializer": "directory",
                            "file": {}
                        },
                        "binutils": {
                            "stat": {
                                "perm": 16893,
                                "uid": 0,
                                "gid": 0,
                                "ctime": 1777904105.149115,
                                "mtime": 1777904105.149115,
                                "size": 40
                            },
                            "deserializer": "directory",
                            "file": {}
                        },
                        "coreutils": {
                            "stat": {
                                "perm": 16893,
                                "uid": 0,
                                "gid": 0,
                                "ctime": 1777904105.149115,
                                "mtime": 1777904105.149115,
                                "size": 40
                            },
                            "deserializer": "directory",
                            "file": {}
                        },
                        "findutils": {
                            "stat": {
                                "perm": 16893,
                                "uid": 0,
                                "gid": 0,
                                "ctime": 1777904105.149115,
                                "mtime": 1777904105.149115,
                                "size": 40
                            },
                            "deserializer": "directory",
                            "file": {}
                        },
                        "grep": {
                            "stat": {
                                "perm": 16893,
                                "uid": 0,
                                "gid": 0,
                                "ctime": 1777904105.149115,
                                "mtime": 1777904105.149115,
                                "size": 40
                            },
                            "deserializer": "directory",
                            "file": {}
                        },
                        "libacl1": {
                            "stat": {
                                "perm": 16893,
                                "uid": 0,
                                "gid": 0,
                                "ctime": 1777904105.149115,
                                "mtime": 1777904105.149115,
                                "size": 40
                            },
                            "deserializer": "directory",
                            "file": {}
                        },
                        "libmount1": {
                            "stat": {
                                "perm": 16893,
                                "uid": 0,
                                "gid": 0,
                                "ctime": 1777904105.149115,
                                "mtime": 1777904105.149115,
                                "size": 40
                            },
                            "deserializer": "directory",
                            "file": {}
                        },
                        "libselinux1": {
                            "stat": {
                                "perm": 16893,
                                "uid": 0,
                                "gid": 0,
                                "ctime": 1777904105.149115,