{
    "file": {
        "control": {
            "file": {
                "packages": {
                    "file": {
                        "unity-asset-pool (>> 0.8.24daily13.03.20.1)": {
                            "file": {},
                            "deserializer": "directory",
                            "stat": {
                                "uid": 0,
                                "gid": 0,
                                "ctime": 1424328501.2755423,
                                "perm": 16893,
                                "mtime": 1424328501.2755423,
                                "size": 4096
                            }
                        },
                        "telepathy-gabble": {
                            "file": {},
                            "deserializer": "directory",
                            "stat": {
                                "uid": 0,
                                "gid": 0,
                                "ctime": 1424328501.2755423,
                                "perm": 16893,
                                "mtime": 1424328501.2755423,
                                "size": 4096
                            }
                        },
                        "empathy (= 3.8.6-0ubuntu13)": {
                            "file": {},
                            "deserializer": "directory",
                            "stat": {
                                "uid": 0,
                                "gid": 0,
                                "ctime": 1424328501.2755423,
                                "perm": 16893,
                                "mtime": 1424328501.2755423,
                                "size": 4096
                            }
                        },
                        "mcp-account-manager-uoa": {
                            "file": {},
                            "deserializer": "directory",
                            "stat": {
                                "uid": 0,
                                "gid": 0,
                                "ctime": 1424328501.2755423,
                                "perm": 16893,
                                "mtime": 1424328501.2755423,
                                "size": 4096
                            }
                        }
                    },
                    "deserializer": "directory",
                    "stat": {
                        "uid": 0,
                        "gid": 0,
                        "ctime": 1424328501.2755423,
                        "perm": 16893,
                        "mtime": 1424328501.2755423,
                        "size": 4096
                    }
                }
            },
            "deserializer": "directory",
            "stat": {
                "uid": 0,
                "gid": 0,
                "ctime": 1424328501.2755423,
                "perm": 16893,
                "mtime": 1424328501.2755423,
                "size": 4096
            }
        },
        "usr": {
            "file": {
                "share": {
                    "file": {
                        "doc": {
                            "file": {
                                "account-plugin-jabber": {
                                    "file": {
                                        "README": {
                                            "file": "../empathy/README",
                                            "deserializer": "symlink",
                                            "stat": {
                                                "uid": 0,
                                                "gid": 0,
                                                "ctime": 1424328501.2875423,
                                                "perm": 41471,
                                                "mtime": 1424328501.2875423,
                                                "size": 17
                                            }
                                        },
                                        "AUTHORS": {
                                            "file": "../empathy/AUTHORS",
                                            "deserializer": "symlink",
                                            "stat": {
                                                "uid": 0,
                                                "gid": 0,
                                                "ctime": 1424328501.2875423,
                                                "perm": 41471,
                                                "mtime": 1424328501.2875423,
                                                "size": 18
                                            }
                                        },
                                        "NEWS.gz": {
                                            "file": "../empathy/NEWS.gz",
                                            "deserializer": "symlink",
                                            "stat": {
                                                "uid": 0,
                                                "gid": 0,
                                                "ctime": 1424328501.2875423,
                                                "perm": 41471,
                                                "mtime": 1424328501.2875423,
                                                "size": 18
                                            }
                                        },
                                        "TODO": {
                                            "file": "../empathy/TODO",
                                            "deserializer": "symlink",
                                            "stat": {
                                                "uid": 0,
                                                "gid": 0,
                                                "ctime": 1424328501.2875423,
                                                "perm": 41471,
                                                "mtime": 1424328501.2875423,
                                                "size": 15
                                            }
                                        },
                                        "changelog.Debian.gz": {
                                            "file": "../empathy/changelog.Debian.gz",
                                            "deserializer": "symlink",
                                            "stat": {
                                                "uid": 0,
                                                "gid": 0,
                                                "ctime": 1424328501.2875423,
                                                "perm": 41471,
                                                "mtime": 1424328501.2875423,
                                                "size": 30
                                            }
                                        },
                                        "copyright": {
                                            "file": "http://d1fhml1jgvxldu.cloudfront.net/e4626eebcd930ad125854407fe24017e",
                                            "deserializer": "url",
                                            "stat": {
                                                "uid": 0,
                                                "gid": 0,
                                                "ctime": 1424328501.2875423,
                                                "perm": 33188,
                                                "mtime": 1410834060.0,
                                                "size": 23884
                                            }
                                        }
                                    },
                                    "deserializer": "directory",
                                    "stat": {
                                        "uid": 0,
                                        "gid": 0,