{
    "file": {
        "control": {
            "file": {
                "packages": {
                    "file": {
                        "agda-bin (>= 2.4.0.2-2)": {
                            "file": {},
                            "deserializer": "directory",
                            "stat": {
                                "uid": 0,
                                "gid": 0,
                                "ctime": 1424302053.5641334,
                                "perm": 16893,
                                "mtime": 1424302053.5641334,
                                "size": 4096
                            }
                        },
                        "libghc-agda-dev (<< 2.4.0.2-2.1~)": {
                            "file": {},
                            "deserializer": "directory",
                            "stat": {
                                "uid": 0,
                                "gid": 0,
                                "ctime": 1424302053.5641334,
                                "perm": 16893,
                                "mtime": 1424302053.5641334,
                                "size": 4096
                            }
                        },
                        "agda-bin (<< 2.4.0.2-2.1~)": {
                            "file": {},
                            "deserializer": "directory",
                            "stat": {
                                "uid": 0,
                                "gid": 0,
                                "ctime": 1424302053.5641334,
                                "perm": 16893,
                                "mtime": 1424302053.5641334,
                                "size": 4096
                            }
                        },
                        "libghc-agda-dev (>= 2.4.0.2-2)": {
                            "file": {},
                            "deserializer": "directory",
                            "stat": {
                                "uid": 0,
                                "gid": 0,
                                "ctime": 1424302053.5641334,
                                "perm": 16893,
                                "mtime": 1424302053.5641334,
                                "size": 4096
                            }
                        },
                        "emacs | emacsen": {
                            "file": {},
                            "deserializer": "directory",
                            "stat": {
                                "uid": 0,
                                "gid": 0,
                                "ctime": 1424302053.5641334,
                                "perm": 16893,
                                "mtime": 1424302053.5641334,
                                "size": 4096
                            }
                        }
                    },
                    "deserializer": "directory",
                    "stat": {
                        "uid": 0,
                        "gid": 0,
                        "ctime": 1424302053.5641334,
                        "perm": 16893,
                        "mtime": 1424302053.5641334,
                        "size": 4096
                    }
                }
            },
            "deserializer": "directory",
            "stat": {
                "uid": 0,
                "gid": 0,
                "ctime": 1424302053.5641334,
                "perm": 16893,
                "mtime": 1424302053.5641334,
                "size": 4096
            }
        },
        "usr": {
            "file": {
                "share": {
                    "file": {
                        "doc": {
                            "file": {
                                "agda-mode": {
                                    "file": {
                                        "README.gz": {
                                            "file": "http://d1fhml1jgvxldu.cloudfront.net/167c13ecf0d84e3271569141bbc88197",
                                            "deserializer": "url",
                                            "stat": {
                                                "uid": 0,
                                                "gid": 0,
                                                "ctime": 1424302053.5921335,
                                                "perm": 33188,
                                                "mtime": 1406659301.0,
                                                "size": 3716
                                            }
                                        },
                                        "changelog.Debian.gz": {
                                            "file": "http://d1fhml1jgvxldu.cloudfront.net/a8a3fa4d022e1878111d72a1e500725e",
                                            "deserializer": "url",
                                            "stat": {
                                                "uid": 0,
                                                "gid": 0,
                                                "ctime": 1424302053.5921335,
                                                "perm": 33188,
                                                "mtime": 1407775337.0,
                                                "size": 1379
                                            }
                                        },
                                        "copyright": {
                                            "file": "http://d1fhml1jgvxldu.cloudfront.net/615309382100967aa5f08ddcd8cf8aa9",
                                            "deserializer": "url",
                                            "stat": {
                                                "uid": 0,
                                                "gid": 0,
                                                "ctime": 1424302053.5921335,
                                                "perm": 33188,
                                                "mtime": 1407708159.0,
                                                "size": 3421
                                            }
                                        }
                                    },
                                    "deserializer": "directory",
                                    "stat": {
                                        "uid": 0,
                                        "gid": 0,
                                        "ctime": 1424302053.5961335,
                                        "perm": 16877,
                                        "mtime": 1407775336.0,
                                        "size": 4096
                                    }
                                }
                            },
                            "deserializer": "directory",
                            "stat": {
                                "uid": 0,
                                "gid": 0,
                                "ctime": 1424302053.5961335,
                                "perm": 16877,
                                "mtime": 1407775313.0,
                                "size": 4096
                            }
                        },
                        "emacs": {
                            "file": {
                                "site-lisp": {
                                    "file": {
                                        "agda": {
                                            "file": {
                                                "annotation.el": {
                                                    "file": "http://d1fhml1jgvxldu.cloudfront.net/169fa83f16cb8498407b6e6dd35edc94",
                                                    "deserializer": "url",
                                                    "stat": {
                                                        "uid": 0,
                                                        "gid": 0,