{
    "file": {
        "control": {
            "file": {
                "packages": {
                    "file": {
                        "libqt5dbus5 (>= 5.0.2)": {
                            "file": {},
                            "deserializer": "directory",
                            "stat": {
                                "uid": 0,
                                "gid": 0,
                                "ctime": 1424307195.9899077,
                                "perm": 16893,
                                "mtime": 1424307195.9899077,
                                "size": 4096
                            }
                        },
                        "libc6 (>= 2.14)": {
                            "file": {},
                            "deserializer": "directory",
                            "stat": {
                                "uid": 0,
                                "gid": 0,
                                "ctime": 1424307195.9899077,
                                "perm": 16893,
                                "mtime": 1424307195.9899077,
                                "size": 4096
                            }
                        },
                        "libdbusmenu-qt5": {
                            "file": {},
                            "deserializer": "directory",
                            "stat": {
                                "uid": 0,
                                "gid": 0,
                                "ctime": 1424307195.9899077,
                                "perm": 16893,
                                "mtime": 1424307195.9899077,
                                "size": 4096
                            }
                        },
                        "libglib2.0-0 (>= 2.12.0)": {
                            "file": {},
                            "deserializer": "directory",
                            "stat": {
                                "uid": 0,
                                "gid": 0,
                                "ctime": 1424307195.9899077,
                                "perm": 16893,
                                "mtime": 1424307195.9899077,
                                "size": 4096
                            }
                        },
                        "libstdc++6 (>= 4.1.1)": {
                            "file": {},
                            "deserializer": "directory",
                            "stat": {
                                "uid": 0,
                                "gid": 0,
                                "ctime": 1424307195.9899077,
                                "perm": 16893,
                                "mtime": 1424307195.9899077,
                                "size": 4096
                            }
                        },
                        "libqt5gui5 (>= 5.3.0) | libqt5gui5-gles (>= 5.3.0)": {
                            "file": {},
                            "deserializer": "directory",
                            "stat": {
                                "uid": 0,
                                "gid": 0,
                                "ctime": 1424307195.9899077,
                                "perm": 16893,
                                "mtime": 1424307195.9899077,
                                "size": 4096
                            }
                        },
                        "qtbase-abi-5-3-0": {
                            "file": {},
                            "deserializer": "directory",
                            "stat": {
                                "uid": 0,
                                "gid": 0,
                                "ctime": 1424307195.9899077,
                                "perm": 16893,
                                "mtime": 1424307195.9899077,
                                "size": 4096
                            }
                        },
                        "libgtk2.0-0 (>= 2.8.0)": {
                            "file": {},
                            "deserializer": "directory",
                            "stat": {
                                "uid": 0,
                                "gid": 0,
                                "ctime": 1424307195.9899077,
                                "perm": 16893,
                                "mtime": 1424307195.9899077,
                                "size": 4096
                            }
                        },
                        "libqt5widgets5 (>= 5.0.2)": {
                            "file": {},
                            "deserializer": "directory",
                            "stat": {
                                "uid": 0,
                                "gid": 0,
                                "ctime": 1424307195.9899077,
                                "perm": 16893,
                                "mtime": 1424307195.9899077,
                                "size": 4096
                            }
                        },
                        "libx11-6": {
                            "file": {},
                            "deserializer": "directory",
                            "stat": {
                                "uid": 0,
                                "gid": 0,
                                "ctime": 1424307195.9899077,
                                "perm": 16893,
                                "mtime": 1424307195.9899077,
                                "size": 4096
                            }
                        },
                        "libgcc1 (>= 1:4.1.1)": {
                            "file": {},
                            "deserializer": "directory",
                            "stat": {
                                "uid": 0,
                                "gid": 0,
                                "ctime": 1424307195.9899077,
                                "perm": 16893,
                                "mtime": 1424307195.9899077,
                                "size": 4096
                            }
                        },
                        "libqt5core5a (>= 5.3.0)": {
                            "file": {},
                            "deserializer": "directory",
                            "stat": {
                                "uid": 0,
                                "gid": 0,
                                "ctime": 1424307195.9899077,
                                "perm": 16893,
                                "mtime": 1424307195.9899077,
                                "size": 4096
                            }
                        }
                    },
                    "deserializer": "directory",
                    "stat": {
                        "uid": 0,
                        "gid": 0,
                        "ctime": 1424307195.9899077,
                        "perm": 16893,
                        "mtime": 1424307195.9899077,
                        "size": 4096
                    }
                }
            },
            "deserializer": "directory",
            "stat": {
                "uid": 0,
                "gid": 0,
                "ctime": 1424307195.9899077,
                "perm": 16893,
                "mtime": 1424307195.9899077,
                "size": 4096
            }
        },
        "usr": {
            "file": {
                "share": {
                    "file": {
                        "doc": {
                            "file": {
                                "appmenu-qt5": {
                                    "file": {
                                        "README": {
                                            "file": "http://d1fhml1jgvxldu.cloudfront.net/a0ddf37e27de8bfe123e88c0bd17fe03",
                                            "deserializer": "url",
                                            "stat": {
                                                "uid": 0,
                                                "gid": 0,