{
    "file": {
        "control": {
            "file": {
                "packages": {
                    "file": {
                        "libqt4-dbus (>= 4:4.8)": {
                            "file": {},
                            "deserializer": "directory",
                            "stat": {
                                "uid": 0,
                                "gid": 0,
                                "ctime": 1424315367.5724413,
                                "perm": 16893,
                                "mtime": 1424315367.5724413,
                                "size": 4096
                            }
                        },
                        "libc6 (>= 2.14)": {
                            "file": {},
                            "deserializer": "directory",
                            "stat": {
                                "uid": 0,
                                "gid": 0,
                                "ctime": 1424315367.5724413,
                                "perm": 16893,
                                "mtime": 1424315367.5724413,
                                "size": 4096
                            }
                        },
                        "libqtgui4 (>= 4:4.8)": {
                            "file": {},
                            "deserializer": "directory",
                            "stat": {
                                "uid": 0,
                                "gid": 0,
                                "ctime": 1424315367.5724413,
                                "perm": 16893,
                                "mtime": 1424315367.5724413,
                                "size": 4096
                            }
                        },
                        "libdbusmenu-qt2": {
                            "file": {},
                            "deserializer": "directory",
                            "stat": {
                                "uid": 0,
                                "gid": 0,
                                "ctime": 1424315367.5724413,
                                "perm": 16893,
                                "mtime": 1424315367.5724413,
                                "size": 4096
                            }
                        },
                        "libqtcore4 (>= 4:4.8)": {
                            "file": {},
                            "deserializer": "directory",
                            "stat": {
                                "uid": 0,
                                "gid": 0,
                                "ctime": 1424315367.5724413,
                                "perm": 16893,
                                "mtime": 1424315367.5724413,
                                "size": 4096
                            }
                        },
                        "libgcc1 (>= 1:4.1.1)": {
                            "file": {},
                            "deserializer": "directory",
                            "stat": {
                                "uid": 0,
                                "gid": 0,
                                "ctime": 1424315367.5724413,
                                "perm": 16893,
                                "mtime": 1424315367.5724413,
                                "size": 4096
                            }
                        },
                        "libstdc++6 (>= 4.1.1)": {
                            "file": {},
                            "deserializer": "directory",
                            "stat": {
                                "uid": 0,
                                "gid": 0,
                                "ctime": 1424315367.5724413,
                                "perm": 16893,
                                "mtime": 1424315367.5724413,
                                "size": 4096
                            }
                        }
                    },
                    "deserializer": "directory",
                    "stat": {
                        "uid": 0,
                        "gid": 0,
                        "ctime": 1424315367.5724413,
                        "perm": 16893,
                        "mtime": 1424315367.5724413,
                        "size": 4096
                    }
                }
            },
            "deserializer": "directory",
            "stat": {
                "uid": 0,
                "gid": 0,
                "ctime": 1424315367.5724413,
                "perm": 16893,
                "mtime": 1424315367.5724413,
                "size": 4096
            }
        },
        "usr": {
            "file": {
                "share": {
                    "file": {
                        "doc": {
                            "file": {
                                "appmenu-qt": {
                                    "file": {
                                        "README": {
                                            "file": "http://d1fhml1jgvxldu.cloudfront.net/cb238baf4ea9c4474ba03c128150de71",
                                            "deserializer": "url",
                                            "stat": {
                                                "uid": 0,
                                                "gid": 0,
                                                "ctime": 1424315367.5844414,
                                                "perm": 33188,
                                                "mtime": 1394025026.0,
                                                "size": 506
                                            }
                                        },
                                        "changelog.Debian.gz": {
                                            "file": "http://d1fhml1jgvxldu.cloudfront.net/081fd742761df508486007463dd44330",
                                            "deserializer": "url",
                                            "stat": {
                                                "uid": 0,
                                                "gid": 0,
                                                "ctime": 1424315367.5844414,
                                                "perm": 33188,
                                                "mtime": 1410256527.0,
                                                "size": 1174
                                            }
                                        },
                                        "copyright": {
                                            "file": "http://d1fhml1jgvxldu.cloudfront.net/ab55a80ca2dae98c61c183bc8e3bfa8d",
                                            "deserializer": "url",
                                            "stat": {
                                                "uid": 0,
                                                "gid": 0,
                                                "ctime": 1424315367.5844414,
                                                "perm": 33188,
                                                "mtime": 1410256527.0,
                                                "size": 2818
                                            }
                                        }
                                    },
                                    "deserializer": "directory",
                                    "stat": {
                                        "uid": 0,
                                        "gid": 0,
                                        "ctime": 1424315367.5884416,
                                        "perm": 16877,
                                        "mtime": 1410256541.0,
                                        "size": 4096
                                    }
                                }
                            },
                            "deserializer": "directory",
                            "stat": {
                                "uid": 0,
                                "gid": 0,