{
    "file": {
        "control": {
            "file": {
                "packages": {
                    "file": {
                        "python3": {
                            "file": {},
                            "deserializer": "directory",
                            "stat": {
                                "uid": 0,
                                "gid": 0,
                                "ctime": 1424303778.2343366,
                                "perm": 16893,
                                "mtime": 1424303778.2343366,
                                "size": 4096
                            }
                        },
                        "x-terminal-emulator": {
                            "file": {},
                            "deserializer": "directory",
                            "stat": {
                                "uid": 0,
                                "gid": 0,
                                "ctime": 1424303778.2383366,
                                "perm": 16893,
                                "mtime": 1424303778.2383366,
                                "size": 4096
                            }
                        },
                        "procps": {
                            "file": {},
                            "deserializer": "directory",
                            "stat": {
                                "uid": 0,
                                "gid": 0,
                                "ctime": 1424303778.2383366,
                                "perm": 16893,
                                "mtime": 1424303778.2383366,
                                "size": 4096
                            }
                        },
                        "python3-gi": {
                            "file": {},
                            "deserializer": "directory",
                            "stat": {
                                "uid": 0,
                                "gid": 0,
                                "ctime": 1424303778.2383366,
                                "perm": 16893,
                                "mtime": 1424303778.2383366,
                                "size": 4096
                            }
                        },
                        "gir1.2-gtk-3.0 (>= 3.1.90)": {
                            "file": {},
                            "deserializer": "directory",
                            "stat": {
                                "uid": 0,
                                "gid": 0,
                                "ctime": 1424303778.2343366,
                                "perm": 16893,
                                "mtime": 1424303778.2343366,
                                "size": 4096
                            }
                        },
                        "apport (>= 0.41)": {
                            "file": {},
                            "deserializer": "directory",
                            "stat": {
                                "uid": 0,
                                "gid": 0,
                                "ctime": 1424303778.2383366,
                                "perm": 16893,
                                "mtime": 1424303778.2383366,
                                "size": 4096
                            }
                        },
                        "gir1.2-wnck-3.0": {
                            "file": {},
                            "deserializer": "directory",
                            "stat": {
                                "uid": 0,
                                "gid": 0,
                                "ctime": 1424303778.2383366,
                                "perm": 16893,
                                "mtime": 1424303778.2383366,
                                "size": 4096
                            }
                        },
                        "python3-apport (>= 2.14.7-0ubuntu8.1)": {
                            "file": {},
                            "deserializer": "directory",
                            "stat": {
                                "uid": 0,
                                "gid": 0,
                                "ctime": 1424303778.2343366,
                                "perm": 16893,
                                "mtime": 1424303778.2343366,
                                "size": 4096
                            }
                        }
                    },
                    "deserializer": "directory",
                    "stat": {
                        "uid": 0,
                        "gid": 0,
                        "ctime": 1424303778.2383366,
                        "perm": 16893,
                        "mtime": 1424303778.2383366,
                        "size": 4096
                    }
                }
            },
            "deserializer": "directory",
            "stat": {
                "uid": 0,
                "gid": 0,
                "ctime": 1424303778.2343366,
                "perm": 16893,
                "mtime": 1424303778.2343366,
                "size": 4096
            }
        },
        "usr": {
            "file": {
                "share": {
                    "file": {
                        "doc": {
                            "file": {
                                "apport-gtk": {
                                    "file": {
                                        "changelog.Debian.gz": {
                                            "file": "../python3-problem-report/changelog.Debian.gz",
                                            "deserializer": "symlink",
                                            "stat": {
                                                "uid": 0,
                                                "gid": 0,
                                                "ctime": 1424303778.2463367,
                                                "perm": 41471,
                                                "mtime": 1424303778.2463367,
                                                "size": 45
                                            }
                                        },
                                        "copyright": {
                                            "file": "http://d1fhml1jgvxldu.cloudfront.net/b904b3596c724d5e2fb986f7bb0436ee",
                                            "deserializer": "url",
                                            "stat": {
                                                "uid": 0,
                                                "gid": 0,
                                                "ctime": 1424303778.2463367,
                                                "perm": 33188,
                                                "mtime": 1420746366.0,
                                                "size": 625
                                            }
                                        }
                                    },
                                    "deserializer": "directory",
                                    "stat": {
                                        "uid": 0,
                                        "gid": 0,
                                        "ctime": 1424303778.2463367,
                                        "perm": 16877,
                                        "mtime": 1420746491.0,
                                        "size": 4096
                                    }
                                }
                            },
                            "deserializer": "directory",
                            "stat": {
                                "uid": 0,
                                "gid": 0,
                                "ctime": 1424303778.2463367,
                                "perm": 16877,
                                "mtime": 1420746454.0,
                                "size": 4096
                            }
                        },