{
    "file": {
        "control": {
            "file": {
                "packages": {
                    "file": {
                        "libapt-pkg4.12 (>= 1.0.9.2ubuntu2)": {
                            "file": {},
                            "deserializer": "directory",
                            "stat": {
                                "uid": 0,
                                "gid": 0,
                                "ctime": 1424329416.2956707,
                                "perm": 16893,
                                "mtime": 1424329416.2956707,
                                "size": 4096
                            }
                        },
                        "libc6 (>= 2.14)": {
                            "file": {},
                            "deserializer": "directory",
                            "stat": {
                                "uid": 0,
                                "gid": 0,
                                "ctime": 1424329416.2956707,
                                "perm": 16893,
                                "mtime": 1424329416.2956707,
                                "size": 4096
                            }
                        },
                        "libgcc1 (>= 1:4.1.1)": {
                            "file": {},
                            "deserializer": "directory",
                            "stat": {
                                "uid": 0,
                                "gid": 0,
                                "ctime": 1424329416.2956707,
                                "perm": 16893,
                                "mtime": 1424329416.2956707,
                                "size": 4096
                            }
                        },
                        "libcurl3-gnutls (>= 7.16.2)": {
                            "file": {},
                            "deserializer": "directory",
                            "stat": {
                                "uid": 0,
                                "gid": 0,
                                "ctime": 1424329416.2956707,
                                "perm": 16893,
                                "mtime": 1424329416.2956707,
                                "size": 4096
                            }
                        },
                        "libstdc++6 (>= 4.9)": {
                            "file": {},
                            "deserializer": "directory",
                            "stat": {
                                "uid": 0,
                                "gid": 0,
                                "ctime": 1424329416.2956707,
                                "perm": 16893,
                                "mtime": 1424329416.2956707,
                                "size": 4096
                            }
                        }
                    },
                    "deserializer": "directory",
                    "stat": {
                        "uid": 0,
                        "gid": 0,
                        "ctime": 1424329416.2956707,
                        "perm": 16893,
                        "mtime": 1424329416.2956707,
                        "size": 4096
                    }
                }
            },
            "deserializer": "directory",
            "stat": {
                "uid": 0,
                "gid": 0,
                "ctime": 1424329416.2956707,
                "perm": 16893,
                "mtime": 1424329416.2956707,
                "size": 4096
            }
        },
        "usr": {
            "file": {
                "share": {
                    "file": {
                        "doc": {
                            "file": {
                                "apt-transport-https": {
                                    "file": {
                                        "apt-transport-https.README": {
                                            "file": "http://d1fhml1jgvxldu.cloudfront.net/36989cdb9cd1a7c00d0e0896d8a54fda",
                                            "deserializer": "url",
                                            "stat": {
                                                "uid": 0,
                                                "gid": 0,
                                                "ctime": 1424329416.3076708,
                                                "perm": 33188,
                                                "mtime": 1413537982.0,
                                                "size": 95
                                            }
                                        },
                                        "changelog.gz": {
                                            "file": "../libapt-pkg4.12/changelog.gz",
                                            "deserializer": "symlink",
                                            "stat": {
                                                "uid": 0,
                                                "gid": 0,
                                                "ctime": 1424329416.3116708,
                                                "perm": 41471,
                                                "mtime": 1424329416.3116708,
                                                "size": 30
                                            }
                                        },
                                        "NEWS.Debian.gz": {
                                            "file": "../libapt-pkg4.12/NEWS.Debian.gz",
                                            "deserializer": "symlink",
                                            "stat": {
                                                "uid": 0,
                                                "gid": 0,
                                                "ctime": 1424329416.3116708,
                                                "perm": 41471,
                                                "mtime": 1424329416.3116708,
                                                "size": 32
                                            }
                                        },
                                        "copyright": {
                                            "file": "http://d1fhml1jgvxldu.cloudfront.net/fa9fc3fde34b734ee15aecd2066df5b1",
                                            "deserializer": "url",
                                            "stat": {
                                                "uid": 0,
                                                "gid": 0,
                                                "ctime": 1424329416.3076708,
                                                "perm": 33188,
                                                "mtime": 1413538726.0,
                                                "size": 1030
                                            }
                                        }
                                    },
                                    "deserializer": "directory",
                                    "stat": {
                                        "uid": 0,
                                        "gid": 0,
                                        "ctime": 1424329416.3116708,
                                        "perm": 16877,
                                        "mtime": 1413538907.0,
                                        "size": 4096
                                    }
                                }
                            },
                            "deserializer": "directory",
                            "stat": {
                                "uid": 0,
                                "gid": 0,
                                "ctime": 1424329416.3116708,
                                "perm": 16877,
                                "mtime": 1413538901.0,
                                "size": 4096
                            }
                        }
                    },
                    "deserializer": "directory",