{
    "file": {
        "control": {
            "file": {
                "packages": {
                    "file": {
                        "libc6 (>= 2.14)": {
                            "file": {},
                            "deserializer": "directory",
                            "stat": {
                                "uid": 0,
                                "gid": 0,
                                "ctime": 1424327421.9567487,
                                "perm": 16893,
                                "mtime": 1424327421.9567487,
                                "size": 4096
                            }
                        },
                        "libdaemon0 (>= 0.10)": {
                            "file": {},
                            "deserializer": "directory",
                            "stat": {
                                "uid": 0,
                                "gid": 0,
                                "ctime": 1424327421.9567487,
                                "perm": 16893,
                                "mtime": 1424327421.9567487,
                                "size": 4096
                            }
                        },
                        "adduser": {
                            "file": {},
                            "deserializer": "directory",
                            "stat": {
                                "uid": 0,
                                "gid": 0,
                                "ctime": 1424327421.9567487,
                                "perm": 16893,
                                "mtime": 1424327421.9567487,
                                "size": 4096
                            }
                        }
                    },
                    "deserializer": "directory",
                    "stat": {
                        "uid": 0,
                        "gid": 0,
                        "ctime": 1424327421.9567487,
                        "perm": 16893,
                        "mtime": 1424327421.9567487,
                        "size": 4096
                    }
                }
            },
            "deserializer": "directory",
            "stat": {
                "uid": 0,
                "gid": 0,
                "ctime": 1424327421.9567487,
                "perm": 16893,
                "mtime": 1424327421.9567487,
                "size": 4096
            }
        },
        "usr": {
            "file": {
                "share": {
                    "file": {
                        "doc": {
                            "file": {
                                "avahi-autoipd": {
                                    "file": {
                                        "README": {
                                            "file": "http://d1fhml1jgvxldu.cloudfront.net/359847954ee1f4e9970c4afd10ce796b",
                                            "deserializer": "url",
                                            "stat": {
                                                "uid": 0,
                                                "gid": 0,
                                                "ctime": 1424327421.984749,
                                                "perm": 33188,
                                                "mtime": 1282783899.0,
                                                "size": 1518
                                            }
                                        },
                                        "NEWS.gz": {
                                            "file": "http://d1fhml1jgvxldu.cloudfront.net/95dff79be9f47a657c847893915227d3",
                                            "deserializer": "url",
                                            "stat": {
                                                "uid": 0,
                                                "gid": 0,
                                                "ctime": 1424327421.984749,
                                                "perm": 33188,
                                                "mtime": 1329257025.0,
                                                "size": 10669
                                            }
                                        },
                                        "changelog.Debian.gz": {
                                            "file": "http://d1fhml1jgvxldu.cloudfront.net/32cee919c39e7acc9482d41983febdda",
                                            "deserializer": "url",
                                            "stat": {
                                                "uid": 0,
                                                "gid": 0,
                                                "ctime": 1424327421.984749,
                                                "perm": 33188,
                                                "mtime": 1406899290.0,
                                                "size": 2234
                                            }
                                        },
                                        "copyright": {
                                            "file": "http://d1fhml1jgvxldu.cloudfront.net/026515c317e1591092392844df5f1ee0",
                                            "deserializer": "url",
                                            "stat": {
                                                "uid": 0,
                                                "gid": 0,
                                                "ctime": 1424327421.984749,
                                                "perm": 33188,
                                                "mtime": 1388406235.0,
                                                "size": 5440
                                            }
                                        }
                                    },
                                    "deserializer": "directory",
                                    "stat": {
                                        "uid": 0,
                                        "gid": 0,
                                        "ctime": 1424327421.988749,
                                        "perm": 16877,
                                        "mtime": 1406899248.0,
                                        "size": 4096
                                    }
                                }
                            },
                            "deserializer": "directory",
                            "stat": {
                                "uid": 0,
                                "gid": 0,
                                "ctime": 1424327421.988749,
                                "perm": 16877,
                                "mtime": 1406899245.0,
                                "size": 4096
                            }
                        },
                        "man": {
                            "file": {
                                "man8": {
                                    "file": {
                                        "avahi-autoipd.8.gz": {
                                            "file": "http://d1fhml1jgvxldu.cloudfront.net/8e283a086f098a1f74a15944dfba153a",
                                            "deserializer": "url",
                                            "stat": {
                                                "uid": 0,
                                                "gid": 0,
                                                "ctime": 1424327421.980749,
                                                "perm": 33188,
                                                "mtime": 1406899246.0,
                                                "size": 1531
                                            }
                                        },
                                        "avahi-autoipd.action.8.gz": {
                                            "file": "http://d1fhml1jgvxldu.cloudfront.net/1e1d97b43d341812a9c6756010dc386a",