{
    "file": {
        "control": {
            "file": {
                "packages": {
                    "file": {
                        "libwnck-3-0 (>= 3.4.7)": {
                            "file": {},
                            "deserializer": "directory",
                            "stat": {
                                "uid": 0,
                                "gid": 0,
                                "ctime": 1424330357.9561298,
                                "perm": 16893,
                                "mtime": 1424330357.9561298,
                                "size": 4096
                            }
                        },
                        "libgtop2-10 (>= 2.22.3)": {
                            "file": {},
                            "deserializer": "directory",
                            "stat": {
                                "uid": 0,
                                "gid": 0,
                                "ctime": 1424330357.9561298,
                                "perm": 16893,
                                "mtime": 1424330357.9561298,
                                "size": 4096
                            }
                        },
                        "libglib2.0-0 (>= 2.37.3)": {
                            "file": {},
                            "deserializer": "directory",
                            "stat": {
                                "uid": 0,
                                "gid": 0,
                                "ctime": 1424330357.9561298,
                                "perm": 16893,
                                "mtime": 1424330357.9561298,
                                "size": 4096
                            }
                        },
                        "libgtk-3-0 (>= 3.0.0)": {
                            "file": {},
                            "deserializer": "directory",
                            "stat": {
                                "uid": 0,
                                "gid": 0,
                                "ctime": 1424330357.9561298,
                                "perm": 16893,
                                "mtime": 1424330357.9561298,
                                "size": 4096
                            }
                        },
                        "libbamf3-2 (= 0.5.1+14.10.20140925-0ubuntu1)": {
                            "file": {},
                            "deserializer": "directory",
                            "stat": {
                                "uid": 0,
                                "gid": 0,
                                "ctime": 1424330357.9561298,
                                "perm": 16893,
                                "mtime": 1424330357.9561298,
                                "size": 4096
                            }
                        },
                        "libgdk-pixbuf2.0-0 (>= 2.22.0)": {
                            "file": {},
                            "deserializer": "directory",
                            "stat": {
                                "uid": 0,
                                "gid": 0,
                                "ctime": 1424330357.9561298,
                                "perm": 16893,
                                "mtime": 1424330357.9561298,
                                "size": 4096
                            }
                        },
                        "libx11-6": {
                            "file": {},
                            "deserializer": "directory",
                            "stat": {
                                "uid": 0,
                                "gid": 0,
                                "ctime": 1424330357.9561298,
                                "perm": 16893,
                                "mtime": 1424330357.9561298,
                                "size": 4096
                            }
                        },
                        "libc6 (>= 2.4)": {
                            "file": {},
                            "deserializer": "directory",
                            "stat": {
                                "uid": 0,
                                "gid": 0,
                                "ctime": 1424330357.9561298,
                                "perm": 16893,
                                "mtime": 1424330357.9561298,
                                "size": 4096
                            }
                        }
                    },
                    "deserializer": "directory",
                    "stat": {
                        "uid": 0,
                        "gid": 0,
                        "ctime": 1424330357.9561298,
                        "perm": 16893,
                        "mtime": 1424330357.9561298,
                        "size": 4096
                    }
                }
            },
            "deserializer": "directory",
            "stat": {
                "uid": 0,
                "gid": 0,
                "ctime": 1424330357.9561298,
                "perm": 16893,
                "mtime": 1424330357.9561298,
                "size": 4096
            }
        },
        "usr": {
            "file": {
                "share": {
                    "file": {
                        "doc": {
                            "file": {
                                "bamfdaemon": {
                                    "file": {
                                        "changelog.Debian.gz": {
                                            "file": "../libbamf3-2/changelog.Debian.gz",
                                            "deserializer": "symlink",
                                            "stat": {
                                                "uid": 0,
                                                "gid": 0,
                                                "ctime": 1424330357.9881299,
                                                "perm": 41471,
                                                "mtime": 1424330357.9881299,
                                                "size": 33
                                            }
                                        },
                                        "copyright": {
                                            "file": "http://d1fhml1jgvxldu.cloudfront.net/f5575c8db849a05b3d4cf7336c7db8c2",
                                            "deserializer": "url",
                                            "stat": {
                                                "uid": 0,
                                                "gid": 0,
                                                "ctime": 1424330357.98413,
                                                "perm": 33188,
                                                "mtime": 1411657403.0,
                                                "size": 1790
                                            }
                                        }
                                    },
                                    "deserializer": "directory",
                                    "stat": {
                                        "uid": 0,
                                        "gid": 0,
                                        "ctime": 1424330357.9881299,
                                        "perm": 16877,
                                        "mtime": 1411657458.0,
                                        "size": 4096
                                    }
                                }
                            },
                            "deserializer": "directory",
                            "stat": {
                                "uid": 0,
                                "gid": 0,
                                "ctime": 1424330357.9881299,
                                "perm": 16877,
                                "mtime": 1411657448.0,
                                "size": 4096
                            }
                        },