{
    "file": {
        "control": {
            "file": {
                "packages": {
                    "file": {
                        "bluez": {
                            "file": {},
                            "deserializer": "directory",
                            "stat": {
                                "uid": 0,
                                "gid": 0,
                                "ctime": 1424317918.0987072,
                                "perm": 16893,
                                "mtime": 1424317918.0987072,
                                "size": 4096
                            }
                        },
                        "libasound2 (>= 1.0.16)": {
                            "file": {},
                            "deserializer": "directory",
                            "stat": {
                                "uid": 0,
                                "gid": 0,
                                "ctime": 1424317918.0987072,
                                "perm": 16893,
                                "mtime": 1424317918.0987072,
                                "size": 4096
                            }
                        },
                        "libc6 (>= 2.15)": {
                            "file": {},
                            "deserializer": "directory",
                            "stat": {
                                "uid": 0,
                                "gid": 0,
                                "ctime": 1424317918.0987072,
                                "perm": 16893,
                                "mtime": 1424317918.0987072,
                                "size": 4096
                            }
                        }
                    },
                    "deserializer": "directory",
                    "stat": {
                        "uid": 0,
                        "gid": 0,
                        "ctime": 1424317918.0987072,
                        "perm": 16893,
                        "mtime": 1424317918.0987072,
                        "size": 4096
                    }
                }
            },
            "deserializer": "directory",
            "stat": {
                "uid": 0,
                "gid": 0,
                "ctime": 1424317918.0987072,
                "perm": 16893,
                "mtime": 1424317918.0987072,
                "size": 4096
            }
        },
        "usr": {
            "file": {
                "share": {
                    "file": {
                        "alsa": {
                            "file": {
                                "alsa.conf.d": {
                                    "file": {
                                        "bluetooth.conf": {
                                            "file": "http://d1fhml1jgvxldu.cloudfront.net/e70878f558e3f5cba774d4ad007183fa",
                                            "deserializer": "url",
                                            "stat": {
                                                "uid": 0,
                                                "gid": 0,
                                                "ctime": 1424317918.1307075,
                                                "perm": 33188,
                                                "mtime": 1241392869.0,
                                                "size": 523
                                            }
                                        }
                                    },
                                    "deserializer": "directory",
                                    "stat": {
                                        "uid": 0,
                                        "gid": 0,
                                        "ctime": 1424317918.1347075,
                                        "perm": 16877,
                                        "mtime": 1412825677.0,
                                        "size": 4096
                                    }
                                }
                            },
                            "deserializer": "directory",
                            "stat": {
                                "uid": 0,
                                "gid": 0,
                                "ctime": 1424317918.1347075,
                                "perm": 16877,
                                "mtime": 1412825677.0,
                                "size": 4096
                            }
                        },
                        "doc": {
                            "file": {
                                "bluez-alsa": {
                                    "file": {
                                        "NEWS.Debian.gz": {
                                            "file": "../bluez/NEWS.Debian.gz",
                                            "deserializer": "symlink",
                                            "stat": {
                                                "uid": 0,
                                                "gid": 0,
                                                "ctime": 1424317918.1307075,
                                                "perm": 41471,
                                                "mtime": 1424317918.1307075,
                                                "size": 23
                                            }
                                        },
                                        "README": {
                                            "file": "../bluez/README",
                                            "deserializer": "symlink",
                                            "stat": {
                                                "uid": 0,
                                                "gid": 0,
                                                "ctime": 1424317918.1307075,
                                                "perm": 41471,
                                                "mtime": 1424317918.1307075,
                                                "size": 15
                                            }
                                        },
                                        "AUTHORS": {
                                            "file": "../bluez/AUTHORS",
                                            "deserializer": "symlink",
                                            "stat": {
                                                "uid": 0,
                                                "gid": 0,
                                                "ctime": 1424317918.1347075,
                                                "perm": 41471,
                                                "mtime": 1424317918.1347075,
                                                "size": 16
                                            }
                                        },
                                        "TODO.gz": {
                                            "file": "../bluez/TODO.gz",
                                            "deserializer": "symlink",
                                            "stat": {
                                                "uid": 0,
                                                "gid": 0,
                                                "ctime": 1424317918.1307075,
                                                "perm": 41471,
                                                "mtime": 1424317918.1307075,
                                                "size": 16
                                            }
                                        },
                                        "changelog.Debian.gz": {
                                            "file": "../bluez/changelog.Debian.gz",
                                            "deserializer": "symlink",
                                            "stat": {
                                                "uid": 0,
                                                "gid": 0,