{
    "file": {
        "control": {
            "file": {
                "packages": {
                    "file": {
                        "cups": {
                            "file": {},
                            "deserializer": "directory",
                            "stat": {
                                "uid": 0,
                                "gid": 0,
                                "ctime": 1424328406.4071355,
                                "perm": 16893,
                                "mtime": 1424328406.4071355,
                                "size": 4096
                            }
                        },
                        "libglib2.0-0 (>= 2.28)": {
                            "file": {},
                            "deserializer": "directory",
                            "stat": {
                                "uid": 0,
                                "gid": 0,
                                "ctime": 1424328406.4071355,
                                "perm": 16893,
                                "mtime": 1424328406.4071355,
                                "size": 4096
                            }
                        },
                        "libdbus-1-3 (>= 1.1.1)": {
                            "file": {},
                            "deserializer": "directory",
                            "stat": {
                                "uid": 0,
                                "gid": 0,
                                "ctime": 1424328406.4071355,
                                "perm": 16893,
                                "mtime": 1424328406.4071355,
                                "size": 4096
                            }
                        },
                        "libc6 (>= 2.15)": {
                            "file": {},
                            "deserializer": "directory",
                            "stat": {
                                "uid": 0,
                                "gid": 0,
                                "ctime": 1424328406.4071355,
                                "perm": 16893,
                                "mtime": 1424328406.4071355,
                                "size": 4096
                            }
                        }
                    },
                    "deserializer": "directory",
                    "stat": {
                        "uid": 0,
                        "gid": 0,
                        "ctime": 1424328406.4071355,
                        "perm": 16893,
                        "mtime": 1424328406.4071355,
                        "size": 4096
                    }
                }
            },
            "deserializer": "directory",
            "stat": {
                "uid": 0,
                "gid": 0,
                "ctime": 1424328406.4071355,
                "perm": 16893,
                "mtime": 1424328406.4071355,
                "size": 4096
            }
        },
        "usr": {
            "file": {
                "share": {
                    "file": {
                        "doc": {
                            "file": {
                                "bluez-cups": {
                                    "file": {
                                        "NEWS.Debian.gz": {
                                            "file": "http://d1fhml1jgvxldu.cloudfront.net/94026de7346d9e35572635672f7264e6",
                                            "deserializer": "url",
                                            "stat": {
                                                "uid": 0,
                                                "gid": 0,
                                                "ctime": 1424328406.4311357,
                                                "perm": 33188,
                                                "mtime": 1407850495.0,
                                                "size": 2689
                                            }
                                        },
                                        "README": {
                                            "file": "http://d1fhml1jgvxldu.cloudfront.net/82c2262ddbe8b6cc1bed9f78d9b1f5e7",
                                            "deserializer": "url",
                                            "stat": {
                                                "uid": 0,
                                                "gid": 0,
                                                "ctime": 1424328406.4311357,
                                                "perm": 33188,
                                                "mtime": 1274618853.0,
                                                "size": 1000
                                            }
                                        },
                                        "README.Debian": {
                                            "file": "http://d1fhml1jgvxldu.cloudfront.net/1f661907bdc5a245d0f9ff1c9923f5df",
                                            "deserializer": "url",
                                            "stat": {
                                                "uid": 0,
                                                "gid": 0,
                                                "ctime": 1424328406.4311357,
                                                "perm": 33188,
                                                "mtime": 1407850495.0,
                                                "size": 479
                                            }
                                        },
                                        "AUTHORS": {
                                            "file": "http://d1fhml1jgvxldu.cloudfront.net/c683e906ee58f620758d8e74d974ed3d",
                                            "deserializer": "url",
                                            "stat": {
                                                "uid": 0,
                                                "gid": 0,
                                                "ctime": 1424328406.4311357,
                                                "perm": 33188,
                                                "mtime": 1339599860.0,
                                                "size": 2469
                                            }
                                        },
                                        "copyright": {
                                            "file": "http://d1fhml1jgvxldu.cloudfront.net/3b032ce14319270ad12d0d318de495d8",
                                            "deserializer": "url",
                                            "stat": {
                                                "uid": 0,
                                                "gid": 0,
                                                "ctime": 1424328406.4311357,
                                                "perm": 33188,
                                                "mtime": 1407850495.0,
                                                "size": 4356
                                            }
                                        },
                                        "changelog.Debian.gz": {
                                            "file": "http://d1fhml1jgvxldu.cloudfront.net/619440eb5b280b2cfd506cd6c3a09ab1",
                                            "deserializer": "url",
                                            "stat": {
                                                "uid": 0,
                                                "gid": 0,
                                                "ctime": 1424328406.4311357,
                                                "perm": 33188,
                                                "mtime": 1412825750.0,
                                                "size": 1635
                                            }
                                        },