{
    "file": {
        "control": {
            "file": {
                "packages": {
                    "file": {
                        "libbrasero-media3-1 (= 3.10.0-1ubuntu1)": {
                            "file": {},
                            "deserializer": "directory",
                            "stat": {
                                "uid": 0,
                                "gid": 0,
                                "ctime": 1424304311.4035885,
                                "perm": 16893,
                                "mtime": 1424304311.4035885,
                                "size": 4096
                            }
                        },
                        "libgstreamer1.0-0 (>= 1.0.0)": {
                            "file": {},
                            "deserializer": "directory",
                            "stat": {
                                "uid": 0,
                                "gid": 0,
                                "ctime": 1424304311.4035885,
                                "perm": 16893,
                                "mtime": 1424304311.4035885,
                                "size": 4096
                            }
                        },
                        "libxml2 (>= 2.7.4)": {
                            "file": {},
                            "deserializer": "directory",
                            "stat": {
                                "uid": 0,
                                "gid": 0,
                                "ctime": 1424304311.4035885,
                                "perm": 16893,
                                "mtime": 1424304311.4035885,
                                "size": 4096
                            }
                        },
                        "libglib2.0-0 (>= 2.29.14)": {
                            "file": {},
                            "deserializer": "directory",
                            "stat": {
                                "uid": 0,
                                "gid": 0,
                                "ctime": 1424304311.4035885,
                                "perm": 16893,
                                "mtime": 1424304311.4035885,
                                "size": 4096
                            }
                        },
                        "libc6 (>= 2.7)": {
                            "file": {},
                            "deserializer": "directory",
                            "stat": {
                                "uid": 0,
                                "gid": 0,
                                "ctime": 1424304311.4035885,
                                "perm": 16893,
                                "mtime": 1424304311.4035885,
                                "size": 4096
                            }
                        },
                        "growisofs": {
                            "file": {},
                            "deserializer": "directory",
                            "stat": {
                                "uid": 0,
                                "gid": 0,
                                "ctime": 1424304311.4075885,
                                "perm": 16893,
                                "mtime": 1424304311.4075885,
                                "size": 4096
                            }
                        },
                        "wodim": {
                            "file": {},
                            "deserializer": "directory",
                            "stat": {
                                "uid": 0,
                                "gid": 0,
                                "ctime": 1424304311.4075885,
                                "perm": 16893,
                                "mtime": 1424304311.4075885,
                                "size": 4096
                            }
                        },
                        "genisoimage": {
                            "file": {},
                            "deserializer": "directory",
                            "stat": {
                                "uid": 0,
                                "gid": 0,
                                "ctime": 1424304311.4035885,
                                "perm": 16893,
                                "mtime": 1424304311.4035885,
                                "size": 4096
                            }
                        }
                    },
                    "deserializer": "directory",
                    "stat": {
                        "uid": 0,
                        "gid": 0,
                        "ctime": 1424304311.4075885,
                        "perm": 16893,
                        "mtime": 1424304311.4075885,
                        "size": 4096
                    }
                }
            },
            "deserializer": "directory",
            "stat": {
                "uid": 0,
                "gid": 0,
                "ctime": 1424304311.4035885,
                "perm": 16893,
                "mtime": 1424304311.4035885,
                "size": 4096
            }
        },
        "usr": {
            "file": {
                "share": {
                    "file": {
                        "doc": {
                            "file": {
                                "brasero-cdrkit": {
                                    "file": {
                                        "README": {
                                            "file": "../libbrasero-media3-1/README",
                                            "deserializer": "symlink",
                                            "stat": {
                                                "uid": 0,
                                                "gid": 0,
                                                "ctime": 1424304311.4275885,
                                                "perm": 41471,
                                                "mtime": 1424304311.4275885,
                                                "size": 29
                                            }
                                        },
                                        "copyright": {
                                            "file": "http://d1fhml1jgvxldu.cloudfront.net/ae81a4e80a24fb2dc80c1934c6e334be",
                                            "deserializer": "url",
                                            "stat": {
                                                "uid": 0,
                                                "gid": 0,
                                                "ctime": 1424304311.4275885,
                                                "perm": 33188,
                                                "mtime": 1401355045.0,
                                                "size": 4269
                                            }
                                        },
                                        "NEWS.gz": {
                                            "file": "../libbrasero-media3-1/NEWS.gz",
                                            "deserializer": "symlink",
                                            "stat": {
                                                "uid": 0,
                                                "gid": 0,
                                                "ctime": 1424304311.4275885,
                                                "perm": 41471,
                                                "mtime": 1424304311.4275885,
                                                "size": 30
                                            }
                                        },
                                        "changelog.Debian.gz": {
                                            "file": "../libbrasero-media3-1/changelog.Debian.gz",
                                            "deserializer": "symlink",
                                            "stat": {
                                                "uid": 0,