{
    "file": {
        "control": {
            "file": {
                "packages": {
                    "file": {
                        "libc6-dev | libc-dev": {
                            "file": {},
                            "deserializer": "directory",
                            "stat": {
                                "uid": 0,
                                "gid": 0,
                                "ctime": 1424310294.3441224,
                                "perm": 16893,
                                "mtime": 1424310294.3441224,
                                "size": 4096
                            }
                        },
                        "gcc (>= 4:4.4.3)": {
                            "file": {},
                            "deserializer": "directory",
                            "stat": {
                                "uid": 0,
                                "gid": 0,
                                "ctime": 1424310294.3441224,
                                "perm": 16893,
                                "mtime": 1424310294.3441224,
                                "size": 4096
                            }
                        },
                        "make": {
                            "file": {},
                            "deserializer": "directory",
                            "stat": {
                                "uid": 0,
                                "gid": 0,
                                "ctime": 1424310294.3481226,
                                "perm": 16893,
                                "mtime": 1424310294.3481226,
                                "size": 4096
                            }
                        },
                        "g++ (>= 4:4.4.3)": {
                            "file": {},
                            "deserializer": "directory",
                            "stat": {
                                "uid": 0,
                                "gid": 0,
                                "ctime": 1424310294.3441224,
                                "perm": 16893,
                                "mtime": 1424310294.3441224,
                                "size": 4096
                            }
                        },
                        "dpkg-dev (>= 1.13.5)": {
                            "file": {},
                            "deserializer": "directory",
                            "stat": {
                                "uid": 0,
                                "gid": 0,
                                "ctime": 1424310294.3481226,
                                "perm": 16893,
                                "mtime": 1424310294.3481226,
                                "size": 4096
                            }
                        }
                    },
                    "deserializer": "directory",
                    "stat": {
                        "uid": 0,
                        "gid": 0,
                        "ctime": 1424310294.3481226,
                        "perm": 16893,
                        "mtime": 1424310294.3481226,
                        "size": 4096
                    }
                }
            },
            "deserializer": "directory",
            "stat": {
                "uid": 0,
                "gid": 0,
                "ctime": 1424310294.3441224,
                "perm": 16893,
                "mtime": 1424310294.3441224,
                "size": 4096
            }
        },
        "usr": {
            "file": {
                "share": {
                    "file": {
                        "doc": {
                            "file": {
                                "build-essential": {
                                    "file": {
                                        "changelog.gz": {
                                            "file": "http://d1fhml1jgvxldu.cloudfront.net/7ab93ee51f94472443a1226162372430",
                                            "deserializer": "url",
                                            "stat": {
                                                "uid": 0,
                                                "gid": 0,
                                                "ctime": 1424310294.3561225,
                                                "perm": 33188,
                                                "mtime": 1385448959.0,
                                                "size": 933
                                            }
                                        },
                                        "essential-packages-list": {
                                            "file": "../../build-essential/essential-packages-list",
                                            "deserializer": "symlink",
                                            "stat": {
                                                "uid": 0,
                                                "gid": 0,
                                                "ctime": 1424310294.3561225,
                                                "perm": 41471,
                                                "mtime": 1424310294.3561225,
                                                "size": 45
                                            }
                                        },
                                        "list": {
                                            "file": "../../build-essential/list",
                                            "deserializer": "symlink",
                                            "stat": {
                                                "uid": 0,
                                                "gid": 0,
                                                "ctime": 1424310294.3601224,
                                                "perm": 41471,
                                                "mtime": 1424310294.3601224,
                                                "size": 26
                                            }
                                        },
                                        "copyright": {
                                            "file": "http://d1fhml1jgvxldu.cloudfront.net/79782ee09aac4de681556f6014f3054a",
                                            "deserializer": "url",
                                            "stat": {
                                                "uid": 0,
                                                "gid": 0,
                                                "ctime": 1424310294.3561225,
                                                "perm": 33188,
                                                "mtime": 1120580763.0,
                                                "size": 899
                                            }
                                        },
                                        "AUTHORS": {
                                            "file": "http://d1fhml1jgvxldu.cloudfront.net/e3a0469c27c6f40a858c85f0e6da5750",
                                            "deserializer": "url",
                                            "stat": {
                                                "uid": 0,
                                                "gid": 0,
                                                "ctime": 1424310294.3561225,
                                                "perm": 33188,
                                                "mtime": 1357658954.0,
                                                "size": 149
                                            }
                                        }
                                    },
                                    "deserializer": "directory",
                                    "stat": {
                                        "uid": 0,
                                        "gid": 0,
                                        "ctime": 1424310294.3601224,
                                        "perm": 16877,