{
    "file": {
        "control": {
            "file": {
                "packages": {
                    "file": {
                        "python3-checkbox-ng (= 0.3.1-1)": {
                            "file": {},
                            "deserializer": "directory",
                            "stat": {
                                "uid": 0,
                                "gid": 0,
                                "ctime": 1424323713.2170722,
                                "perm": 16893,
                                "mtime": 1424323713.2170722,
                                "size": 4096
                            }
                        },
                        "python3": {
                            "file": {},
                            "deserializer": "directory",
                            "stat": {
                                "uid": 0,
                                "gid": 0,
                                "ctime": 1424323713.2170722,
                                "perm": 16893,
                                "mtime": 1424323713.2170722,
                                "size": 4096
                            }
                        },
                        "python3:any (>= 3.2~)": {
                            "file": {},
                            "deserializer": "directory",
                            "stat": {
                                "uid": 0,
                                "gid": 0,
                                "ctime": 1424323713.2170722,
                                "perm": 16893,
                                "mtime": 1424323713.2170722,
                                "size": 4096
                            }
                        }
                    },
                    "deserializer": "directory",
                    "stat": {
                        "uid": 0,
                        "gid": 0,
                        "ctime": 1424323713.2170722,
                        "perm": 16893,
                        "mtime": 1424323713.2170722,
                        "size": 4096
                    }
                }
            },
            "deserializer": "directory",
            "stat": {
                "uid": 0,
                "gid": 0,
                "ctime": 1424323713.2170722,
                "perm": 16893,
                "mtime": 1424323713.2170722,
                "size": 4096
            }
        },
        "usr": {
            "file": {
                "share": {
                    "file": {
                        "doc": {
                            "file": {
                                "checkbox-ng": {
                                    "file": {
                                        "changelog.Debian.gz": {
                                            "file": "../python3-checkbox-ng/changelog.Debian.gz",
                                            "deserializer": "symlink",
                                            "stat": {
                                                "uid": 0,
                                                "gid": 0,
                                                "ctime": 1424323713.2290723,
                                                "perm": 41471,
                                                "mtime": 1424323713.2290723,
                                                "size": 42
                                            }
                                        },
                                        "copyright": {
                                            "file": "http://d1fhml1jgvxldu.cloudfront.net/dda4cc32584de0bfc042c4da54d2aa22",
                                            "deserializer": "url",
                                            "stat": {
                                                "uid": 0,
                                                "gid": 0,
                                                "ctime": 1424323713.2290723,
                                                "perm": 33188,
                                                "mtime": 1390431703.0,
                                                "size": 2211
                                            }
                                        }
                                    },
                                    "deserializer": "directory",
                                    "stat": {
                                        "uid": 0,
                                        "gid": 0,
                                        "ctime": 1424323713.2330725,
                                        "perm": 16877,
                                        "mtime": 1400044378.0,
                                        "size": 4096
                                    }
                                }
                            },
                            "deserializer": "directory",
                            "stat": {
                                "uid": 0,
                                "gid": 0,
                                "ctime": 1424323713.2330725,
                                "perm": 16877,
                                "mtime": 1400044372.0,
                                "size": 4096
                            }
                        },
                        "man": {
                            "file": {
                                "man1": {
                                    "file": {
                                        "checkbox-cli.1.gz": {
                                            "file": "checkbox_ng.1.gz",
                                            "deserializer": "symlink",
                                            "stat": {
                                                "uid": 0,
                                                "gid": 0,
                                                "ctime": 1424323713.2290723,
                                                "perm": 41471,
                                                "mtime": 1424323713.2290723,
                                                "size": 16
                                            }
                                        },
                                        "checkbox_ng.1.gz": {
                                            "file": "http://d1fhml1jgvxldu.cloudfront.net/65672bae7b2eefbc9e16fad7b6662650",
                                            "deserializer": "url",
                                            "stat": {
                                                "uid": 0,
                                                "gid": 0,
                                                "ctime": 1424323713.2290723,
                                                "perm": 33188,
                                                "mtime": 1400044372.0,
                                                "size": 4348
                                            }
                                        },
                                        "canonical-certification-server.1.gz": {
                                            "file": "checkbox_ng.1.gz",
                                            "deserializer": "symlink",
                                            "stat": {
                                                "uid": 0,
                                                "gid": 0,
                                                "ctime": 1424323713.2290723,
                                                "perm": 41471,
                                                "mtime": 1424323713.2290723,
                                                "size": 16
                                            }
                                        },
                                        "checkbox.1.gz": {
                                            "file": "checkbox_ng.1.gz",
                                            "deserializer": "symlink",