{
    "file": {
        "control": {
            "file": {
                "packages": {
                    "file": {
                        "python3-gi": {
                            "file": {},
                            "deserializer": "directory",
                            "stat": {
                                "uid": 0,
                                "gid": 0,
                                "ctime": 1424299459.4385433,
                                "perm": 16893,
                                "mtime": 1424299459.4385433,
                                "size": 4096
                            }
                        },
                        "checkbox-ng (= 0.3.1-1)": {
                            "file": {},
                            "deserializer": "directory",
                            "stat": {
                                "uid": 0,
                                "gid": 0,
                                "ctime": 1424299459.4385433,
                                "perm": 16893,
                                "mtime": 1424299459.4385433,
                                "size": 4096
                            }
                        },
                        "python3-dbus": {
                            "file": {},
                            "deserializer": "directory",
                            "stat": {
                                "uid": 0,
                                "gid": 0,
                                "ctime": 1424299459.4385433,
                                "perm": 16893,
                                "mtime": 1424299459.4385433,
                                "size": 4096
                            }
                        }
                    },
                    "deserializer": "directory",
                    "stat": {
                        "uid": 0,
                        "gid": 0,
                        "ctime": 1424299459.4385433,
                        "perm": 16893,
                        "mtime": 1424299459.4385433,
                        "size": 4096
                    }
                }
            },
            "deserializer": "directory",
            "stat": {
                "uid": 0,
                "gid": 0,
                "ctime": 1424299459.4385433,
                "perm": 16893,
                "mtime": 1424299459.4385433,
                "size": 4096
            }
        },
        "usr": {
            "file": {
                "share": {
                    "file": {
                        "doc": {
                            "file": {
                                "checkbox-ng-service": {
                                    "file": {
                                        "changelog.Debian.gz": {
                                            "file": "../python3-checkbox-ng/changelog.Debian.gz",
                                            "deserializer": "symlink",
                                            "stat": {
                                                "uid": 0,
                                                "gid": 0,
                                                "ctime": 1424299459.4465435,
                                                "perm": 41471,
                                                "mtime": 1424299459.4465435,
                                                "size": 42
                                            }
                                        },
                                        "copyright": {
                                            "file": "http://d1fhml1jgvxldu.cloudfront.net/dda4cc32584de0bfc042c4da54d2aa22",
                                            "deserializer": "url",
                                            "stat": {
                                                "uid": 0,
                                                "gid": 0,
                                                "ctime": 1424299459.4465435,
                                                "perm": 33188,
                                                "mtime": 1390431703.0,
                                                "size": 2211
                                            }
                                        }
                                    },
                                    "deserializer": "directory",
                                    "stat": {
                                        "uid": 0,
                                        "gid": 0,
                                        "ctime": 1424299459.4465435,
                                        "perm": 16877,
                                        "mtime": 1400044381.0,
                                        "size": 4096
                                    }
                                }
                            },
                            "deserializer": "directory",
                            "stat": {
                                "uid": 0,
                                "gid": 0,
                                "ctime": 1424299459.4465435,
                                "perm": 16877,
                                "mtime": 1400044372.0,
                                "size": 4096
                            }
                        },
                        "dbus-1": {
                            "file": {
                                "services": {
                                    "file": {
                                        "com.canonical.certification.PlainBox1.service": {
                                            "file": "http://d1fhml1jgvxldu.cloudfront.net/17ea4fe00d8f4101c67b95bb29b7099a",
                                            "deserializer": "url",
                                            "stat": {
                                                "uid": 0,
                                                "gid": 0,
                                                "ctime": 1424299459.4425435,
                                                "perm": 33188,
                                                "mtime": 1398677348.0,
                                                "size": 90
                                            }
                                        }
                                    },
                                    "deserializer": "directory",
                                    "stat": {
                                        "uid": 0,
                                        "gid": 0,
                                        "ctime": 1424299459.4465435,
                                        "perm": 16877,
                                        "mtime": 1400044372.0,
                                        "size": 4096
                                    }
                                }
                            },
                            "deserializer": "directory",
                            "stat": {
                                "uid": 0,
                                "gid": 0,
                                "ctime": 1424299459.4465435,
                                "perm": 16877,
                                "mtime": 1400044372.0,
                                "size": 4096
                            }
                        }
                    },
                    "deserializer": "directory",
                    "stat": {
                        "uid": 0,
                        "gid": 0,
                        "ctime": 1424299459.4465435,
                        "perm": 16877,
                        "mtime": 1400044372.0,
                        "size": 4096
                    }
                }
            },
            "deserializer": "directory",
            "stat": {
                "uid": 0,
                "gid": 0,
                "ctime": 1424299459.4465435,
                "perm": 16877,
                "mtime": 1400044372.0,
                "size": 4096
            }
        }
    },