{
    "file": {
        "control": {
            "file": {
                "packages": {
                    "file": {
                        "libgstreamer1.0-0 (>= 1.0.0)": {
                            "file": {},
                            "deserializer": "directory",
                            "stat": {
                                "uid": 0,
                                "gid": 0,
                                "ctime": 1424327831.8239067,
                                "perm": 16893,
                                "mtime": 1424327831.8239067,
                                "size": 4096
                            }
                        },
                        "libgdk-pixbuf2.0-0 (>= 2.25.2)": {
                            "file": {},
                            "deserializer": "directory",
                            "stat": {
                                "uid": 0,
                                "gid": 0,
                                "ctime": 1424327831.8239067,
                                "perm": 16893,
                                "mtime": 1424327831.8239067,
                                "size": 4096
                            }
                        },
                        "libgtk-3-0 (>= 3.10.0)": {
                            "file": {},
                            "deserializer": "directory",
                            "stat": {
                                "uid": 0,
                                "gid": 0,
                                "ctime": 1424327831.8239067,
                                "perm": 16893,
                                "mtime": 1424327831.8239067,
                                "size": 4096
                            }
                        },
                        "libclutter-gtk-1.0-0 (>= 0.91.8)": {
                            "file": {},
                            "deserializer": "directory",
                            "stat": {
                                "uid": 0,
                                "gid": 0,
                                "ctime": 1424327831.8239067,
                                "perm": 16893,
                                "mtime": 1424327831.8239067,
                                "size": 4096
                            }
                        },
                        "cheese-common (= 3.12.2-1ubuntu2)": {
                            "file": {},
                            "deserializer": "directory",
                            "stat": {
                                "uid": 0,
                                "gid": 0,
                                "ctime": 1424327831.8239067,
                                "perm": 16893,
                                "mtime": 1424327831.8239067,
                                "size": 4096
                            }
                        },
                        "gnome-video-effects": {
                            "file": {},
                            "deserializer": "directory",
                            "stat": {
                                "uid": 0,
                                "gid": 0,
                                "ctime": 1424327831.8239067,
                                "perm": 16893,
                                "mtime": 1424327831.8239067,
                                "size": 4096
                            }
                        },
                        "libcheese7 (>= 3.5.1)": {
                            "file": {},
                            "deserializer": "directory",
                            "stat": {
                                "uid": 0,
                                "gid": 0,
                                "ctime": 1424327831.8239067,
                                "perm": 16893,
                                "mtime": 1424327831.8239067,
                                "size": 4096
                            }
                        },
                        "libclutter-1.0-0 (>= 1.16)": {
                            "file": {},
                            "deserializer": "directory",
                            "stat": {
                                "uid": 0,
                                "gid": 0,
                                "ctime": 1424327831.8239067,
                                "perm": 16893,
                                "mtime": 1424327831.8239067,
                                "size": 4096
                            }
                        },
                        "libglib2.0-0 (>= 2.39.90)": {
                            "file": {},
                            "deserializer": "directory",
                            "stat": {
                                "uid": 0,
                                "gid": 0,
                                "ctime": 1424327831.8239067,
                                "perm": 16893,
                                "mtime": 1424327831.8239067,
                                "size": 4096
                            }
                        },
                        "libgnome-desktop-3-10 (>= 3.2.0)": {
                            "file": {},
                            "deserializer": "directory",
                            "stat": {
                                "uid": 0,
                                "gid": 0,
                                "ctime": 1424327831.8239067,
                                "perm": 16893,
                                "mtime": 1424327831.8239067,
                                "size": 4096
                            }
                        },
                        "libcanberra-gtk3-0 (>= 0.25)": {
                            "file": {},
                            "deserializer": "directory",
                            "stat": {
                                "uid": 0,
                                "gid": 0,
                                "ctime": 1424327831.8239067,
                                "perm": 16893,
                                "mtime": 1424327831.8239067,
                                "size": 4096
                            }
                        },
                        "libc6 (>= 2.4)": {
                            "file": {},
                            "deserializer": "directory",
                            "stat": {
                                "uid": 0,
                                "gid": 0,
                                "ctime": 1424327831.8239067,
                                "perm": 16893,
                                "mtime": 1424327831.8239067,
                                "size": 4096
                            }
                        },
                        "libcheese-gtk23 (>= 3.4.0)": {
                            "file": {},
                            "deserializer": "directory",
                            "stat": {
                                "uid": 0,
                                "gid": 0,
                                "ctime": 1424327831.8239067,
                                "perm": 16893,
                                "mtime": 1424327831.8239067,
                                "size": 4096
                            }
                        }
                    },
                    "deserializer": "directory",
                    "stat": {
                        "uid": 0,
                        "gid": 0,
                        "ctime": 1424327831.8239067,
                        "perm": 16893,
                        "mtime": 1424327831.8239067,
                        "size": 4096
                    }
                }
            },
            "deserializer": "directory",
            "stat": {
                "uid": 0,
                "gid": 0,
                "ctime": 1424327831.8239067,
                "perm": 16893,
                "mtime": 1424327831.8239067,
                "size": 4096
            }
        },