{
    "file": {
        "control": {
            "file": {
                "packages": {
                    "file": {
                        "libcupsfilters1 (>= 1.0.58-0ubuntu1)": {
                            "file": {},
                            "deserializer": "directory",
                            "stat": {
                                "uid": 0,
                                "gid": 0,
                                "ctime": 1424307151.0536969,
                                "perm": 16893,
                                "mtime": 1424307151.0536969,
                                "size": 4096
                            }
                        },
                        "bc": {
                            "file": {},
                            "deserializer": "directory",
                            "stat": {
                                "uid": 0,
                                "gid": 0,
                                "ctime": 1424307151.0536969,
                                "perm": 16893,
                                "mtime": 1424307151.0536969,
                                "size": 4096
                            }
                        },
                        "libc6 (>= 2.14)": {
                            "file": {},
                            "deserializer": "directory",
                            "stat": {
                                "uid": 0,
                                "gid": 0,
                                "ctime": 1424307151.0536969,
                                "perm": 16893,
                                "mtime": 1424307151.0536969,
                                "size": 4096
                            }
                        },
                        "poppler-utils": {
                            "file": {},
                            "deserializer": "directory",
                            "stat": {
                                "uid": 0,
                                "gid": 0,
                                "ctime": 1424307151.0536969,
                                "perm": 16893,
                                "mtime": 1424307151.0536969,
                                "size": 4096
                            }
                        },
                        "libqpdf13 (>> 5.0.0~)": {
                            "file": {},
                            "deserializer": "directory",
                            "stat": {
                                "uid": 0,
                                "gid": 0,
                                "ctime": 1424307151.0536969,
                                "perm": 16893,
                                "mtime": 1424307151.0536969,
                                "size": 4096
                            }
                        },
                        "libcupsimage2 (>= 1.4.0)": {
                            "file": {},
                            "deserializer": "directory",
                            "stat": {
                                "uid": 0,
                                "gid": 0,
                                "ctime": 1424307151.0536969,
                                "perm": 16893,
                                "mtime": 1424307151.0536969,
                                "size": 4096
                            }
                        },
                        "liblcms2-2 (>= 2.2+git20110628)": {
                            "file": {},
                            "deserializer": "directory",
                            "stat": {
                                "uid": 0,
                                "gid": 0,
                                "ctime": 1424307151.0536969,
                                "perm": 16893,
                                "mtime": 1424307151.0536969,
                                "size": 4096
                            }
                        },
                        "libcups2 (>= 1.7.0)": {
                            "file": {},
                            "deserializer": "directory",
                            "stat": {
                                "uid": 0,
                                "gid": 0,
                                "ctime": 1424307151.0536969,
                                "perm": 16893,
                                "mtime": 1424307151.0536969,
                                "size": 4096
                            }
                        },
                        "libpoppler46 (>= 0.26.5)": {
                            "file": {},
                            "deserializer": "directory",
                            "stat": {
                                "uid": 0,
                                "gid": 0,
                                "ctime": 1424307151.0536969,
                                "perm": 16893,
                                "mtime": 1424307151.0536969,
                                "size": 4096
                            }
                        },
                        "libgcc1 (>= 1:4.1.1)": {
                            "file": {},
                            "deserializer": "directory",
                            "stat": {
                                "uid": 0,
                                "gid": 0,
                                "ctime": 1424307151.0536969,
                                "perm": 16893,
                                "mtime": 1424307151.0536969,
                                "size": 4096
                            }
                        },
                        "libstdc++6 (>= 4.9)": {
                            "file": {},
                            "deserializer": "directory",
                            "stat": {
                                "uid": 0,
                                "gid": 0,
                                "ctime": 1424307151.0536969,
                                "perm": 16893,
                                "mtime": 1424307151.0536969,
                                "size": 4096
                            }
                        }
                    },
                    "deserializer": "directory",
                    "stat": {
                        "uid": 0,
                        "gid": 0,
                        "ctime": 1424307151.0536969,
                        "perm": 16893,
                        "mtime": 1424307151.0536969,
                        "size": 4096
                    }
                }
            },
            "deserializer": "directory",
            "stat": {
                "uid": 0,
                "gid": 0,
                "ctime": 1424307151.0536969,
                "perm": 16893,
                "mtime": 1424307151.0536969,
                "size": 4096
            }
        },
        "usr": {
            "file": {
                "share": {
                    "file": {
                        "doc": {
                            "file": {
                                "cups-filters-core-drivers": {
                                    "file": {
                                        "README.gz": {
                                            "file": "../libcupsfilters1/README.gz",
                                            "deserializer": "symlink",
                                            "stat": {
                                                "uid": 0,
                                                "gid": 0,
                                                "ctime": 1424307151.085697,
                                                "perm": 41471,
                                                "mtime": 1424307151.085697,
                                                "size": 28
                                            }
                                        },
                                        "copyright": {
                                            "file": "http://d1fhml1jgvxldu.cloudfront.net/cae1182abecc9fdff24d88de660b8017",