{
    "file": {
        "control": {
            "file": {
                "packages": {
                    "file": {
                        "dbus": {
                            "file": {},
                            "deserializer": "directory",
                            "stat": {
                                "uid": 0,
                                "gid": 0,
                                "ctime": 1424307476.939232,
                                "perm": 16893,
                                "mtime": 1424307476.939232,
                                "size": 4096
                            }
                        },
                        "libx11-6": {
                            "file": {},
                            "deserializer": "directory",
                            "stat": {
                                "uid": 0,
                                "gid": 0,
                                "ctime": 1424307476.939232,
                                "perm": 16893,
                                "mtime": 1424307476.939232,
                                "size": 4096
                            }
                        },
                        "libc6 (>= 2.15)": {
                            "file": {},
                            "deserializer": "directory",
                            "stat": {
                                "uid": 0,
                                "gid": 0,
                                "ctime": 1424307476.939232,
                                "perm": 16893,
                                "mtime": 1424307476.939232,
                                "size": 4096
                            }
                        }
                    },
                    "deserializer": "directory",
                    "stat": {
                        "uid": 0,
                        "gid": 0,
                        "ctime": 1424307476.939232,
                        "perm": 16893,
                        "mtime": 1424307476.939232,
                        "size": 4096
                    }
                }
            },
            "deserializer": "directory",
            "stat": {
                "uid": 0,
                "gid": 0,
                "ctime": 1424307476.939232,
                "perm": 16893,
                "mtime": 1424307476.939232,
                "size": 4096
            }
        },
        "usr": {
            "file": {
                "share": {
                    "file": {
                        "lintian": {
                            "file": {
                                "overrides": {
                                    "file": {
                                        "dbus-x11": {
                                            "file": "http://d1fhml1jgvxldu.cloudfront.net/803663c38d276a2ba59eb2e32afa07d3",
                                            "deserializer": "url",
                                            "stat": {
                                                "uid": 0,
                                                "gid": 0,
                                                "ctime": 1424307476.9552321,
                                                "perm": 33188,
                                                "mtime": 1410782449.0,
                                                "size": 126
                                            }
                                        }
                                    },
                                    "deserializer": "directory",
                                    "stat": {
                                        "uid": 0,
                                        "gid": 0,
                                        "ctime": 1424307476.9592323,
                                        "perm": 16877,
                                        "mtime": 1416947871.0,
                                        "size": 4096
                                    }
                                }
                            },
                            "deserializer": "directory",
                            "stat": {
                                "uid": 0,
                                "gid": 0,
                                "ctime": 1424307476.9592323,
                                "perm": 16877,
                                "mtime": 1416947871.0,
                                "size": 4096
                            }
                        },
                        "doc": {
                            "file": {
                                "dbus-x11": {
                                    "file": {
                                        "AUTHORS.gz": {
                                            "file": "../libdbus-1-3/AUTHORS.gz",
                                            "deserializer": "symlink",
                                            "stat": {
                                                "uid": 0,
                                                "gid": 0,
                                                "ctime": 1424307476.9592323,
                                                "perm": 41471,
                                                "mtime": 1424307476.9592323,
                                                "size": 25
                                            }
                                        },
                                        "NEWS.gz": {
                                            "file": "../libdbus-1-3/NEWS.gz",
                                            "deserializer": "symlink",
                                            "stat": {
                                                "uid": 0,
                                                "gid": 0,
                                                "ctime": 1424307476.9592323,
                                                "perm": 41471,
                                                "mtime": 1424307476.9592323,
                                                "size": 22
                                            }
                                        },
                                        "copyright": {
                                            "file": "http://d1fhml1jgvxldu.cloudfront.net/d387860c5aeedf35ba93a36a5044a28e",
                                            "deserializer": "url",
                                            "stat": {
                                                "uid": 0,
                                                "gid": 0,
                                                "ctime": 1424307476.9552321,
                                                "perm": 33188,
                                                "mtime": 1410782449.0,
                                                "size": 20200
                                            }
                                        },
                                        "changelog.Debian.gz": {
                                            "file": "../libdbus-1-3/changelog.Debian.gz",
                                            "deserializer": "symlink",
                                            "stat": {
                                                "uid": 0,
                                                "gid": 0,
                                                "ctime": 1424307476.9592323,
                                                "perm": 41471,
                                                "mtime": 1424307476.9592323,
                                                "size": 34
                                            }
                                        },
                                        "README.gz": {
                                            "file": "../libdbus-1-3/README.gz",
                                            "deserializer": "symlink",
                                            "stat": {
                                                "uid": 0,