{
    "file": {
        "control": {
            "file": {
                "packages": {
                    "file": {
                        "libglib2.0-0 (>= 2.39.4)": {
                            "file": {},
                            "deserializer": "directory",
                            "stat": {
                                "uid": 0,
                                "gid": 0,
                                "ctime": 1424317202.6317198,
                                "perm": 16893,
                                "mtime": 1424317202.6317198,
                                "size": 4096
                            }
                        },
                        "libc6 (>= 2.14)": {
                            "file": {},
                            "deserializer": "directory",
                            "stat": {
                                "uid": 0,
                                "gid": 0,
                                "ctime": 1424317202.6317198,
                                "perm": 16893,
                                "mtime": 1424317202.6317198,
                                "size": 4096
                            }
                        },
                        "libdconf1 (= 0.22.0-1)": {
                            "file": {},
                            "deserializer": "directory",
                            "stat": {
                                "uid": 0,
                                "gid": 0,
                                "ctime": 1424317202.6317198,
                                "perm": 16893,
                                "mtime": 1424317202.6317198,
                                "size": 4096
                            }
                        }
                    },
                    "deserializer": "directory",
                    "stat": {
                        "uid": 0,
                        "gid": 0,
                        "ctime": 1424317202.6317198,
                        "perm": 16893,
                        "mtime": 1424317202.6317198,
                        "size": 4096
                    }
                }
            },
            "deserializer": "directory",
            "stat": {
                "uid": 0,
                "gid": 0,
                "ctime": 1424317202.6317198,
                "perm": 16893,
                "mtime": 1424317202.6317198,
                "size": 4096
            }
        },
        "usr": {
            "file": {
                "share": {
                    "file": {
                        "bash-completion": {
                            "file": {
                                "completions": {
                                    "file": {
                                        "dconf": {
                                            "file": "http://d1fhml1jgvxldu.cloudfront.net/bbf871c56db181a065a19650a9f67c91",
                                            "deserializer": "url",
                                            "stat": {
                                                "uid": 0,
                                                "gid": 0,
                                                "ctime": 1424317202.64772,
                                                "perm": 33188,
                                                "mtime": 1411724618.0,
                                                "size": 1139
                                            }
                                        }
                                    },
                                    "deserializer": "directory",
                                    "stat": {
                                        "uid": 0,
                                        "gid": 0,
                                        "ctime": 1424317202.65172,
                                        "perm": 16877,
                                        "mtime": 1411724618.0,
                                        "size": 4096
                                    }
                                }
                            },
                            "deserializer": "directory",
                            "stat": {
                                "uid": 0,
                                "gid": 0,
                                "ctime": 1424317202.65172,
                                "perm": 16877,
                                "mtime": 1411724618.0,
                                "size": 4096
                            }
                        },
                        "doc": {
                            "file": {
                                "dconf-cli": {
                                    "file": {
                                        "NEWS.Debian.gz": {
                                            "file": "../libdconf1/NEWS.Debian.gz",
                                            "deserializer": "symlink",
                                            "stat": {
                                                "uid": 0,
                                                "gid": 0,
                                                "ctime": 1424317202.65172,
                                                "perm": 41471,
                                                "mtime": 1424317202.65172,
                                                "size": 27
                                            }
                                        },
                                        "README": {
                                            "file": "../libdconf1/README",
                                            "deserializer": "symlink",
                                            "stat": {
                                                "uid": 0,
                                                "gid": 0,
                                                "ctime": 1424317202.65172,
                                                "perm": 41471,
                                                "mtime": 1424317202.65172,
                                                "size": 19
                                            }
                                        },
                                        "NEWS.gz": {
                                            "file": "../libdconf1/NEWS.gz",
                                            "deserializer": "symlink",
                                            "stat": {
                                                "uid": 0,
                                                "gid": 0,
                                                "ctime": 1424317202.65172,
                                                "perm": 41471,
                                                "mtime": 1424317202.65172,
                                                "size": 20
                                            }
                                        },
                                        "changelog.Debian.gz": {
                                            "file": "../libdconf1/changelog.Debian.gz",
                                            "deserializer": "symlink",
                                            "stat": {
                                                "uid": 0,
                                                "gid": 0,
                                                "ctime": 1424317202.65172,
                                                "perm": 41471,
                                                "mtime": 1424317202.65172,
                                                "size": 32
                                            }
                                        },
                                        "copyright": {
                                            "file": "http://d1fhml1jgvxldu.cloudfront.net/cf470c91ee78366d09eb19042268ae9f",
                                            "deserializer": "url",
                                            "stat": {
                                                "uid": 0,