{
    "file": {
        "control": {
            "file": {
                "packages": {
                    "file": {
                        "libglib2.0-0 (>= 2.39.1)": {
                            "file": {},
                            "deserializer": "directory",
                            "stat": {
                                "uid": 0,
                                "gid": 0,
                                "ctime": 1424315579.9892733,
                                "perm": 16893,
                                "mtime": 1424315579.9892733,
                                "size": 4096
                            }
                        },
                        "dconf-service (<< 0.22.0-1.1~)": {
                            "file": {},
                            "deserializer": "directory",
                            "stat": {
                                "uid": 0,
                                "gid": 0,
                                "ctime": 1424315579.9932733,
                                "perm": 16893,
                                "mtime": 1424315579.9932733,
                                "size": 4096
                            }
                        },
                        "libc6 (>= 2.14)": {
                            "file": {},
                            "deserializer": "directory",
                            "stat": {
                                "uid": 0,
                                "gid": 0,
                                "ctime": 1424315579.9892733,
                                "perm": 16893,
                                "mtime": 1424315579.9892733,
                                "size": 4096
                            }
                        },
                        "dconf-service (>= 0.22.0-1)": {
                            "file": {},
                            "deserializer": "directory",
                            "stat": {
                                "uid": 0,
                                "gid": 0,
                                "ctime": 1424315579.9892733,
                                "perm": 16893,
                                "mtime": 1424315579.9892733,
                                "size": 4096
                            }
                        },
                        "libdconf1 (= 0.22.0-1)": {
                            "file": {},
                            "deserializer": "directory",
                            "stat": {
                                "uid": 0,
                                "gid": 0,
                                "ctime": 1424315579.9932733,
                                "perm": 16893,
                                "mtime": 1424315579.9932733,
                                "size": 4096
                            }
                        }
                    },
                    "deserializer": "directory",
                    "stat": {
                        "uid": 0,
                        "gid": 0,
                        "ctime": 1424315579.9932733,
                        "perm": 16893,
                        "mtime": 1424315579.9932733,
                        "size": 4096
                    }
                }
            },
            "deserializer": "directory",
            "stat": {
                "uid": 0,
                "gid": 0,
                "ctime": 1424315579.9892733,
                "perm": 16893,
                "mtime": 1424315579.9892733,
                "size": 4096
            }
        },
        "usr": {
            "file": {
                "share": {
                    "file": {
                        "doc": {
                            "file": {
                                "dconf-gsettings-backend": {
                                    "file": {
                                        "NEWS.Debian.gz": {
                                            "file": "../dconf-service/NEWS.Debian.gz",
                                            "deserializer": "symlink",
                                            "stat": {
                                                "uid": 0,
                                                "gid": 0,
                                                "ctime": 1424315580.0052733,
                                                "perm": 41471,
                                                "mtime": 1424315580.0052733,
                                                "size": 31
                                            }
                                        },
                                        "README": {
                                            "file": "../dconf-service/README",
                                            "deserializer": "symlink",
                                            "stat": {
                                                "uid": 0,
                                                "gid": 0,
                                                "ctime": 1424315580.0052733,
                                                "perm": 41471,
                                                "mtime": 1424315580.0052733,
                                                "size": 23
                                            }
                                        },
                                        "NEWS.gz": {
                                            "file": "../dconf-service/NEWS.gz",
                                            "deserializer": "symlink",
                                            "stat": {
                                                "uid": 0,
                                                "gid": 0,
                                                "ctime": 1424315580.0052733,
                                                "perm": 41471,
                                                "mtime": 1424315580.0052733,
                                                "size": 24
                                            }
                                        },
                                        "changelog.Debian.gz": {
                                            "file": "../dconf-service/changelog.Debian.gz",
                                            "deserializer": "symlink",
                                            "stat": {
                                                "uid": 0,
                                                "gid": 0,
                                                "ctime": 1424315580.0052733,
                                                "perm": 41471,
                                                "mtime": 1424315580.0052733,
                                                "size": 36
                                            }
                                        },
                                        "copyright": {
                                            "file": "http://d1fhml1jgvxldu.cloudfront.net/cf470c91ee78366d09eb19042268ae9f",
                                            "deserializer": "url",
                                            "stat": {
                                                "uid": 0,
                                                "gid": 0,
                                                "ctime": 1424315580.0052733,
                                                "perm": 33188,
                                                "mtime": 1335986187.0,
                                                "size": 2816
                                            }
                                        }
                                    },
                                    "deserializer": "directory",
                                    "stat": {
                                        "uid": 0,
                                        "gid": 0,
                                        "ctime": 1424315580.0052733,
                                        "perm": 16877,