{
    "file": {
        "control": {
            "file": {
                "packages": {
                    "file": {
                        "libdevmapper1.02.1 (>= 2:1.02.77)": {
                            "file": {},
                            "deserializer": "directory",
                            "stat": {
                                "uid": 0,
                                "gid": 0,
                                "ctime": 1424318096.3474717,
                                "perm": 16893,
                                "mtime": 1424318096.3474717,
                                "size": 4096
                            }
                        },
                        "libc6 (>= 2.14)": {
                            "file": {},
                            "deserializer": "directory",
                            "stat": {
                                "uid": 0,
                                "gid": 0,
                                "ctime": 1424318096.3474717,
                                "perm": 16893,
                                "mtime": 1424318096.3474717,
                                "size": 4096
                            }
                        },
                        "util-linux (>> 2.16)": {
                            "file": {},
                            "deserializer": "directory",
                            "stat": {
                                "uid": 0,
                                "gid": 0,
                                "ctime": 1424318096.3474717,
                                "perm": 16893,
                                "mtime": 1424318096.3474717,
                                "size": 4096
                            }
                        },
                        "initramfs-tools": {
                            "file": {},
                            "deserializer": "directory",
                            "stat": {
                                "uid": 0,
                                "gid": 0,
                                "ctime": 1424318096.3474717,
                                "perm": 16893,
                                "mtime": 1424318096.3474717,
                                "size": 4096
                            }
                        },
                        "udev (>> 141-2)": {
                            "file": {},
                            "deserializer": "directory",
                            "stat": {
                                "uid": 0,
                                "gid": 0,
                                "ctime": 1424318096.3474717,
                                "perm": 16893,
                                "mtime": 1424318096.3474717,
                                "size": 4096
                            }
                        }
                    },
                    "deserializer": "directory",
                    "stat": {
                        "uid": 0,
                        "gid": 0,
                        "ctime": 1424318096.3474717,
                        "perm": 16893,
                        "mtime": 1424318096.3474717,
                        "size": 4096
                    }
                }
            },
            "deserializer": "directory",
            "stat": {
                "uid": 0,
                "gid": 0,
                "ctime": 1424318096.3474717,
                "perm": 16893,
                "mtime": 1424318096.3474717,
                "size": 4096
            }
        },
        "usr": {
            "file": {
                "share": {
                    "file": {
                        "initramfs-tools": {
                            "file": {
                                "hooks": {
                                    "file": {
                                        "dmsetup": {
                                            "file": "http://d1fhml1jgvxldu.cloudfront.net/4b0433880e2da3d28259093c87efa973",
                                            "deserializer": "url",
                                            "stat": {
                                                "uid": 0,
                                                "gid": 0,
                                                "ctime": 1424318096.367472,
                                                "perm": 33261,
                                                "mtime": 1336136308.0,
                                                "size": 472
                                            }
                                        }
                                    },
                                    "deserializer": "directory",
                                    "stat": {
                                        "uid": 0,
                                        "gid": 0,
                                        "ctime": 1424318096.3754718,
                                        "perm": 16877,
                                        "mtime": 1379326071.0,
                                        "size": 4096
                                    }
                                }
                            },
                            "deserializer": "directory",
                            "stat": {
                                "uid": 0,
                                "gid": 0,
                                "ctime": 1424318096.3754718,
                                "perm": 16877,
                                "mtime": 1379326071.0,
                                "size": 4096
                            }
                        },
                        "man": {
                            "file": {
                                "man8": {
                                    "file": {
                                        "dmsetup.8.gz": {
                                            "file": "http://d1fhml1jgvxldu.cloudfront.net/2e1236c6bb3e7bf64d57860f3a027828",
                                            "deserializer": "url",
                                            "stat": {
                                                "uid": 0,
                                                "gid": 0,
                                                "ctime": 1424318096.367472,
                                                "perm": 33188,
                                                "mtime": 1386928959.0,
                                                "size": 6396
                                            }
                                        }
                                    },
                                    "deserializer": "directory",
                                    "stat": {
                                        "uid": 0,
                                        "gid": 0,
                                        "ctime": 1424318096.3754718,
                                        "perm": 16877,
                                        "mtime": 1386928960.0,
                                        "size": 4096
                                    }
                                }
                            },
                            "deserializer": "directory",
                            "stat": {
                                "uid": 0,
                                "gid": 0,
                                "ctime": 1424318096.3754718,
                                "perm": 16877,
                                "mtime": 1386928958.0,
                                "size": 4096
                            }
                        },