{
    "file": {
        "control": {
            "file": {
                "packages": {
                    "file": {
                        "libbind9-90 (= 1:9.9.5.dfsg-4.3ubuntu0.1)": {
                            "file": {},
                            "deserializer": "directory",
                            "stat": {
                                "uid": 0,
                                "gid": 0,
                                "ctime": 1424327368.4843323,
                                "perm": 16893,
                                "mtime": 1424327368.4843323,
                                "size": 4096
                            }
                        },
                        "libkrb5-3 (>= 1.6.dfsg.2)": {
                            "file": {},
                            "deserializer": "directory",
                            "stat": {
                                "uid": 0,
                                "gid": 0,
                                "ctime": 1424327368.4843323,
                                "perm": 16893,
                                "mtime": 1424327368.4843323,
                                "size": 4096
                            }
                        },
                        "libisccfg90 (= 1:9.9.5.dfsg-4.3ubuntu0.1)": {
                            "file": {},
                            "deserializer": "directory",
                            "stat": {
                                "uid": 0,
                                "gid": 0,
                                "ctime": 1424327368.4843323,
                                "perm": 16893,
                                "mtime": 1424327368.4843323,
                                "size": 4096
                            }
                        },
                        "libc6 (>= 2.4)": {
                            "file": {},
                            "deserializer": "directory",
                            "stat": {
                                "uid": 0,
                                "gid": 0,
                                "ctime": 1424327368.4843323,
                                "perm": 16893,
                                "mtime": 1424327368.4843323,
                                "size": 4096
                            }
                        },
                        "liblwres90 (= 1:9.9.5.dfsg-4.3ubuntu0.1)": {
                            "file": {},
                            "deserializer": "directory",
                            "stat": {
                                "uid": 0,
                                "gid": 0,
                                "ctime": 1424327368.4843323,
                                "perm": 16893,
                                "mtime": 1424327368.4843323,
                                "size": 4096
                            }
                        },
                        "libisc95 (= 1:9.9.5.dfsg-4.3ubuntu0.1)": {
                            "file": {},
                            "deserializer": "directory",
                            "stat": {
                                "uid": 0,
                                "gid": 0,
                                "ctime": 1424327368.4843323,
                                "perm": 16893,
                                "mtime": 1424327368.4843323,
                                "size": 4096
                            }
                        },
                        "libdns100 (= 1:9.9.5.dfsg-4.3ubuntu0.1)": {
                            "file": {},
                            "deserializer": "directory",
                            "stat": {
                                "uid": 0,
                                "gid": 0,
                                "ctime": 1424327368.4843323,
                                "perm": 16893,
                                "mtime": 1424327368.4843323,
                                "size": 4096
                            }
                        },
                        "bind9-host | host": {
                            "file": {},
                            "deserializer": "directory",
                            "stat": {
                                "uid": 0,
                                "gid": 0,
                                "ctime": 1424327368.4843323,
                                "perm": 16893,
                                "mtime": 1424327368.4843323,
                                "size": 4096
                            }
                        }
                    },
                    "deserializer": "directory",
                    "stat": {
                        "uid": 0,
                        "gid": 0,
                        "ctime": 1424327368.4843323,
                        "perm": 16893,
                        "mtime": 1424327368.4843323,
                        "size": 4096
                    }
                }
            },
            "deserializer": "directory",
            "stat": {
                "uid": 0,
                "gid": 0,
                "ctime": 1424327368.4843323,
                "perm": 16893,
                "mtime": 1424327368.4843323,
                "size": 4096
            }
        },
        "usr": {
            "file": {
                "share": {
                    "file": {
                        "doc": {
                            "file": {
                                "dnsutils": {
                                    "file": {
                                        "changelog.Debian.gz": {
                                            "file": "../libisc95/changelog.Debian.gz",
                                            "deserializer": "symlink",
                                            "stat": {
                                                "uid": 0,
                                                "gid": 0,
                                                "ctime": 1424327368.5203328,
                                                "perm": 41471,
                                                "mtime": 1424327368.5203328,
                                                "size": 31
                                            }
                                        },
                                        "copyright": {
                                            "file": "http://d1fhml1jgvxldu.cloudfront.net/892bf811938a6b4767f4dc54c8dd1d2d",
                                            "deserializer": "url",
                                            "stat": {
                                                "uid": 0,
                                                "gid": 0,
                                                "ctime": 1424327368.5203328,
                                                "perm": 33188,
                                                "mtime": 1418151474.0,
                                                "size": 5927
                                            }
                                        }
                                    },
                                    "deserializer": "directory",
                                    "stat": {
                                        "uid": 0,
                                        "gid": 0,
                                        "ctime": 1424327368.5203328,
                                        "perm": 16877,
                                        "mtime": 1418152030.0,
                                        "size": 4096
                                    }
                                }
                            },
                            "deserializer": "directory",
                            "stat": {
                                "uid": 0,
                                "gid": 0,
                                "ctime": 1424327368.5203328,
                                "perm": 16877,
                                "mtime": 1418151963.0,