{
    "file": {
        "control": {
            "file": {
                "packages": {
                    "file": {
                        "growisofs (>= 7.1-9)": {
                            "file": {},
                            "deserializer": "directory",
                            "stat": {
                                "uid": 0,
                                "gid": 0,
                                "ctime": 1424301373.1219952,
                                "perm": 16893,
                                "mtime": 1424301373.1219952,
                                "size": 4096
                            }
                        },
                        "libstdc++6 (>= 4.1.1)": {
                            "file": {},
                            "deserializer": "directory",
                            "stat": {
                                "uid": 0,
                                "gid": 0,
                                "ctime": 1424301373.1219952,
                                "perm": 16893,
                                "mtime": 1424301373.1219952,
                                "size": 4096
                            }
                        },
                        "libc6 (>= 2.4)": {
                            "file": {},
                            "deserializer": "directory",
                            "stat": {
                                "uid": 0,
                                "gid": 0,
                                "ctime": 1424301373.1219952,
                                "perm": 16893,
                                "mtime": 1424301373.1219952,
                                "size": 4096
                            }
                        },
                        "genisoimage": {
                            "file": {},
                            "deserializer": "directory",
                            "stat": {
                                "uid": 0,
                                "gid": 0,
                                "ctime": 1424301373.1219952,
                                "perm": 16893,
                                "mtime": 1424301373.1219952,
                                "size": 4096
                            }
                        }
                    },
                    "deserializer": "directory",
                    "stat": {
                        "uid": 0,
                        "gid": 0,
                        "ctime": 1424301373.1219952,
                        "perm": 16893,
                        "mtime": 1424301373.1219952,
                        "size": 4096
                    }
                }
            },
            "deserializer": "directory",
            "stat": {
                "uid": 0,
                "gid": 0,
                "ctime": 1424301373.1219952,
                "perm": 16893,
                "mtime": 1424301373.1219952,
                "size": 4096
            }
        },
        "usr": {
            "file": {
                "share": {
                    "file": {
                        "doc": {
                            "file": {
                                "dvd+rw-tools": {
                                    "file": {
                                        "dvd-rw.html": {
                                            "file": "http://d1fhml1jgvxldu.cloudfront.net/3242020553945d24d07b6332925a6475",
                                            "deserializer": "url",
                                            "stat": {
                                                "uid": 0,
                                                "gid": 0,
                                                "ctime": 1424301373.1619952,
                                                "perm": 33188,
                                                "mtime": 1299506015.0,
                                                "size": 13041
                                            }
                                        },
                                        "copyright": {
                                            "file": "http://d1fhml1jgvxldu.cloudfront.net/b1a9e4fdfa77508c7eba408d3d5a2f75",
                                            "deserializer": "url",
                                            "stat": {
                                                "uid": 0,
                                                "gid": 0,
                                                "ctime": 1424301373.1619952,
                                                "perm": 33188,
                                                "mtime": 1299506015.0,
                                                "size": 2182
                                            }
                                        },
                                        "index.html": {
                                            "file": "http://d1fhml1jgvxldu.cloudfront.net/836e28a6d8c36ad1eecbf8f97e2c7fb1",
                                            "deserializer": "url",
                                            "stat": {
                                                "uid": 0,
                                                "gid": 0,
                                                "ctime": 1424301373.1579952,
                                                "perm": 33188,
                                                "mtime": 1349123335.0,
                                                "size": 64565
                                            }
                                        },
                                        "changelog.Debian.gz": {
                                            "file": "../growisofs/changelog.Debian.gz",
                                            "deserializer": "symlink",
                                            "stat": {
                                                "uid": 0,
                                                "gid": 0,
                                                "ctime": 1424301373.1659954,
                                                "perm": 41471,
                                                "mtime": 1424301373.1659954,
                                                "size": 32
                                            }
                                        },
                                        "isofs4gb.gif": {
                                            "file": "http://d1fhml1jgvxldu.cloudfront.net/e4c7ce5a812898fe448c252448171a3c",
                                            "deserializer": "url",
                                            "stat": {
                                                "uid": 0,
                                                "gid": 0,
                                                "ctime": 1424301373.1619952,
                                                "perm": 33188,
                                                "mtime": 1299506015.0,
                                                "size": 2749
                                            }
                                        }
                                    },
                                    "deserializer": "directory",
                                    "stat": {
                                        "uid": 0,
                                        "gid": 0,
                                        "ctime": 1424301373.1659954,
                                        "perm": 16877,
                                        "mtime": 1349123349.0,
                                        "size": 4096
                                    }
                                }
                            },
                            "deserializer": "directory",
                            "stat": {
                                "uid": 0,
                                "gid": 0,
                                "ctime": 1424301373.1659954,
                                "perm": 16877,