{
    "file": {
        "control": {
            "file": {
                "packages": {
                    "file": {
                        "emacs24-common (= 24.3+1-4ubuntu1)": {
                            "file": {},
                            "deserializer": "directory",
                            "stat": {
                                "uid": 0,
                                "gid": 0,
                                "ctime": 1424296404.413266,
                                "perm": 16893,
                                "mtime": 1424296404.413266,
                                "size": 4096
                            }
                        },
                        "libc6 (>= 2.17)": {
                            "file": {},
                            "deserializer": "directory",
                            "stat": {
                                "uid": 0,
                                "gid": 0,
                                "ctime": 1424296404.413266,
                                "perm": 16893,
                                "mtime": 1424296404.413266,
                                "size": 4096
                            }
                        },
                        "liblockfile1 (>= 1.0)": {
                            "file": {},
                            "deserializer": "directory",
                            "stat": {
                                "uid": 0,
                                "gid": 0,
                                "ctime": 1424296404.413266,
                                "perm": 16893,
                                "mtime": 1424296404.413266,
                                "size": 4096
                            }
                        }
                    },
                    "deserializer": "directory",
                    "stat": {
                        "uid": 0,
                        "gid": 0,
                        "ctime": 1424296404.413266,
                        "perm": 16893,
                        "mtime": 1424296404.413266,
                        "size": 4096
                    }
                }
            },
            "deserializer": "directory",
            "stat": {
                "uid": 0,
                "gid": 0,
                "ctime": 1424296404.413266,
                "perm": 16893,
                "mtime": 1424296404.413266,
                "size": 4096
            }
        },
        "usr": {
            "file": {
                "share": {
                    "file": {
                        "lintian": {
                            "file": {
                                "overrides": {
                                    "file": {
                                        "emacs24-bin-common": {
                                            "file": "http://d1fhml1jgvxldu.cloudfront.net/3137d0ea8b014adb2ca8be042ab20eb7",
                                            "deserializer": "url",
                                            "stat": {
                                                "uid": 0,
                                                "gid": 0,
                                                "ctime": 1424296404.4452662,
                                                "perm": 33188,
                                                "mtime": 1402069898.0,
                                                "size": 626
                                            }
                                        }
                                    },
                                    "deserializer": "directory",
                                    "stat": {
                                        "uid": 0,
                                        "gid": 0,
                                        "ctime": 1424296404.4532661,
                                        "perm": 16877,
                                        "mtime": 1402069956.0,
                                        "size": 4096
                                    }
                                }
                            },
                            "deserializer": "directory",
                            "stat": {
                                "uid": 0,
                                "gid": 0,
                                "ctime": 1424296404.4532661,
                                "perm": 16877,
                                "mtime": 1402069956.0,
                                "size": 4096
                            }
                        },
                        "doc": {
                            "file": {
                                "emacs24-bin-common": {
                                    "file": {
                                        "changelog.Debian.gz": {
                                            "file": "http://d1fhml1jgvxldu.cloudfront.net/3e4ecd31608ac81fa0f8e6540e89d6bb",
                                            "deserializer": "url",
                                            "stat": {
                                                "uid": 0,
                                                "gid": 0,
                                                "ctime": 1424296404.4452662,
                                                "perm": 33188,
                                                "mtime": 1402070035.0,
                                                "size": 2487
                                            }
                                        },
                                        "copyright": {
                                            "file": "http://d1fhml1jgvxldu.cloudfront.net/62be43bc85ca412a232687a1536a7fa4",
                                            "deserializer": "url",
                                            "stat": {
                                                "uid": 0,
                                                "gid": 0,
                                                "ctime": 1424296404.4452662,
                                                "perm": 33188,
                                                "mtime": 1402065382.0,
                                                "size": 5879
                                            }
                                        }
                                    },
                                    "deserializer": "directory",
                                    "stat": {
                                        "uid": 0,
                                        "gid": 0,
                                        "ctime": 1424296404.4532661,
                                        "perm": 16877,
                                        "mtime": 1402069956.0,
                                        "size": 4096
                                    }
                                }
                            },
                            "deserializer": "directory",
                            "stat": {
                                "uid": 0,
                                "gid": 0,
                                "ctime": 1424296404.4532661,
                                "perm": 16877,
                                "mtime": 1402069955.0,
                                "size": 4096
                            }
                        }
                    },
                    "deserializer": "directory",
                    "stat": {
                        "uid": 0,
                        "gid": 0,
                        "ctime": 1424296404.4532661,
                        "perm": 16877,
                        "mtime": 1402069956.0,
                        "size": 4096
                    }
                },