{
    "file": {
        "control": {
            "file": {
                "packages": {
                    "file": {
                        "libenchant1c2a (>= 1.6.0)": {
                            "file": {},
                            "deserializer": "directory",
                            "stat": {
                                "uid": 0,
                                "gid": 0,
                                "ctime": 1424330470.4565206,
                                "perm": 16893,
                                "mtime": 1424330470.4565206,
                                "size": 4096
                            }
                        },
                        "libc6 (>= 2.4)": {
                            "file": {},
                            "deserializer": "directory",
                            "stat": {
                                "uid": 0,
                                "gid": 0,
                                "ctime": 1424330470.4565206,
                                "perm": 16893,
                                "mtime": 1424330470.4565206,
                                "size": 4096
                            }
                        },
                        "libglib2.0-0 (>= 2.12.0)": {
                            "file": {},
                            "deserializer": "directory",
                            "stat": {
                                "uid": 0,
                                "gid": 0,
                                "ctime": 1424330470.4605207,
                                "perm": 16893,
                                "mtime": 1424330470.4605207,
                                "size": 4096
                            }
                        }
                    },
                    "deserializer": "directory",
                    "stat": {
                        "uid": 0,
                        "gid": 0,
                        "ctime": 1424330470.4605207,
                        "perm": 16893,
                        "mtime": 1424330470.4605207,
                        "size": 4096
                    }
                }
            },
            "deserializer": "directory",
            "stat": {
                "uid": 0,
                "gid": 0,
                "ctime": 1424330470.4565206,
                "perm": 16893,
                "mtime": 1424330470.4565206,
                "size": 4096
            }
        },
        "usr": {
            "file": {
                "share": {
                    "file": {
                        "doc": {
                            "file": {
                                "enchant": {
                                    "file": {
                                        "changelog.Debian.gz": {
                                            "file": "../libenchant1c2a/changelog.Debian.gz",
                                            "deserializer": "symlink",
                                            "stat": {
                                                "uid": 0,
                                                "gid": 0,
                                                "ctime": 1424330470.4765208,
                                                "perm": 41471,
                                                "mtime": 1424330470.4765208,
                                                "size": 37
                                            }
                                        },
                                        "copyright": {
                                            "file": "http://d1fhml1jgvxldu.cloudfront.net/6685e7a0d7c9afc7f6b5d7702c0883f5",
                                            "deserializer": "url",
                                            "stat": {
                                                "uid": 0,
                                                "gid": 0,
                                                "ctime": 1424330470.4725208,
                                                "perm": 33188,
                                                "mtime": 1368801337.0,
                                                "size": 4131
                                            }
                                        }
                                    },
                                    "deserializer": "directory",
                                    "stat": {
                                        "uid": 0,
                                        "gid": 0,
                                        "ctime": 1424330470.4765208,
                                        "perm": 16877,
                                        "mtime": 1409556389.0,
                                        "size": 4096
                                    }
                                }
                            },
                            "deserializer": "directory",
                            "stat": {
                                "uid": 0,
                                "gid": 0,
                                "ctime": 1424330470.4765208,
                                "perm": 16877,
                                "mtime": 1409556373.0,
                                "size": 4096
                            }
                        },
                        "man": {
                            "file": {
                                "man1": {
                                    "file": {
                                        "enchant.1.gz": {
                                            "file": "http://d1fhml1jgvxldu.cloudfront.net/af50d80cb9e9bcc8426ded93464f4dc7",
                                            "deserializer": "url",
                                            "stat": {
                                                "uid": 0,
                                                "gid": 0,
                                                "ctime": 1424330470.4725208,
                                                "perm": 33188,
                                                "mtime": 1409556374.0,
                                                "size": 1191
                                            }
                                        },
                                        "enchant-lsmod.1.gz": {
                                            "file": "http://d1fhml1jgvxldu.cloudfront.net/a4aff7eed24be505398d57e59e417987",
                                            "deserializer": "url",
                                            "stat": {
                                                "uid": 0,
                                                "gid": 0,
                                                "ctime": 1424330470.4725208,
                                                "perm": 33188,
                                                "mtime": 1409556374.0,
                                                "size": 638
                                            }
                                        }
                                    },
                                    "deserializer": "directory",
                                    "stat": {
                                        "uid": 0,
                                        "gid": 0,
                                        "ctime": 1424330470.4765208,
                                        "perm": 16877,
                                        "mtime": 1409556376.0,
                                        "size": 4096
                                    }
                                }
                            },
                            "deserializer": "directory",
                            "stat": {
                                "uid": 0,
                                "gid": 0,
                                "ctime": 1424330470.4765208,
                                "perm": 16877,
                                "mtime": 1409556374.0,