{
    "file": {
        "control": {
            "file": {
                "packages": {
                    "file": {
                        "friends": {
                            "file": {},
                            "deserializer": "directory",
                            "stat": {
                                "uid": 0,
                                "gid": 0,
                                "ctime": 1424318279.408253,
                                "perm": 16893,
                                "mtime": 1424318279.408253,
                                "size": 4096
                            }
                        },
                        "python3:any (>= 3.3.2-2~)": {
                            "file": {},
                            "deserializer": "directory",
                            "stat": {
                                "uid": 0,
                                "gid": 0,
                                "ctime": 1424318279.408253,
                                "perm": 16893,
                                "mtime": 1424318279.408253,
                                "size": 4096
                            }
                        },
                        "account-plugin-facebook": {
                            "file": {},
                            "deserializer": "directory",
                            "stat": {
                                "uid": 0,
                                "gid": 0,
                                "ctime": 1424318279.408253,
                                "perm": 16893,
                                "mtime": 1424318279.408253,
                                "size": 4096
                            }
                        }
                    },
                    "deserializer": "directory",
                    "stat": {
                        "uid": 0,
                        "gid": 0,
                        "ctime": 1424318279.408253,
                        "perm": 16893,
                        "mtime": 1424318279.408253,
                        "size": 4096
                    }
                }
            },
            "deserializer": "directory",
            "stat": {
                "uid": 0,
                "gid": 0,
                "ctime": 1424318279.408253,
                "perm": 16893,
                "mtime": 1424318279.408253,
                "size": 4096
            }
        },
        "usr": {
            "file": {
                "share": {
                    "file": {
                        "doc": {
                            "file": {
                                "friends-facebook": {
                                    "file": {
                                        "changelog.Debian.gz": {
                                            "file": "../friends/changelog.Debian.gz",
                                            "deserializer": "symlink",
                                            "stat": {
                                                "uid": 0,
                                                "gid": 0,
                                                "ctime": 1424318279.424253,
                                                "perm": 41471,
                                                "mtime": 1424318279.424253,
                                                "size": 30
                                            }
                                        },
                                        "copyright": {
                                            "file": "http://d1fhml1jgvxldu.cloudfront.net/022fecfea3cbbe5240b56c2d58e2a2b4",
                                            "deserializer": "url",
                                            "stat": {
                                                "uid": 0,
                                                "gid": 0,
                                                "ctime": 1424318279.424253,
                                                "perm": 33188,
                                                "mtime": 1405370530.0,
                                                "size": 326
                                            }
                                        }
                                    },
                                    "deserializer": "directory",
                                    "stat": {
                                        "uid": 0,
                                        "gid": 0,
                                        "ctime": 1424318279.424253,
                                        "perm": 16877,
                                        "mtime": 1405370562.0,
                                        "size": 4096
                                    }
                                }
                            },
                            "deserializer": "directory",
                            "stat": {
                                "uid": 0,
                                "gid": 0,
                                "ctime": 1424318279.424253,
                                "perm": 16877,
                                "mtime": 1405370546.0,
                                "size": 4096
                            }
                        }
                    },
                    "deserializer": "directory",
                    "stat": {
                        "uid": 0,
                        "gid": 0,
                        "ctime": 1424318279.424253,
                        "perm": 16877,
                        "mtime": 1405370546.0,
                        "size": 4096
                    }
                },
                "lib": {
                    "file": {
                        "python3": {
                            "file": {
                                "dist-packages": {
                                    "file": {
                                        "friends": {
                                            "file": {
                                                "protocols": {
                                                    "file": {
                                                        "facebook.py": {
                                                            "file": "http://d1fhml1jgvxldu.cloudfront.net/e7f69f976c6cc181ff25ff66e33e22b8",
                                                            "deserializer": "url",
                                                            "stat": {
                                                                "uid": 0,
                                                                "gid": 0,
                                                                "ctime": 1424318279.420253,
                                                                "perm": 33188,
                                                                "mtime": 1405369913.0,
                                                                "size": 13697
                                                            }
                                                        }
                                                    },
                                                    "deserializer": "directory",
                                                    "stat": {
                                                        "uid": 0,
                                                        "gid": 0,
                                                        "ctime": 1424318279.424253,
                                                        "perm": 16877,
                                                        "mtime": 1405370545.0,
                                                        "size": 4096
                                                    }
                                                }
                                            },
                                            "deserializer": "directory",