{
    "file": {
        "control": {
            "file": {
                "packages": {
                    "file": {
                        "netbase": {
                            "file": {},
                            "deserializer": "directory",
                            "stat": {
                                "uid": 0,
                                "gid": 0,
                                "ctime": 1424317213.9997668,
                                "perm": 16893,
                                "mtime": 1424317213.9997668,
                                "size": 4096
                            }
                        },
                        "libc6 (>= 2.15)": {
                            "file": {},
                            "deserializer": "directory",
                            "stat": {
                                "uid": 0,
                                "gid": 0,
                                "ctime": 1424317213.9997668,
                                "perm": 16893,
                                "mtime": 1424317213.9997668,
                                "size": 4096
                            }
                        },
                        "libreadline6 (>= 6.0)": {
                            "file": {},
                            "deserializer": "directory",
                            "stat": {
                                "uid": 0,
                                "gid": 0,
                                "ctime": 1424317213.9997668,
                                "perm": 16893,
                                "mtime": 1424317213.9997668,
                                "size": 4096
                            }
                        }
                    },
                    "deserializer": "directory",
                    "stat": {
                        "uid": 0,
                        "gid": 0,
                        "ctime": 1424317213.9997668,
                        "perm": 16893,
                        "mtime": 1424317213.9997668,
                        "size": 4096
                    }
                }
            },
            "deserializer": "directory",
            "stat": {
                "uid": 0,
                "gid": 0,
                "ctime": 1424317213.9997668,
                "perm": 16893,
                "mtime": 1424317213.9997668,
                "size": 4096
            }
        },
        "usr": {
            "file": {
                "share": {
                    "file": {
                        "doc": {
                            "file": {
                                "ftp": {
                                    "file": {
                                        "BUGS": {
                                            "file": "http://d1fhml1jgvxldu.cloudfront.net/d6a3b75602401be6dd719ec2d2945841",
                                            "deserializer": "url",
                                            "stat": {
                                                "uid": 0,
                                                "gid": 0,
                                                "ctime": 1424317214.0197668,
                                                "perm": 33188,
                                                "mtime": 874998149.0,
                                                "size": 78
                                            }
                                        },
                                        "README.Debian": {
                                            "file": "http://d1fhml1jgvxldu.cloudfront.net/42afe941d24591d8b4bece081a95978c",
                                            "deserializer": "url",
                                            "stat": {
                                                "uid": 0,
                                                "gid": 0,
                                                "ctime": 1424317214.0157669,
                                                "perm": 33188,
                                                "mtime": 1308355878.0,
                                                "size": 984
                                            }
                                        },
                                        "changelog.Debian.gz": {
                                            "file": "http://d1fhml1jgvxldu.cloudfront.net/5bf83690004d75fa5e7f75daebbde383",
                                            "deserializer": "url",
                                            "stat": {
                                                "uid": 0,
                                                "gid": 0,
                                                "ctime": 1424317214.0157669,
                                                "perm": 33188,
                                                "mtime": 1405984390.0,
                                                "size": 1419
                                            }
                                        },
                                        "copyright": {
                                            "file": "http://d1fhml1jgvxldu.cloudfront.net/e1cdcf49b008667a0f00a60b87518eb4",
                                            "deserializer": "url",
                                            "stat": {
                                                "uid": 0,
                                                "gid": 0,
                                                "ctime": 1424317214.0157669,
                                                "perm": 33188,
                                                "mtime": 1400281697.0,
                                                "size": 2364
                                            }
                                        }
                                    },
                                    "deserializer": "directory",
                                    "stat": {
                                        "uid": 0,
                                        "gid": 0,
                                        "ctime": 1424317214.0197668,
                                        "perm": 16877,
                                        "mtime": 1405984390.0,
                                        "size": 4096
                                    }
                                }
                            },
                            "deserializer": "directory",
                            "stat": {
                                "uid": 0,
                                "gid": 0,
                                "ctime": 1424317214.0197668,
                                "perm": 16877,
                                "mtime": 1405984386.0,
                                "size": 4096
                            }
                        },
                        "man": {
                            "file": {
                                "man1": {
                                    "file": {
                                        "pftp.1.gz": {
                                            "file": "netkit-ftp.1.gz",
                                            "deserializer": "symlink",
                                            "stat": {
                                                "uid": 0,
                                                "gid": 0,
                                                "ctime": 1424317214.0197668,
                                                "perm": 41471,
                                                "mtime": 1424317214.0197668,
                                                "size": 15
                                            }
                                        },
                                        "netkit-ftp.1.gz": {
                                            "file": "http://d1fhml1jgvxldu.cloudfront.net/ef7e8583f3a7f373741080fae45c7847",
                                            "deserializer": "url",