{
    "stat": {
        "perm": 16877,
        "uid": 0,
        "gid": 0,
        "ctime": 1777906377.9192798,
        "mtime": 1742003262.0,
        "size": 6
    },
    "deserializer": "directory",
    "file": {
        "usr": {
            "stat": {
                "perm": 16877,
                "uid": 0,
                "gid": 0,
                "ctime": 1777906377.9192798,
                "mtime": 1742003262.0,
                "size": 10
            },
            "deserializer": "directory",
            "file": {
                "share": {
                    "stat": {
                        "perm": 16877,
                        "uid": 0,
                        "gid": 0,
                        "ctime": 1777906377.9192798,
                        "mtime": 1742003262.0,
                        "size": 6
                    },
                    "deserializer": "directory",
                    "file": {
                        "doc": {
                            "stat": {
                                "perm": 16877,
                                "uid": 0,
                                "gid": 0,
                                "ctime": 1777906377.9192798,
                                "mtime": 1742003262.0,
                                "size": 22
                            },
                            "deserializer": "directory",
                            "file": {
                                "gcc-14-base": {
                                    "stat": {
                                        "perm": 16877,
                                        "uid": 0,
                                        "gid": 0,
                                        "ctime": 1777906377.9192798,
                                        "mtime": 1742003262.0,
                                        "size": 122
                                    },
                                    "deserializer": "directory",
                                    "file": {
                                        "README.Debian.amd64.gz": {
                                            "stat": {
                                                "perm": 33188,
                                                "uid": 0,
                                                "gid": 0,
                                                "ctime": 1777906377.9152796,
                                                "mtime": 1742003262.0,
                                                "size": 3422
                                            },
                                            "deserializer": "url",
                                            "file": "/blobs/5296d3b2adbab4b6dcc733d125a93eb1122f9c7905f24d1b2cab5e89c49a5510"
                                        },
                                        "TODO.Debian": {
                                            "stat": {
                                                "perm": 33188,
                                                "uid": 0,
                                                "gid": 0,
                                                "ctime": 1777906377.9152796,
                                                "mtime": 1605207100.0,
                                                "size": 2212
                                            },
                                            "deserializer": "url",
                                            "file": "/blobs/aba726eeeafd7ae426552559759c83ee93249d0d9c4e3e19f146fde6d2cde448"
                                        },
                                        "changelog.Debian.gz": {
                                            "stat": {
                                                "perm": 33188,
                                                "uid": 0,
                                                "gid": 0,
                                                "ctime": 1777906377.9152796,
                                                "mtime": 1742003262.0,
                                                "size": 30907
                                            },
                                            "deserializer": "url",
                                            "file": "/blobs/96566a2df70b85708bd8edf8a41c5dc87eca402199f2480df23abe4be4a92757"
                                        },
                                        "copyright": {
                                            "stat": {
                                                "perm": 33188,
                                                "uid": 0,
                                                "gid": 0,
                                                "ctime": 1777906377.9192798,
                                                "mtime": 1742003262.0,
                                                "size": 69004
                                            },
                                            "deserializer": "url",
                                            "file": "/blobs/20390f8a6f3b1e4d7cb45dd8652dabb259bbef688cbad839bcdb0b9ba7252f79"
                                        }
                                    }
                                }
                            }
                        }
                    }
                }
            }
        }
    }
}