{
    "file": {
        "control": {
            "file": {
                "packages": {
                    "file": {
                        "libnm-glib4 (>= 0.7.999)": {
                            "file": {},
                            "deserializer": "directory",
                            "stat": {
                                "uid": 0,
                                "gid": 0,
                                "ctime": 1424329783.8974233,
                                "perm": 16893,
                                "mtime": 1424329783.8974233,
                                "size": 4096
                            }
                        },
                        "libglib2.0-0 (>= 2.37.3)": {
                            "file": {},
                            "deserializer": "directory",
                            "stat": {
                                "uid": 0,
                                "gid": 0,
                                "ctime": 1424329783.8974233,
                                "perm": 16893,
                                "mtime": 1424329783.8974233,
                                "size": 4096
                            }
                        },
                        "libdbus-glib-1-2 (>= 0.88)": {
                            "file": {},
                            "deserializer": "directory",
                            "stat": {
                                "uid": 0,
                                "gid": 0,
                                "ctime": 1424329783.8974233,
                                "perm": 16893,
                                "mtime": 1424329783.8974233,
                                "size": 4096
                            }
                        },
                        "libc6 (>= 2.7)": {
                            "file": {},
                            "deserializer": "directory",
                            "stat": {
                                "uid": 0,
                                "gid": 0,
                                "ctime": 1424329783.8974233,
                                "perm": 16893,
                                "mtime": 1424329783.8974233,
                                "size": 4096
                            }
                        },
                        "dconf-gsettings-backend | gsettings-backend": {
                            "file": {},
                            "deserializer": "directory",
                            "stat": {
                                "uid": 0,
                                "gid": 0,
                                "ctime": 1424329783.8974233,
                                "perm": 16893,
                                "mtime": 1424329783.8974233,
                                "size": 4096
                            }
                        },
                        "libnm-util2 (>= 0.7.0)": {
                            "file": {},
                            "deserializer": "directory",
                            "stat": {
                                "uid": 0,
                                "gid": 0,
                                "ctime": 1424329783.8974233,
                                "perm": 16893,
                                "mtime": 1424329783.8974233,
                                "size": 4096
                            }
                        },
                        "libgeoclue0 (>= 0.11.1)": {
                            "file": {},
                            "deserializer": "directory",
                            "stat": {
                                "uid": 0,
                                "gid": 0,
                                "ctime": 1424329783.8974233,
                                "perm": 16893,
                                "mtime": 1424329783.8974233,
                                "size": 4096
                            }
                        }
                    },
                    "deserializer": "directory",
                    "stat": {
                        "uid": 0,
                        "gid": 0,
                        "ctime": 1424329783.8974233,
                        "perm": 16893,
                        "mtime": 1424329783.8974233,
                        "size": 4096
                    }
                }
            },
            "deserializer": "directory",
            "stat": {
                "uid": 0,
                "gid": 0,
                "ctime": 1424329783.8974233,
                "perm": 16893,
                "mtime": 1424329783.8974233,
                "size": 4096
            }
        },
        "usr": {
            "file": {
                "share": {
                    "file": {
                        "doc": {
                            "file": {
                                "geoclue": {
                                    "file": {
                                        "README": {
                                            "file": "http://d1fhml1jgvxldu.cloudfront.net/9a08867df9ca4bd81ab95beb1d3b2bbd",
                                            "deserializer": "url",
                                            "stat": {
                                                "uid": 0,
                                                "gid": 0,
                                                "ctime": 1424329783.9094234,
                                                "perm": 33188,
                                                "mtime": 1343753225.0,
                                                "size": 698
                                            }
                                        },
                                        "copyright": {
                                            "file": "http://d1fhml1jgvxldu.cloudfront.net/5f64847920c3b6fc41f9236de98dd4bc",
                                            "deserializer": "url",
                                            "stat": {
                                                "uid": 0,
                                                "gid": 0,
                                                "ctime": 1424329783.9094234,
                                                "perm": 33188,
                                                "mtime": 1378755837.0,
                                                "size": 1492
                                            }
                                        },
                                        "changelog.Debian.gz": {
                                            "file": "../libgeoclue0/changelog.Debian.gz",
                                            "deserializer": "symlink",
                                            "stat": {
                                                "uid": 0,
                                                "gid": 0,
                                                "ctime": 1424329783.9134235,
                                                "perm": 41471,
                                                "mtime": 1424329783.9134235,
                                                "size": 34
                                            }
                                        },
                                        "AUTHORS": {
                                            "file": "http://d1fhml1jgvxldu.cloudfront.net/a8602778e07d516e2af139987182962d",
                                            "deserializer": "url",
                                            "stat": {
                                                "uid": 0,
                                                "gid": 0,
                                                "ctime": 1424329783.9094234,
                                                "perm": 33188,
                                                "mtime": 1343753225.0,