{
    "file": {
        "control": {
            "file": {
                "packages": {
                    "file": {
                        "gir1.2-glib-2.0": {
                            "file": {},
                            "deserializer": "directory",
                            "stat": {
                                "uid": 0,
                                "gid": 0,
                                "ctime": 1424299725.235484,
                                "perm": 16893,
                                "mtime": 1424299725.235484,
                                "size": 4096
                            }
                        },
                        "libtotem0 (>= 3.10.1-1ubuntu6)": {
                            "file": {},
                            "deserializer": "directory",
                            "stat": {
                                "uid": 0,
                                "gid": 0,
                                "ctime": 1424299725.235484,
                                "perm": 16893,
                                "mtime": 1424299725.235484,
                                "size": 4096
                            }
                        },
                        "gir1.2-totem-plparser-1.0": {
                            "file": {},
                            "deserializer": "directory",
                            "stat": {
                                "uid": 0,
                                "gid": 0,
                                "ctime": 1424299725.235484,
                                "perm": 16893,
                                "mtime": 1424299725.235484,
                                "size": 4096
                            }
                        },
                        "libtotem0 (<< 3.11)": {
                            "file": {},
                            "deserializer": "directory",
                            "stat": {
                                "uid": 0,
                                "gid": 0,
                                "ctime": 1424299725.235484,
                                "perm": 16893,
                                "mtime": 1424299725.235484,
                                "size": 4096
                            }
                        },
                        "gir1.2-gtk-3.0": {
                            "file": {},
                            "deserializer": "directory",
                            "stat": {
                                "uid": 0,
                                "gid": 0,
                                "ctime": 1424299725.235484,
                                "perm": 16893,
                                "mtime": 1424299725.235484,
                                "size": 4096
                            }
                        }
                    },
                    "deserializer": "directory",
                    "stat": {
                        "uid": 0,
                        "gid": 0,
                        "ctime": 1424299725.235484,
                        "perm": 16893,
                        "mtime": 1424299725.235484,
                        "size": 4096
                    }
                }
            },
            "deserializer": "directory",
            "stat": {
                "uid": 0,
                "gid": 0,
                "ctime": 1424299725.235484,
                "perm": 16893,
                "mtime": 1424299725.235484,
                "size": 4096
            }
        },
        "usr": {
            "file": {
                "share": {
                    "file": {
                        "doc": {
                            "file": {
                                "gir1.2-totem-1.0": {
                                    "file": {
                                        "README": {
                                            "file": "../libtotem0/README",
                                            "deserializer": "symlink",
                                            "stat": {
                                                "uid": 0,
                                                "gid": 0,
                                                "ctime": 1424299725.2394838,
                                                "perm": 41471,
                                                "mtime": 1424299725.2394838,
                                                "size": 19
                                            }
                                        },
                                        "AUTHORS": {
                                            "file": "../libtotem0/AUTHORS",
                                            "deserializer": "symlink",
                                            "stat": {
                                                "uid": 0,
                                                "gid": 0,
                                                "ctime": 1424299725.2394838,
                                                "perm": 41471,
                                                "mtime": 1424299725.2394838,
                                                "size": 20
                                            }
                                        },
                                        "NEWS.gz": {
                                            "file": "../libtotem0/NEWS.gz",
                                            "deserializer": "symlink",
                                            "stat": {
                                                "uid": 0,
                                                "gid": 0,
                                                "ctime": 1424299725.2394838,
                                                "perm": 41471,
                                                "mtime": 1424299725.2394838,
                                                "size": 20
                                            }
                                        },
                                        "TODO": {
                                            "file": "../libtotem0/TODO",
                                            "deserializer": "symlink",
                                            "stat": {
                                                "uid": 0,
                                                "gid": 0,
                                                "ctime": 1424299725.2394838,
                                                "perm": 41471,
                                                "mtime": 1424299725.2394838,
                                                "size": 17
                                            }
                                        },
                                        "changelog.Debian.gz": {
                                            "file": "../libtotem0/changelog.Debian.gz",
                                            "deserializer": "symlink",
                                            "stat": {
                                                "uid": 0,
                                                "gid": 0,
                                                "ctime": 1424299725.2394838,
                                                "perm": 41471,
                                                "mtime": 1424299725.2394838,
                                                "size": 32
                                            }
                                        },
                                        "copyright": {
                                            "file": "http://d1fhml1jgvxldu.cloudfront.net/895062c3f6b7fb6b09b39fca8cbaacab",
                                            "deserializer": "url",
                                            "stat": {
                                                "uid": 0,
                                                "gid": 0,
                                                "ctime": 1424299725.2394838,