{
    "file": {
        "control": {
            "file": {
                "packages": {
                    "file": {
                        "libaccounts-glib0 (= 1.18+14.10.20140901-0ubuntu1)": {
                            "file": {},
                            "deserializer": "directory",
                            "stat": {
                                "uid": 0,
                                "gid": 0,
                                "ctime": 1424330363.0361476,
                                "perm": 16893,
                                "mtime": 1424330363.0361476,
                                "size": 4096
                            }
                        }
                    },
                    "deserializer": "directory",
                    "stat": {
                        "uid": 0,
                        "gid": 0,
                        "ctime": 1424330363.0361476,
                        "perm": 16893,
                        "mtime": 1424330363.0361476,
                        "size": 4096
                    }
                }
            },
            "deserializer": "directory",
            "stat": {
                "uid": 0,
                "gid": 0,
                "ctime": 1424330363.0361476,
                "perm": 16893,
                "mtime": 1424330363.0361476,
                "size": 4096
            }
        },
        "usr": {
            "file": {
                "share": {
                    "file": {
                        "doc": {
                            "file": {
                                "gir1.2-accounts-1.0": {
                                    "file": {
                                        "changelog.Debian.gz": {
                                            "file": "../libaccounts-glib0/changelog.Debian.gz",
                                            "deserializer": "symlink",
                                            "stat": {
                                                "uid": 0,
                                                "gid": 0,
                                                "ctime": 1424330363.0521476,
                                                "perm": 41471,
                                                "mtime": 1424330363.0521476,
                                                "size": 40
                                            }
                                        },
                                        "copyright": {
                                            "file": "http://d1fhml1jgvxldu.cloudfront.net/9477a3ee7932487e785b0fb57159ce92",
                                            "deserializer": "url",
                                            "stat": {
                                                "uid": 0,
                                                "gid": 0,
                                                "ctime": 1424330363.0521476,
                                                "perm": 33188,
                                                "mtime": 1409583554.0,
                                                "size": 489
                                            }
                                        }
                                    },
                                    "deserializer": "directory",
                                    "stat": {
                                        "uid": 0,
                                        "gid": 0,
                                        "ctime": 1424330363.0521476,
                                        "perm": 16877,
                                        "mtime": 1409583918.0,
                                        "size": 4096
                                    }
                                }
                            },
                            "deserializer": "directory",
                            "stat": {
                                "uid": 0,
                                "gid": 0,
                                "ctime": 1424330363.0521476,
                                "perm": 16877,
                                "mtime": 1409583906.0,
                                "size": 4096
                            }
                        }
                    },
                    "deserializer": "directory",
                    "stat": {
                        "uid": 0,
                        "gid": 0,
                        "ctime": 1424330363.0521476,
                        "perm": 16877,
                        "mtime": 1409583906.0,
                        "size": 4096
                    }
                },
                "lib": {
                    "file": {
                        "python3": {
                            "file": {
                                "dist-packages": {
                                    "file": {
                                        "gi": {
                                            "file": {
                                                "overrides": {
                                                    "file": {
                                                        "Accounts.py": {
                                                            "file": "http://d1fhml1jgvxldu.cloudfront.net/f6c4ccf298d6deaf048fe94b1d46708a",
                                                            "deserializer": "url",
                                                            "stat": {
                                                                "uid": 0,
                                                                "gid": 0,
                                                                "ctime": 1424330363.0521476,
                                                                "perm": 33188,
                                                                "mtime": 1409583906.0,
                                                                "size": 2725
                                                            }
                                                        }
                                                    },
                                                    "deserializer": "directory",
                                                    "stat": {
                                                        "uid": 0,
                                                        "gid": 0,
                                                        "ctime": 1424330363.0521476,
                                                        "perm": 16877,
                                                        "mtime": 1409583906.0,
                                                        "size": 4096
                                                    }
                                                }
                                            },
                                            "deserializer": "directory",
                                            "stat": {
                                                "uid": 0,
                                                "gid": 0,
                                                "ctime": 1424330363.0561476,
                                                "perm": 16877,
                                                "mtime": 1409583906.0,
                                                "size": 4096
                                            }
                                        }
                                    },
                                    "deserializer": "directory",
                                    "stat": {
                                        "uid": 0,
                                        "gid": 0,
                                        "ctime": 1424330363.0561476,
                                        "perm": 16877,
                                        "mtime": 1409583906.0,