{
    "file": {
        "control": {
            "file": {
                "packages": {
                    "file": {
                        "gir1.2-glib-2.0": {
                            "file": {},
                            "deserializer": "directory",
                            "stat": {
                                "uid": 0,
                                "gid": 0,
                                "ctime": 1424303788.3823802,
                                "perm": 16893,
                                "mtime": 1424303788.3823802,
                                "size": 4096
                            }
                        },
                        "gconf-service": {
                            "file": {},
                            "deserializer": "directory",
                            "stat": {
                                "uid": 0,
                                "gid": 0,
                                "ctime": 1424303788.3823802,
                                "perm": 16893,
                                "mtime": 1424303788.3823802,
                                "size": 4096
                            }
                        },
                        "libgconf-2-4 (>= 3.2.6-2ubuntu1)": {
                            "file": {},
                            "deserializer": "directory",
                            "stat": {
                                "uid": 0,
                                "gid": 0,
                                "ctime": 1424303788.3823802,
                                "perm": 16893,
                                "mtime": 1424303788.3823802,
                                "size": 4096
                            }
                        }
                    },
                    "deserializer": "directory",
                    "stat": {
                        "uid": 0,
                        "gid": 0,
                        "ctime": 1424303788.3823802,
                        "perm": 16893,
                        "mtime": 1424303788.3823802,
                        "size": 4096
                    }
                }
            },
            "deserializer": "directory",
            "stat": {
                "uid": 0,
                "gid": 0,
                "ctime": 1424303788.3823802,
                "perm": 16893,
                "mtime": 1424303788.3823802,
                "size": 4096
            }
        },
        "usr": {
            "file": {
                "share": {
                    "file": {
                        "doc": {
                            "file": {
                                "gir1.2-gconf-2.0": {
                                    "file": {
                                        "NEWS.Debian.gz": {
                                            "file": "../libgconf-2-4/NEWS.Debian.gz",
                                            "deserializer": "symlink",
                                            "stat": {
                                                "uid": 0,
                                                "gid": 0,
                                                "ctime": 1424303788.3983803,
                                                "perm": 41471,
                                                "mtime": 1424303788.3983803,
                                                "size": 30
                                            }
                                        },
                                        "README": {
                                            "file": "../libgconf-2-4/README",
                                            "deserializer": "symlink",
                                            "stat": {
                                                "uid": 0,
                                                "gid": 0,
                                                "ctime": 1424303788.3983803,
                                                "perm": 41471,
                                                "mtime": 1424303788.3983803,
                                                "size": 22
                                            }
                                        },
                                        "AUTHORS": {
                                            "file": "../libgconf-2-4/AUTHORS",
                                            "deserializer": "symlink",
                                            "stat": {
                                                "uid": 0,
                                                "gid": 0,
                                                "ctime": 1424303788.3983803,
                                                "perm": 41471,
                                                "mtime": 1424303788.3983803,
                                                "size": 23
                                            }
                                        },
                                        "NEWS.gz": {
                                            "file": "../libgconf-2-4/NEWS.gz",
                                            "deserializer": "symlink",
                                            "stat": {
                                                "uid": 0,
                                                "gid": 0,
                                                "ctime": 1424303788.3983803,
                                                "perm": 41471,
                                                "mtime": 1424303788.3983803,
                                                "size": 23
                                            }
                                        },
                                        "TODO": {
                                            "file": "../libgconf-2-4/TODO",
                                            "deserializer": "symlink",
                                            "stat": {
                                                "uid": 0,
                                                "gid": 0,
                                                "ctime": 1424303788.3983803,
                                                "perm": 41471,
                                                "mtime": 1424303788.3983803,
                                                "size": 20
                                            }
                                        },
                                        "changelog.Debian.gz": {
                                            "file": "../libgconf-2-4/changelog.Debian.gz",
                                            "deserializer": "symlink",
                                            "stat": {
                                                "uid": 0,
                                                "gid": 0,
                                                "ctime": 1424303788.3983803,
                                                "perm": 41471,
                                                "mtime": 1424303788.3983803,
                                                "size": 35
                                            }
                                        },
                                        "copyright": {
                                            "file": "http://d1fhml1jgvxldu.cloudfront.net/616b3703117a9f12548cc7257f95ad24",
                                            "deserializer": "url",
                                            "stat": {
                                                "uid": 0,
                                                "gid": 0,
                                                "ctime": 1424303788.3943803,
                                                "perm": 33188,
                                                "mtime": 1395952794.0,
                                                "size": 1458
                                            }
                                        }
                                    },