{
    "file": {
        "control": {
            "file": {
                "packages": {
                    "file": {
                        "gir1.2-glib-2.0": {
                            "file": {},
                            "deserializer": "directory",
                            "stat": {
                                "uid": 0,
                                "gid": 0,
                                "ctime": 1424304143.0193527,
                                "perm": 16893,
                                "mtime": 1424304143.0193527,
                                "size": 4096
                            }
                        },
                        "libgnome-bluetooth11 (>= 3.4.0)": {
                            "file": {},
                            "deserializer": "directory",
                            "stat": {
                                "uid": 0,
                                "gid": 0,
                                "ctime": 1424304143.0233526,
                                "perm": 16893,
                                "mtime": 1424304143.0233526,
                                "size": 4096
                            }
                        },
                        "gir1.2-gtk-3.0": {
                            "file": {},
                            "deserializer": "directory",
                            "stat": {
                                "uid": 0,
                                "gid": 0,
                                "ctime": 1424304143.0233526,
                                "perm": 16893,
                                "mtime": 1424304143.0233526,
                                "size": 4096
                            }
                        }
                    },
                    "deserializer": "directory",
                    "stat": {
                        "uid": 0,
                        "gid": 0,
                        "ctime": 1424304143.0233526,
                        "perm": 16893,
                        "mtime": 1424304143.0233526,
                        "size": 4096
                    }
                }
            },
            "deserializer": "directory",
            "stat": {
                "uid": 0,
                "gid": 0,
                "ctime": 1424304143.0193527,
                "perm": 16893,
                "mtime": 1424304143.0193527,
                "size": 4096
            }
        },
        "usr": {
            "file": {
                "share": {
                    "file": {
                        "doc": {
                            "file": {
                                "gir1.2-gnomebluetooth-1.0": {
                                    "file": {
                                        "README": {
                                            "file": "../libgnome-bluetooth11/README",
                                            "deserializer": "symlink",
                                            "stat": {
                                                "uid": 0,
                                                "gid": 0,
                                                "ctime": 1424304143.0313528,
                                                "perm": 41471,
                                                "mtime": 1424304143.0313528,
                                                "size": 30
                                            }
                                        },
                                        "copyright": {
                                            "file": "http://d1fhml1jgvxldu.cloudfront.net/786d7253261f887fe2db9f80bb1f66eb",
                                            "deserializer": "url",
                                            "stat": {
                                                "uid": 0,
                                                "gid": 0,
                                                "ctime": 1424304143.0273528,
                                                "perm": 33188,
                                                "mtime": 1407870694.0,
                                                "size": 3503
                                            }
                                        },
                                        "NEWS.gz": {
                                            "file": "../libgnome-bluetooth11/NEWS.gz",
                                            "deserializer": "symlink",
                                            "stat": {
                                                "uid": 0,
                                                "gid": 0,
                                                "ctime": 1424304143.0353527,
                                                "perm": 41471,
                                                "mtime": 1424304143.0353527,
                                                "size": 31
                                            }
                                        },
                                        "changelog.Debian.gz": {
                                            "file": "../libgnome-bluetooth11/changelog.Debian.gz",
                                            "deserializer": "symlink",
                                            "stat": {
                                                "uid": 0,
                                                "gid": 0,
                                                "ctime": 1424304143.0313528,
                                                "perm": 41471,
                                                "mtime": 1424304143.0313528,
                                                "size": 43
                                            }
                                        },
                                        "AUTHORS": {
                                            "file": "../libgnome-bluetooth11/AUTHORS",
                                            "deserializer": "symlink",
                                            "stat": {
                                                "uid": 0,
                                                "gid": 0,
                                                "ctime": 1424304143.0313528,
                                                "perm": 41471,
                                                "mtime": 1424304143.0313528,
                                                "size": 31
                                            }
                                        }
                                    },
                                    "deserializer": "directory",
                                    "stat": {
                                        "uid": 0,
                                        "gid": 0,
                                        "ctime": 1424304143.0353527,
                                        "perm": 16877,
                                        "mtime": 1407900378.0,
                                        "size": 4096
                                    }
                                }
                            },
                            "deserializer": "directory",
                            "stat": {
                                "uid": 0,
                                "gid": 0,
                                "ctime": 1424304143.0353527,
                                "perm": 16877,
                                "mtime": 1407900312.0,
                                "size": 4096
                            }
                        }
                    },
                    "deserializer": "directory",
                    "stat": {
                        "uid": 0,
                        "gid": 0,
                        "ctime": 1424304143.0353527,
                        "perm": 16877,
                        "mtime": 1407900312.0,
                        "size": 4096
                    }
                },