{
    "file": {
        "control": {
            "file": {
                "packages": {
                    "file": {
                        "gir1.2-glib-2.0": {
                            "file": {},
                            "deserializer": "directory",
                            "stat": {
                                "uid": 0,
                                "gid": 0,
                                "ctime": 1424315732.2538671,
                                "perm": 16893,
                                "mtime": 1424315732.2538671,
                                "size": 4096
                            }
                        },
                        "gir1.2-gconf-2.0": {
                            "file": {},
                            "deserializer": "directory",
                            "stat": {
                                "uid": 0,
                                "gid": 0,
                                "ctime": 1424315732.2538671,
                                "perm": 16893,
                                "mtime": 1424315732.2538671,
                                "size": 4096
                            }
                        },
                        "gir1.2-gtk-3.0": {
                            "file": {},
                            "deserializer": "directory",
                            "stat": {
                                "uid": 0,
                                "gid": 0,
                                "ctime": 1424315732.2538671,
                                "perm": 16893,
                                "mtime": 1424315732.2538671,
                                "size": 4096
                            }
                        },
                        "libpanel-applet-4-0 (>= 3.4.1)": {
                            "file": {},
                            "deserializer": "directory",
                            "stat": {
                                "uid": 0,
                                "gid": 0,
                                "ctime": 1424315732.2538671,
                                "perm": 16893,
                                "mtime": 1424315732.2538671,
                                "size": 4096
                            }
                        }
                    },
                    "deserializer": "directory",
                    "stat": {
                        "uid": 0,
                        "gid": 0,
                        "ctime": 1424315732.2538671,
                        "perm": 16893,
                        "mtime": 1424315732.2538671,
                        "size": 4096
                    }
                }
            },
            "deserializer": "directory",
            "stat": {
                "uid": 0,
                "gid": 0,
                "ctime": 1424315732.2538671,
                "perm": 16893,
                "mtime": 1424315732.2538671,
                "size": 4096
            }
        },
        "usr": {
            "file": {
                "share": {
                    "file": {
                        "doc": {
                            "file": {
                                "gir1.2-panelapplet-4.0": {
                                    "file": {
                                        "README": {
                                            "file": "../libpanel-applet-4-0/README",
                                            "deserializer": "symlink",
                                            "stat": {
                                                "uid": 0,
                                                "gid": 0,
                                                "ctime": 1424315732.2618673,
                                                "perm": 41471,
                                                "mtime": 1424315732.2618673,
                                                "size": 29
                                            }
                                        },
                                        "copyright": {
                                            "file": "http://d1fhml1jgvxldu.cloudfront.net/8172ca04d3894ec33f3a62dcf2a6c3df",
                                            "deserializer": "url",
                                            "stat": {
                                                "uid": 0,
                                                "gid": 0,
                                                "ctime": 1424315732.2618673,
                                                "perm": 33188,
                                                "mtime": 1408807008.0,
                                                "size": 4540
                                            }
                                        },
                                        "NEWS.gz": {
                                            "file": "../libpanel-applet-4-0/NEWS.gz",
                                            "deserializer": "symlink",
                                            "stat": {
                                                "uid": 0,
                                                "gid": 0,
                                                "ctime": 1424315732.2618673,
                                                "perm": 41471,
                                                "mtime": 1424315732.2618673,
                                                "size": 30
                                            }
                                        },
                                        "changelog.Debian.gz": {
                                            "file": "../libpanel-applet-4-0/changelog.Debian.gz",
                                            "deserializer": "symlink",
                                            "stat": {
                                                "uid": 0,
                                                "gid": 0,
                                                "ctime": 1424315732.2618673,
                                                "perm": 41471,
                                                "mtime": 1424315732.2618673,
                                                "size": 42
                                            }
                                        },
                                        "AUTHORS": {
                                            "file": "../libpanel-applet-4-0/AUTHORS",
                                            "deserializer": "symlink",
                                            "stat": {
                                                "uid": 0,
                                                "gid": 0,
                                                "ctime": 1424315732.2618673,
                                                "perm": 41471,
                                                "mtime": 1424315732.2618673,
                                                "size": 30
                                            }
                                        }
                                    },
                                    "deserializer": "directory",
                                    "stat": {
                                        "uid": 0,
                                        "gid": 0,
                                        "ctime": 1424315732.2618673,
                                        "perm": 16877,
                                        "mtime": 1413293831.0,
                                        "size": 4096
                                    }
                                }
                            },
                            "deserializer": "directory",
                            "stat": {
                                "uid": 0,
                                "gid": 0,
                                "ctime": 1424315732.2618673,
                                "perm": 16877,
                                "mtime": 1413293797.0,