{
    "file": {
        "control": {
            "file": {
                "packages": {
                    "file": {
                        "gir1.2-glib-2.0": {
                            "file": {},
                            "deserializer": "directory",
                            "stat": {
                                "uid": 0,
                                "gid": 0,
                                "ctime": 1424327837.8479528,
                                "perm": 16893,
                                "mtime": 1424327837.8479528,
                                "size": 4096
                            }
                        },
                        "gir1.2-soup-2.4": {
                            "file": {},
                            "deserializer": "directory",
                            "stat": {
                                "uid": 0,
                                "gid": 0,
                                "ctime": 1424327837.8479528,
                                "perm": 16893,
                                "mtime": 1424327837.8479528,
                                "size": 4096
                            }
                        },
                        "gir1.2-javascriptcoregtk-3.0 (= 2.4.7-1~ubuntu14.10.1)": {
                            "file": {},
                            "deserializer": "directory",
                            "stat": {
                                "uid": 0,
                                "gid": 0,
                                "ctime": 1424327837.8479528,
                                "perm": 16893,
                                "mtime": 1424327837.8479528,
                                "size": 4096
                            }
                        },
                        "gir1.2-gtk-3.0 (>= 3.10.0)": {
                            "file": {},
                            "deserializer": "directory",
                            "stat": {
                                "uid": 0,
                                "gid": 0,
                                "ctime": 1424327837.8479528,
                                "perm": 16893,
                                "mtime": 1424327837.8479528,
                                "size": 4096
                            }
                        },
                        "libwebkitgtk-3.0-0 (>= 2.4.6)": {
                            "file": {},
                            "deserializer": "directory",
                            "stat": {
                                "uid": 0,
                                "gid": 0,
                                "ctime": 1424327837.8479528,
                                "perm": 16893,
                                "mtime": 1424327837.8479528,
                                "size": 4096
                            }
                        }
                    },
                    "deserializer": "directory",
                    "stat": {
                        "uid": 0,
                        "gid": 0,
                        "ctime": 1424327837.8479528,
                        "perm": 16893,
                        "mtime": 1424327837.8479528,
                        "size": 4096
                    }
                }
            },
            "deserializer": "directory",
            "stat": {
                "uid": 0,
                "gid": 0,
                "ctime": 1424327837.8479528,
                "perm": 16893,
                "mtime": 1424327837.8479528,
                "size": 4096
            }
        },
        "usr": {
            "file": {
                "share": {
                    "file": {
                        "doc": {
                            "file": {
                                "gir1.2-webkit-3.0": {
                                    "file": {
                                        "changelog.Debian.gz": {
                                            "file": "../gir1.2-javascriptcoregtk-3.0/changelog.Debian.gz",
                                            "deserializer": "symlink",
                                            "stat": {
                                                "uid": 0,
                                                "gid": 0,
                                                "ctime": 1424327837.875953,
                                                "perm": 41471,
                                                "mtime": 1424327837.875953,
                                                "size": 51
                                            }
                                        },
                                        "copyright": {
                                            "file": "http://d1fhml1jgvxldu.cloudfront.net/00d91374b210e901d739f6cf4be1c555",
                                            "deserializer": "url",
                                            "stat": {
                                                "uid": 0,
                                                "gid": 0,
                                                "ctime": 1424327837.875953,
                                                "perm": 33188,
                                                "mtime": 1415019886.0,
                                                "size": 44304
                                            }
                                        }
                                    },
                                    "deserializer": "directory",
                                    "stat": {
                                        "uid": 0,
                                        "gid": 0,
                                        "ctime": 1424327837.875953,
                                        "perm": 16877,
                                        "mtime": 1415393365.0,
                                        "size": 4096
                                    }
                                }
                            },
                            "deserializer": "directory",
                            "stat": {
                                "uid": 0,
                                "gid": 0,
                                "ctime": 1424327837.875953,
                                "perm": 16877,
                                "mtime": 1415391085.0,
                                "size": 4096
                            }
                        }
                    },
                    "deserializer": "directory",
                    "stat": {
                        "uid": 0,
                        "gid": 0,
                        "ctime": 1424327837.875953,
                        "perm": 16877,
                        "mtime": 1415391085.0,
                        "size": 4096
                    }
                },
                "lib": {
                    "file": {
                        "girepository-1.0": {
                            "file": {
                                "WebKit-3.0.typelib": {
                                    "file": "http://d1fhml1jgvxldu.cloudfront.net/7bad01495665bdfe3ebcebc1eddbdf81",
                                    "deserializer": "url",
                                    "stat": {
                                        "uid": 0,
                                        "gid": 0,
                                        "ctime": 1424327837.875953,
                                        "perm": 33188,
                                        "mtime": 1415387336.0,
                                        "size": 281600
                                    }
                                }
                            },
                            "deserializer": "directory",
                            "stat": {
                                "uid": 0,
                                "gid": 0,
                                "ctime": 1424327837.879953,
                                "perm": 16877,
                                "mtime": 1415391297.0,