{
    "file": {
        "control": {
            "file": {
                "packages": {
                    "file": {
                        "gir1.2-glib-2.0": {
                            "file": {},
                            "deserializer": "directory",
                            "stat": {
                                "uid": 0,
                                "gid": 0,
                                "ctime": 1424299455.8825314,
                                "perm": 16893,
                                "mtime": 1424299455.8825314,
                                "size": 4096
                            }
                        },
                        "gir1.2-freedesktop": {
                            "file": {},
                            "deserializer": "directory",
                            "stat": {
                                "uid": 0,
                                "gid": 0,
                                "ctime": 1424299455.8825314,
                                "perm": 16893,
                                "mtime": 1424299455.8825314,
                                "size": 4096
                            }
                        },
                        "gir1.2-goa-1.0": {
                            "file": {},
                            "deserializer": "directory",
                            "stat": {
                                "uid": 0,
                                "gid": 0,
                                "ctime": 1424299455.8825314,
                                "perm": 16893,
                                "mtime": 1424299455.8825314,
                                "size": 4096
                            }
                        },
                        "gir1.2-soup-2.4": {
                            "file": {},
                            "deserializer": "directory",
                            "stat": {
                                "uid": 0,
                                "gid": 0,
                                "ctime": 1424299455.8825314,
                                "perm": 16893,
                                "mtime": 1424299455.8825314,
                                "size": 4096
                            }
                        },
                        "libgdata19 (>= 0.16.0)": {
                            "file": {},
                            "deserializer": "directory",
                            "stat": {
                                "uid": 0,
                                "gid": 0,
                                "ctime": 1424299455.8825314,
                                "perm": 16893,
                                "mtime": 1424299455.8825314,
                                "size": 4096
                            }
                        },
                        "gir1.2-json-1.0": {
                            "file": {},
                            "deserializer": "directory",
                            "stat": {
                                "uid": 0,
                                "gid": 0,
                                "ctime": 1424299455.8825314,
                                "perm": 16893,
                                "mtime": 1424299455.8825314,
                                "size": 4096
                            }
                        }
                    },
                    "deserializer": "directory",
                    "stat": {
                        "uid": 0,
                        "gid": 0,
                        "ctime": 1424299455.8825314,
                        "perm": 16893,
                        "mtime": 1424299455.8825314,
                        "size": 4096
                    }
                }
            },
            "deserializer": "directory",
            "stat": {
                "uid": 0,
                "gid": 0,
                "ctime": 1424299455.8825314,
                "perm": 16893,
                "mtime": 1424299455.8825314,
                "size": 4096
            }
        },
        "usr": {
            "file": {
                "share": {
                    "file": {
                        "doc": {
                            "file": {
                                "gir1.2-gdata-0.0": {
                                    "file": {
                                        "README": {
                                            "file": "../libgdata19/README",
                                            "deserializer": "symlink",
                                            "stat": {
                                                "uid": 0,
                                                "gid": 0,
                                                "ctime": 1424299455.8945315,
                                                "perm": 41471,
                                                "mtime": 1424299455.8945315,
                                                "size": 20
                                            }
                                        },
                                        "copyright": {
                                            "file": "http://d1fhml1jgvxldu.cloudfront.net/7ec31026e06acd2d76476b5e0134a024",
                                            "deserializer": "url",
                                            "stat": {
                                                "uid": 0,
                                                "gid": 0,
                                                "ctime": 1424299455.8945315,
                                                "perm": 33188,
                                                "mtime": 1331766987.0,
                                                "size": 1149
                                            }
                                        },
                                        "NEWS.gz": {
                                            "file": "../libgdata19/NEWS.gz",
                                            "deserializer": "symlink",
                                            "stat": {
                                                "uid": 0,
                                                "gid": 0,
                                                "ctime": 1424299455.8945315,
                                                "perm": 41471,
                                                "mtime": 1424299455.8945315,
                                                "size": 21
                                            }
                                        },
                                        "changelog.Debian.gz": {
                                            "file": "../libgdata19/changelog.Debian.gz",
                                            "deserializer": "symlink",
                                            "stat": {
                                                "uid": 0,
                                                "gid": 0,
                                                "ctime": 1424299455.8945315,
                                                "perm": 41471,
                                                "mtime": 1424299455.8945315,
                                                "size": 33
                                            }
                                        },
                                        "AUTHORS": {
                                            "file": "../libgdata19/AUTHORS",
                                            "deserializer": "symlink",
                                            "stat": {
                                                "uid": 0,
                                                "gid": 0,
                                                "ctime": 1424299455.8945315,
                                                "perm": 41471,
                                                "mtime": 1424299455.8945315,