{
    "file": {
        "control": {
            "file": {
                "packages": {
                    "file": {
                        "libdbusmenu-glib4 (= 12.10.3+14.10.20140610-0ubuntu1)": {
                            "file": {},
                            "deserializer": "directory",
                            "stat": {
                                "uid": 0,
                                "gid": 0,
                                "ctime": 1424318576.1375113,
                                "perm": 16893,
                                "mtime": 1424318576.1375113,
                                "size": 4096
                            }
                        }
                    },
                    "deserializer": "directory",
                    "stat": {
                        "uid": 0,
                        "gid": 0,
                        "ctime": 1424318576.1375113,
                        "perm": 16893,
                        "mtime": 1424318576.1375113,
                        "size": 4096
                    }
                }
            },
            "deserializer": "directory",
            "stat": {
                "uid": 0,
                "gid": 0,
                "ctime": 1424318576.1375113,
                "perm": 16893,
                "mtime": 1424318576.1375113,
                "size": 4096
            }
        },
        "usr": {
            "file": {
                "share": {
                    "file": {
                        "doc": {
                            "file": {
                                "gir1.2-dbusmenu-glib-0.4": {
                                    "file": {
                                        "changelog.Debian.gz": {
                                            "file": "../libdbusmenu-glib4/changelog.Debian.gz",
                                            "deserializer": "symlink",
                                            "stat": {
                                                "uid": 0,
                                                "gid": 0,
                                                "ctime": 1424318576.1455114,
                                                "perm": 41471,
                                                "mtime": 1424318576.1455114,
                                                "size": 40
                                            }
                                        },
                                        "copyright": {
                                            "file": "http://d1fhml1jgvxldu.cloudfront.net/a3c9f81889c8580e51d32fec09ae3203",
                                            "deserializer": "url",
                                            "stat": {
                                                "uid": 0,
                                                "gid": 0,
                                                "ctime": 1424318576.1415112,
                                                "perm": 33188,
                                                "mtime": 1402414782.0,
                                                "size": 1503
                                            }
                                        }
                                    },
                                    "deserializer": "directory",
                                    "stat": {
                                        "uid": 0,
                                        "gid": 0,
                                        "ctime": 1424318576.1455114,
                                        "perm": 16877,
                                        "mtime": 1402415432.0,
                                        "size": 4096
                                    }
                                }
                            },
                            "deserializer": "directory",
                            "stat": {
                                "uid": 0,
                                "gid": 0,
                                "ctime": 1424318576.1455114,
                                "perm": 16877,
                                "mtime": 1402415407.0,
                                "size": 4096
                            }
                        }
                    },
                    "deserializer": "directory",
                    "stat": {
                        "uid": 0,
                        "gid": 0,
                        "ctime": 1424318576.1455114,
                        "perm": 16877,
                        "mtime": 1402415407.0,
                        "size": 4096
                    }
                },
                "lib": {
                    "file": {
                        "girepository-1.0": {
                            "file": {
                                "Dbusmenu-0.4.typelib": {
                                    "file": "http://d1fhml1jgvxldu.cloudfront.net/5272720463d06dc95345dd36fdac9f67",
                                    "deserializer": "url",
                                    "stat": {
                                        "uid": 0,
                                        "gid": 0,
                                        "ctime": 1424318576.1455114,
                                        "perm": 33188,
                                        "mtime": 1402415405.0,
                                        "size": 16656
                                    }
                                }
                            },
                            "deserializer": "directory",
                            "stat": {
                                "uid": 0,
                                "gid": 0,
                                "ctime": 1424318576.1455114,
                                "perm": 16877,
                                "mtime": 1402415407.0,
                                "size": 4096
                            }
                        }
                    },
                    "deserializer": "directory",
                    "stat": {
                        "uid": 0,
                        "gid": 0,
                        "ctime": 1424318576.1455114,
                        "perm": 16877,
                        "mtime": 1402415407.0,
                        "size": 4096
                    }
                }
            },
            "deserializer": "directory",
            "stat": {
                "uid": 0,
                "gid": 0,
                "ctime": 1424318576.1455114,
                "perm": 16877,
                "mtime": 1402415407.0,
                "size": 4096
            }
        }
    },
    "deserializer": "directory",
    "stat": {
        "uid": 0,
        "gid": 0,
        "ctime": 1424318576.1455114,
        "perm": 16877,
        "mtime": 1402415417.0,
        "size": 4096
    }
}