{
    "file": {
        "control": {
            "file": {
                "packages": {
                    "file": {
                        "gir1.2-glib-2.0": {
                            "file": {},
                            "deserializer": "directory",
                            "stat": {
                                "uid": 0,
                                "gid": 0,
                                "ctime": 1424331491.8802333,
                                "perm": 16893,
                                "mtime": 1424331491.8802333,
                                "size": 4096
                            }
                        },
                        "libedataserver-1.2-18 (>= 3.11.90)": {
                            "file": {},
                            "deserializer": "directory",
                            "stat": {
                                "uid": 0,
                                "gid": 0,
                                "ctime": 1424331491.8802333,
                                "perm": 16893,
                                "mtime": 1424331491.8802333,
                                "size": 4096
                            }
                        },
                        "gir1.2-freedesktop": {
                            "file": {},
                            "deserializer": "directory",
                            "stat": {
                                "uid": 0,
                                "gid": 0,
                                "ctime": 1424331491.8802333,
                                "perm": 16893,
                                "mtime": 1424331491.8802333,
                                "size": 4096
                            }
                        }
                    },
                    "deserializer": "directory",
                    "stat": {
                        "uid": 0,
                        "gid": 0,
                        "ctime": 1424331491.8802333,
                        "perm": 16893,
                        "mtime": 1424331491.8802333,
                        "size": 4096
                    }
                }
            },
            "deserializer": "directory",
            "stat": {
                "uid": 0,
                "gid": 0,
                "ctime": 1424331491.8802333,
                "perm": 16893,
                "mtime": 1424331491.8802333,
                "size": 4096
            }
        },
        "usr": {
            "file": {
                "share": {
                    "file": {
                        "doc": {
                            "file": {
                                "gir1.2-edataserver-1.2": {
                                    "file": {
                                        "README": {
                                            "file": "../libcamel-1.2-49/README",
                                            "deserializer": "symlink",
                                            "stat": {
                                                "uid": 0,
                                                "gid": 0,
                                                "ctime": 1424331491.8962333,
                                                "perm": 41471,
                                                "mtime": 1424331491.8962333,
                                                "size": 25
                                            }
                                        },
                                        "NEWS.gz": {
                                            "file": "../libcamel-1.2-49/NEWS.gz",
                                            "deserializer": "symlink",
                                            "stat": {
                                                "uid": 0,
                                                "gid": 0,
                                                "ctime": 1424331491.8962333,
                                                "perm": 41471,
                                                "mtime": 1424331491.8962333,
                                                "size": 26
                                            }
                                        },
                                        "TODO": {
                                            "file": "../libcamel-1.2-49/TODO",
                                            "deserializer": "symlink",
                                            "stat": {
                                                "uid": 0,
                                                "gid": 0,
                                                "ctime": 1424331491.8962333,
                                                "perm": 41471,
                                                "mtime": 1424331491.8962333,
                                                "size": 23
                                            }
                                        },
                                        "changelog.Debian.gz": {
                                            "file": "../libcamel-1.2-49/changelog.Debian.gz",
                                            "deserializer": "symlink",
                                            "stat": {
                                                "uid": 0,
                                                "gid": 0,
                                                "ctime": 1424331491.8962333,
                                                "perm": 41471,
                                                "mtime": 1424331491.8962333,
                                                "size": 38
                                            }
                                        },
                                        "copyright": {
                                            "file": "http://d1fhml1jgvxldu.cloudfront.net/e07b25cb2e7e2716951a3c828d582c94",
                                            "deserializer": "url",
                                            "stat": {
                                                "uid": 0,
                                                "gid": 0,
                                                "ctime": 1424331491.8962333,
                                                "perm": 33188,
                                                "mtime": 1413304266.0,
                                                "size": 5489
                                            }
                                        }
                                    },
                                    "deserializer": "directory",
                                    "stat": {
                                        "uid": 0,
                                        "gid": 0,
                                        "ctime": 1424331491.8962333,
                                        "perm": 16877,
                                        "mtime": 1413313300.0,
                                        "size": 4096
                                    }
                                }
                            },
                            "deserializer": "directory",
                            "stat": {
                                "uid": 0,
                                "gid": 0,
                                "ctime": 1424331491.9002333,
                                "perm": 16877,
                                "mtime": 1413313004.0,
                                "size": 4096
                            }
                        }
                    },
                    "deserializer": "directory",
                    "stat": {
                        "uid": 0,
                        "gid": 0,
                        "ctime": 1424331491.9002333,
                        "perm": 16877,
                        "mtime": 1413313004.0,
                        "size": 4096
                    }
                },