{
    "file": {
        "control": {
            "file": {
                "packages": {
                    "file": {
                        "gir1.2-glib-2.0": {
                            "file": {},
                            "deserializer": "directory",
                            "stat": {
                                "uid": 0,
                                "gid": 0,
                                "ctime": 1424300097.4011664,
                                "perm": 16893,
                                "mtime": 1424300097.4011664,
                                "size": 4096
                            }
                        },
                        "gir1.2-gdkpixbuf-2.0": {
                            "file": {},
                            "deserializer": "directory",
                            "stat": {
                                "uid": 0,
                                "gid": 0,
                                "ctime": 1424300097.4011664,
                                "perm": 16893,
                                "mtime": 1424300097.4011664,
                                "size": 4096
                            }
                        },
                        "libnotify4 (>= 0.7.3)": {
                            "file": {},
                            "deserializer": "directory",
                            "stat": {
                                "uid": 0,
                                "gid": 0,
                                "ctime": 1424300097.4011664,
                                "perm": 16893,
                                "mtime": 1424300097.4011664,
                                "size": 4096
                            }
                        }
                    },
                    "deserializer": "directory",
                    "stat": {
                        "uid": 0,
                        "gid": 0,
                        "ctime": 1424300097.4011664,
                        "perm": 16893,
                        "mtime": 1424300097.4011664,
                        "size": 4096
                    }
                }
            },
            "deserializer": "directory",
            "stat": {
                "uid": 0,
                "gid": 0,
                "ctime": 1424300097.4011664,
                "perm": 16893,
                "mtime": 1424300097.4011664,
                "size": 4096
            }
        },
        "usr": {
            "file": {
                "share": {
                    "file": {
                        "doc": {
                            "file": {
                                "gir1.2-notify-0.7": {
                                    "file": {
                                        "NEWS.gz": {
                                            "file": "../libnotify4/NEWS.gz",
                                            "deserializer": "symlink",
                                            "stat": {
                                                "uid": 0,
                                                "gid": 0,
                                                "ctime": 1424300097.4251664,
                                                "perm": 41471,
                                                "mtime": 1424300097.4251664,
                                                "size": 21
                                            }
                                        },
                                        "copyright": {
                                            "file": "http://d1fhml1jgvxldu.cloudfront.net/de7751a0ec2f14f6e864174ba3c778e3",
                                            "deserializer": "url",
                                            "stat": {
                                                "uid": 0,
                                                "gid": 0,
                                                "ctime": 1424300097.4211664,
                                                "perm": 33188,
                                                "mtime": 1312062112.0,
                                                "size": 1327
                                            }
                                        },
                                        "changelog.Debian.gz": {
                                            "file": "../libnotify4/changelog.Debian.gz",
                                            "deserializer": "symlink",
                                            "stat": {
                                                "uid": 0,
                                                "gid": 0,
                                                "ctime": 1424300097.4251664,
                                                "perm": 41471,
                                                "mtime": 1424300097.4251664,
                                                "size": 33
                                            }
                                        },
                                        "AUTHORS": {
                                            "file": "../libnotify4/AUTHORS",
                                            "deserializer": "symlink",
                                            "stat": {
                                                "uid": 0,
                                                "gid": 0,
                                                "ctime": 1424300097.4251664,
                                                "perm": 41471,
                                                "mtime": 1424300097.4251664,
                                                "size": 21
                                            }
                                        }
                                    },
                                    "deserializer": "directory",
                                    "stat": {
                                        "uid": 0,
                                        "gid": 0,
                                        "ctime": 1424300097.4251664,
                                        "perm": 16877,
                                        "mtime": 1393026825.0,
                                        "size": 4096
                                    }
                                }
                            },
                            "deserializer": "directory",
                            "stat": {
                                "uid": 0,
                                "gid": 0,
                                "ctime": 1424300097.4251664,
                                "perm": 16877,
                                "mtime": 1393026800.0,
                                "size": 4096
                            }
                        }
                    },
                    "deserializer": "directory",
                    "stat": {
                        "uid": 0,
                        "gid": 0,
                        "ctime": 1424300097.4251664,
                        "perm": 16877,
                        "mtime": 1393026800.0,
                        "size": 4096
                    }
                },
                "lib": {
                    "file": {
                        "girepository-1.0": {
                            "file": {
                                "Notify-0.7.typelib": {
                                    "file": "http://d1fhml1jgvxldu.cloudfront.net/7de2c4e013b340ca5269862dd847895b",
                                    "deserializer": "url",
                                    "stat": {
                                        "uid": 0,
                                        "gid": 0,
                                        "ctime": 1424300097.4251664,
                                        "perm": 33188,
                                        "mtime": 1393026797.0,
                                        "size": 4620
                                    }
                                }
                            },