{
    "file": {
        "control": {
            "file": {
                "packages": {
                    "file": {
                        "gir1.2-glib-2.0": {
                            "file": {},
                            "deserializer": "directory",
                            "stat": {
                                "uid": 0,
                                "gid": 0,
                                "ctime": 1424304784.1283839,
                                "perm": 16893,
                                "mtime": 1424304784.1283839,
                                "size": 4096
                            }
                        },
                        "libwnck-3-0 (>= 3.4.7)": {
                            "file": {},
                            "deserializer": "directory",
                            "stat": {
                                "uid": 0,
                                "gid": 0,
                                "ctime": 1424304784.132384,
                                "perm": 16893,
                                "mtime": 1424304784.132384,
                                "size": 4096
                            }
                        },
                        "gir1.2-gdkpixbuf-2.0": {
                            "file": {},
                            "deserializer": "directory",
                            "stat": {
                                "uid": 0,
                                "gid": 0,
                                "ctime": 1424304784.1283839,
                                "perm": 16893,
                                "mtime": 1424304784.1283839,
                                "size": 4096
                            }
                        },
                        "gir1.2-gtk-3.0": {
                            "file": {},
                            "deserializer": "directory",
                            "stat": {
                                "uid": 0,
                                "gid": 0,
                                "ctime": 1424304784.132384,
                                "perm": 16893,
                                "mtime": 1424304784.132384,
                                "size": 4096
                            }
                        }
                    },
                    "deserializer": "directory",
                    "stat": {
                        "uid": 0,
                        "gid": 0,
                        "ctime": 1424304784.132384,
                        "perm": 16893,
                        "mtime": 1424304784.132384,
                        "size": 4096
                    }
                }
            },
            "deserializer": "directory",
            "stat": {
                "uid": 0,
                "gid": 0,
                "ctime": 1424304784.1283839,
                "perm": 16893,
                "mtime": 1424304784.1283839,
                "size": 4096
            }
        },
        "usr": {
            "file": {
                "share": {
                    "file": {
                        "doc": {
                            "file": {
                                "gir1.2-wnck-3.0": {
                                    "file": {
                                        "README": {
                                            "file": "../libwnck-3-0/README",
                                            "deserializer": "symlink",
                                            "stat": {
                                                "uid": 0,
                                                "gid": 0,
                                                "ctime": 1424304784.144384,
                                                "perm": 41471,
                                                "mtime": 1424304784.144384,
                                                "size": 21
                                            }
                                        },
                                        "copyright": {
                                            "file": "http://d1fhml1jgvxldu.cloudfront.net/98c572a6c947f1026f3ee84ddcbb37de",
                                            "deserializer": "url",
                                            "stat": {
                                                "uid": 0,
                                                "gid": 0,
                                                "ctime": 1424304784.140384,
                                                "perm": 33188,
                                                "mtime": 1407246713.0,
                                                "size": 933
                                            }
                                        },
                                        "NEWS.gz": {
                                            "file": "../libwnck-3-0/NEWS.gz",
                                            "deserializer": "symlink",
                                            "stat": {
                                                "uid": 0,
                                                "gid": 0,
                                                "ctime": 1424304784.144384,
                                                "perm": 41471,
                                                "mtime": 1424304784.144384,
                                                "size": 22
                                            }
                                        },
                                        "changelog.Debian.gz": {
                                            "file": "../libwnck-3-0/changelog.Debian.gz",
                                            "deserializer": "symlink",
                                            "stat": {
                                                "uid": 0,
                                                "gid": 0,
                                                "ctime": 1424304784.144384,
                                                "perm": 41471,
                                                "mtime": 1424304784.144384,
                                                "size": 34
                                            }
                                        },
                                        "AUTHORS": {
                                            "file": "../libwnck-3-0/AUTHORS",
                                            "deserializer": "symlink",
                                            "stat": {
                                                "uid": 0,
                                                "gid": 0,
                                                "ctime": 1424304784.144384,
                                                "perm": 41471,
                                                "mtime": 1424304784.144384,
                                                "size": 22
                                            }
                                        }
                                    },
                                    "deserializer": "directory",
                                    "stat": {
                                        "uid": 0,
                                        "gid": 0,
                                        "ctime": 1424304784.144384,
                                        "perm": 16877,
                                        "mtime": 1407301562.0,
                                        "size": 4096
                                    }
                                }
                            },
                            "deserializer": "directory",
                            "stat": {
                                "uid": 0,
                                "gid": 0,
                                "ctime": 1424304784.144384,
                                "perm": 16877,
                                "mtime": 1407301541.0,