{
    "file": {
        "control": {
            "file": {
                "packages": {
                    "file": {
                        "libunity9 (>= 7.1.1+13.10.20130920)": {
                            "file": {},
                            "deserializer": "directory",
                            "stat": {
                                "uid": 0,
                                "gid": 0,
                                "ctime": 1424317970.4549322,
                                "perm": 16893,
                                "mtime": 1424317970.4549322,
                                "size": 4096
                            }
                        },
                        "gir1.2-glib-2.0": {
                            "file": {},
                            "deserializer": "directory",
                            "stat": {
                                "uid": 0,
                                "gid": 0,
                                "ctime": 1424317970.4549322,
                                "perm": 16893,
                                "mtime": 1424317970.4549322,
                                "size": 4096
                            }
                        },
                        "gir1.2-dbusmenu-glib-0.4": {
                            "file": {},
                            "deserializer": "directory",
                            "stat": {
                                "uid": 0,
                                "gid": 0,
                                "ctime": 1424317970.4549322,
                                "perm": 16893,
                                "mtime": 1424317970.4549322,
                                "size": 4096
                            }
                        },
                        "gir1.2-dee-1.0": {
                            "file": {},
                            "deserializer": "directory",
                            "stat": {
                                "uid": 0,
                                "gid": 0,
                                "ctime": 1424317970.4549322,
                                "perm": 16893,
                                "mtime": 1424317970.4549322,
                                "size": 4096
                            }
                        }
                    },
                    "deserializer": "directory",
                    "stat": {
                        "uid": 0,
                        "gid": 0,
                        "ctime": 1424317970.4549322,
                        "perm": 16893,
                        "mtime": 1424317970.4549322,
                        "size": 4096
                    }
                }
            },
            "deserializer": "directory",
            "stat": {
                "uid": 0,
                "gid": 0,
                "ctime": 1424317970.4549322,
                "perm": 16893,
                "mtime": 1424317970.4549322,
                "size": 4096
            }
        },
        "usr": {
            "file": {
                "share": {
                    "file": {
                        "doc": {
                            "file": {
                                "gir1.2-unity-5.0": {
                                    "file": {
                                        "changelog.Debian.gz": {
                                            "file": "../libunity-protocol-private0/changelog.Debian.gz",
                                            "deserializer": "symlink",
                                            "stat": {
                                                "uid": 0,
                                                "gid": 0,
                                                "ctime": 1424317970.4749322,
                                                "perm": 41471,
                                                "mtime": 1424317970.4749322,
                                                "size": 49
                                            }
                                        },
                                        "copyright": {
                                            "file": "http://d1fhml1jgvxldu.cloudfront.net/37871270ae61b9cc9e6617f5224c8c29",
                                            "deserializer": "url",
                                            "stat": {
                                                "uid": 0,
                                                "gid": 0,
                                                "ctime": 1424317970.4709322,
                                                "perm": 33188,
                                                "mtime": 1407458662.0,
                                                "size": 1473
                                            }
                                        }
                                    },
                                    "deserializer": "directory",
                                    "stat": {
                                        "uid": 0,
                                        "gid": 0,
                                        "ctime": 1424317970.4749322,
                                        "perm": 16877,
                                        "mtime": 1407458750.0,
                                        "size": 4096
                                    }
                                }
                            },
                            "deserializer": "directory",
                            "stat": {
                                "uid": 0,
                                "gid": 0,
                                "ctime": 1424317970.4749322,
                                "perm": 16877,
                                "mtime": 1407458725.0,
                                "size": 4096
                            }
                        }
                    },
                    "deserializer": "directory",
                    "stat": {
                        "uid": 0,
                        "gid": 0,
                        "ctime": 1424317970.4749322,
                        "perm": 16877,
                        "mtime": 1407458725.0,
                        "size": 4096
                    }
                },
                "lib": {
                    "file": {
                        "python3": {
                            "file": {
                                "dist-packages": {
                                    "file": {
                                        "gi": {
                                            "file": {
                                                "overrides": {
                                                    "file": {
                                                        "Unity.py": {
                                                            "file": "http://d1fhml1jgvxldu.cloudfront.net/a6eb4fea27d8f560527157fc1c506105",
                                                            "deserializer": "url",
                                                            "stat": {
                                                                "uid": 0,
                                                                "gid": 0,
                                                                "ctime": 1424317970.4749322,
                                                                "perm": 33188,
                                                                "mtime": 1407458725.0,
                                                                "size": 4762
                                                            }
                                                        }
                                                    },
                                                    "deserializer": "directory",
                                                    "stat": {
                                                        "uid": 0,
                                                        "gid": 0,