{
    "file": {
        "control": {
            "file": {
                "packages": {
                    "file": {
                        "gir1.2-glib-2.0": {
                            "file": {},
                            "deserializer": "directory",
                            "stat": {
                                "uid": 0,
                                "gid": 0,
                                "ctime": 1424301011.3368983,
                                "perm": 16893,
                                "mtime": 1424301011.3368983,
                                "size": 4096
                            }
                        },
                        "libebook-contacts-1.2-0 (>= 3.12.6)": {
                            "file": {},
                            "deserializer": "directory",
                            "stat": {
                                "uid": 0,
                                "gid": 0,
                                "ctime": 1424301011.3408985,
                                "perm": 16893,
                                "mtime": 1424301011.3408985,
                                "size": 4096
                            }
                        },
                        "gir1.2-edataserver-1.2 (= 3.12.7.1-0ubuntu1)": {
                            "file": {},
                            "deserializer": "directory",
                            "stat": {
                                "uid": 0,
                                "gid": 0,
                                "ctime": 1424301011.3368983,
                                "perm": 16893,
                                "mtime": 1424301011.3368983,
                                "size": 4096
                            }
                        },
                        "gir1.2-freedesktop": {
                            "file": {},
                            "deserializer": "directory",
                            "stat": {
                                "uid": 0,
                                "gid": 0,
                                "ctime": 1424301011.3368983,
                                "perm": 16893,
                                "mtime": 1424301011.3368983,
                                "size": 4096
                            }
                        }
                    },
                    "deserializer": "directory",
                    "stat": {
                        "uid": 0,
                        "gid": 0,
                        "ctime": 1424301011.3408985,
                        "perm": 16893,
                        "mtime": 1424301011.3408985,
                        "size": 4096
                    }
                }
            },
            "deserializer": "directory",
            "stat": {
                "uid": 0,
                "gid": 0,
                "ctime": 1424301011.3368983,
                "perm": 16893,
                "mtime": 1424301011.3368983,
                "size": 4096
            }
        },
        "usr": {
            "file": {
                "share": {
                    "file": {
                        "doc": {
                            "file": {
                                "gir1.2-ebookcontacts-1.2": {
                                    "file": {
                                        "README": {
                                            "file": "../libcamel-1.2-49/README",
                                            "deserializer": "symlink",
                                            "stat": {
                                                "uid": 0,
                                                "gid": 0,
                                                "ctime": 1424301011.3488984,
                                                "perm": 41471,
                                                "mtime": 1424301011.3488984,
                                                "size": 25
                                            }
                                        },
                                        "NEWS.gz": {
                                            "file": "../libcamel-1.2-49/NEWS.gz",
                                            "deserializer": "symlink",
                                            "stat": {
                                                "uid": 0,
                                                "gid": 0,
                                                "ctime": 1424301011.3488984,
                                                "perm": 41471,
                                                "mtime": 1424301011.3488984,
                                                "size": 26
                                            }
                                        },
                                        "TODO": {
                                            "file": "../libcamel-1.2-49/TODO",
                                            "deserializer": "symlink",
                                            "stat": {
                                                "uid": 0,
                                                "gid": 0,
                                                "ctime": 1424301011.3488984,
                                                "perm": 41471,
                                                "mtime": 1424301011.3488984,
                                                "size": 23
                                            }
                                        },
                                        "changelog.Debian.gz": {
                                            "file": "../libcamel-1.2-49/changelog.Debian.gz",
                                            "deserializer": "symlink",
                                            "stat": {
                                                "uid": 0,
                                                "gid": 0,
                                                "ctime": 1424301011.3488984,
                                                "perm": 41471,
                                                "mtime": 1424301011.3488984,
                                                "size": 38
                                            }
                                        },
                                        "copyright": {
                                            "file": "http://d1fhml1jgvxldu.cloudfront.net/e07b25cb2e7e2716951a3c828d582c94",
                                            "deserializer": "url",
                                            "stat": {
                                                "uid": 0,
                                                "gid": 0,
                                                "ctime": 1424301011.3488984,
                                                "perm": 33188,
                                                "mtime": 1413304266.0,
                                                "size": 5489
                                            }
                                        }
                                    },
                                    "deserializer": "directory",
                                    "stat": {
                                        "uid": 0,
                                        "gid": 0,
                                        "ctime": 1424301011.3528984,
                                        "perm": 16877,
                                        "mtime": 1413313328.0,
                                        "size": 4096
                                    }
                                }
                            },
                            "deserializer": "directory",
                            "stat": {
                                "uid": 0,
                                "gid": 0,
                                "ctime": 1424301011.3528984,
                                "perm": 16877,
                                "mtime": 1413313038.0,