{
    "file": {
        "control": {
            "file": {
                "packages": {
                    "file": {
                        "gir1.2-glib-2.0": {
                            "file": {},
                            "deserializer": "directory",
                            "stat": {
                                "uid": 0,
                                "gid": 0,
                                "ctime": 1424306905.8125489,
                                "perm": 16893,
                                "mtime": 1424306905.8125489,
                                "size": 4096
                            }
                        },
                        "libappindicator3-1 (>= 0.4.90)": {
                            "file": {},
                            "deserializer": "directory",
                            "stat": {
                                "uid": 0,
                                "gid": 0,
                                "ctime": 1424306905.8165488,
                                "perm": 16893,
                                "mtime": 1424306905.8165488,
                                "size": 4096
                            }
                        },
                        "gir1.2-gtk-3.0": {
                            "file": {},
                            "deserializer": "directory",
                            "stat": {
                                "uid": 0,
                                "gid": 0,
                                "ctime": 1424306905.8125489,
                                "perm": 16893,
                                "mtime": 1424306905.8125489,
                                "size": 4096
                            }
                        }
                    },
                    "deserializer": "directory",
                    "stat": {
                        "uid": 0,
                        "gid": 0,
                        "ctime": 1424306905.8165488,
                        "perm": 16893,
                        "mtime": 1424306905.8165488,
                        "size": 4096
                    }
                }
            },
            "deserializer": "directory",
            "stat": {
                "uid": 0,
                "gid": 0,
                "ctime": 1424306905.8125489,
                "perm": 16893,
                "mtime": 1424306905.8125489,
                "size": 4096
            }
        },
        "usr": {
            "file": {
                "share": {
                    "file": {
                        "doc": {
                            "file": {
                                "gir1.2-appindicator3-0.1": {
                                    "file": {
                                        "changelog.Debian.gz": {
                                            "file": "../libappindicator3-1/changelog.Debian.gz",
                                            "deserializer": "symlink",
                                            "stat": {
                                                "uid": 0,
                                                "gid": 0,
                                                "ctime": 1424306905.824549,
                                                "perm": 41471,
                                                "mtime": 1424306905.824549,
                                                "size": 41
                                            }
                                        },
                                        "copyright": {
                                            "file": "http://d1fhml1jgvxldu.cloudfront.net/d594c96fc90ee8c8134a0b63c78d506b",
                                            "deserializer": "url",
                                            "stat": {
                                                "uid": 0,
                                                "gid": 0,
                                                "ctime": 1424306905.824549,
                                                "perm": 33188,
                                                "mtime": 1416330647.0,
                                                "size": 675
                                            }
                                        }
                                    },
                                    "deserializer": "directory",
                                    "stat": {
                                        "uid": 0,
                                        "gid": 0,
                                        "ctime": 1424306905.824549,
                                        "perm": 16877,
                                        "mtime": 1416330802.0,
                                        "size": 4096
                                    }
                                }
                            },
                            "deserializer": "directory",
                            "stat": {
                                "uid": 0,
                                "gid": 0,
                                "ctime": 1424306905.824549,
                                "perm": 16877,
                                "mtime": 1416330776.0,
                                "size": 4096
                            }
                        }
                    },
                    "deserializer": "directory",
                    "stat": {
                        "uid": 0,
                        "gid": 0,
                        "ctime": 1424306905.824549,
                        "perm": 16877,
                        "mtime": 1416330776.0,
                        "size": 4096
                    }
                },
                "lib": {
                    "file": {
                        "girepository-1.0": {
                            "file": {
                                "AppIndicator3-0.1.typelib": {
                                    "file": "http://d1fhml1jgvxldu.cloudfront.net/0fb640b152f9472d7b3b74fdc41510e2",
                                    "deserializer": "url",
                                    "stat": {
                                        "uid": 0,
                                        "gid": 0,
                                        "ctime": 1424306905.8205488,
                                        "perm": 33188,
                                        "mtime": 1416330775.0,
                                        "size": 7232
                                    }
                                }
                            },
                            "deserializer": "directory",
                            "stat": {
                                "uid": 0,
                                "gid": 0,
                                "ctime": 1424306905.824549,
                                "perm": 16877,
                                "mtime": 1416330786.0,
                                "size": 4096
                            }
                        }
                    },
                    "deserializer": "directory",
                    "stat": {
                        "uid": 0,
                        "gid": 0,
                        "ctime": 1424306905.824549,
                        "perm": 16877,
                        "mtime": 1416330776.0,
                        "size": 4096
                    }
                }
            },
            "deserializer": "directory",
            "stat": {
                "uid": 0,
                "gid": 0,
                "ctime": 1424306905.824549,
                "perm": 16877,
                "mtime": 1416330776.0,
                "size": 4096
            }
        }
    },
    "deserializer": "directory",
    "stat": {
        "uid": 0,
        "gid": 0,
        "ctime": 1424306905.824549,
        "perm": 16877,
        "mtime": 1416330785.0,
        "size": 4096
    }
}