{
    "file": {
        "control": {
            "file": {
                "packages": {
                    "file": {
                        "gir1.2-glib-2.0": {
                            "file": {},
                            "deserializer": "directory",
                            "stat": {
                                "uid": 0,
                                "gid": 0,
                                "ctime": 1424314238.199674,
                                "perm": 16893,
                                "mtime": 1424314238.199674,
                                "size": 4096
                            }
                        },
                        "libsoup-gnome2.4-1 (>= 2.27.4)": {
                            "file": {},
                            "deserializer": "directory",
                            "stat": {
                                "uid": 0,
                                "gid": 0,
                                "ctime": 1424314238.199674,
                                "perm": 16893,
                                "mtime": 1424314238.199674,
                                "size": 4096
                            }
                        },
                        "libsoup2.4-1 (>= 2.44.0)": {
                            "file": {},
                            "deserializer": "directory",
                            "stat": {
                                "uid": 0,
                                "gid": 0,
                                "ctime": 1424314238.199674,
                                "perm": 16893,
                                "mtime": 1424314238.199674,
                                "size": 4096
                            }
                        }
                    },
                    "deserializer": "directory",
                    "stat": {
                        "uid": 0,
                        "gid": 0,
                        "ctime": 1424314238.199674,
                        "perm": 16893,
                        "mtime": 1424314238.199674,
                        "size": 4096
                    }
                }
            },
            "deserializer": "directory",
            "stat": {
                "uid": 0,
                "gid": 0,
                "ctime": 1424314238.199674,
                "perm": 16893,
                "mtime": 1424314238.199674,
                "size": 4096
            }
        },
        "usr": {
            "file": {
                "share": {
                    "file": {
                        "doc": {
                            "file": {
                                "gir1.2-soup-2.4": {
                                    "file": {
                                        "README": {
                                            "file": "../libsoup2.4-1/README",
                                            "deserializer": "symlink",
                                            "stat": {
                                                "uid": 0,
                                                "gid": 0,
                                                "ctime": 1424314238.211674,
                                                "perm": 41471,
                                                "mtime": 1424314238.211674,
                                                "size": 22
                                            }
                                        },
                                        "copyright": {
                                            "file": "http://d1fhml1jgvxldu.cloudfront.net/2ddc76e6374cc483d15b7ce46d066f24",
                                            "deserializer": "url",
                                            "stat": {
                                                "uid": 0,
                                                "gid": 0,
                                                "ctime": 1424314238.211674,
                                                "perm": 33188,
                                                "mtime": 1334613843.0,
                                                "size": 687
                                            }
                                        },
                                        "NEWS.gz": {
                                            "file": "../libsoup2.4-1/NEWS.gz",
                                            "deserializer": "symlink",
                                            "stat": {
                                                "uid": 0,
                                                "gid": 0,
                                                "ctime": 1424314238.211674,
                                                "perm": 41471,
                                                "mtime": 1424314238.211674,
                                                "size": 23
                                            }
                                        },
                                        "changelog.Debian.gz": {
                                            "file": "../libsoup2.4-1/changelog.Debian.gz",
                                            "deserializer": "symlink",
                                            "stat": {
                                                "uid": 0,
                                                "gid": 0,
                                                "ctime": 1424314238.211674,
                                                "perm": 41471,
                                                "mtime": 1424314238.211674,
                                                "size": 35
                                            }
                                        },
                                        "AUTHORS": {
                                            "file": "../libsoup2.4-1/AUTHORS",
                                            "deserializer": "symlink",
                                            "stat": {
                                                "uid": 0,
                                                "gid": 0,
                                                "ctime": 1424314238.211674,
                                                "perm": 41471,
                                                "mtime": 1424314238.211674,
                                                "size": 23
                                            }
                                        }
                                    },
                                    "deserializer": "directory",
                                    "stat": {
                                        "uid": 0,
                                        "gid": 0,
                                        "ctime": 1424314238.211674,
                                        "perm": 16877,
                                        "mtime": 1411380079.0,
                                        "size": 4096
                                    }
                                }
                            },
                            "deserializer": "directory",
                            "stat": {
                                "uid": 0,
                                "gid": 0,
                                "ctime": 1424314238.211674,
                                "perm": 16877,
                                "mtime": 1411380028.0,
                                "size": 4096
                            }
                        }
                    },
                    "deserializer": "directory",
                    "stat": {
                        "uid": 0,
                        "gid": 0,
                        "ctime": 1424314238.211674,
                        "perm": 16877,
                        "mtime": 1411380028.0,
                        "size": 4096
                    }
                },