{
    "file": {
        "control": {
            "file": {
                "packages": {
                    "file": {
                        "gir1.2-glib-2.0": {
                            "file": {},
                            "deserializer": "directory",
                            "stat": {
                                "uid": 0,
                                "gid": 0,
                                "ctime": 1424329203.9706817,
                                "perm": 16893,
                                "mtime": 1424329203.9706817,
                                "size": 4096
                            }
                        },
                        "libpangoxft-1.0-0 (>= 1.14.0)": {
                            "file": {},
                            "deserializer": "directory",
                            "stat": {
                                "uid": 0,
                                "gid": 0,
                                "ctime": 1424329203.9706817,
                                "perm": 16893,
                                "mtime": 1424329203.9706817,
                                "size": 4096
                            }
                        },
                        "gir1.2-freedesktop": {
                            "file": {},
                            "deserializer": "directory",
                            "stat": {
                                "uid": 0,
                                "gid": 0,
                                "ctime": 1424329203.9706817,
                                "perm": 16893,
                                "mtime": 1424329203.9706817,
                                "size": 4096
                            }
                        },
                        "libpangocairo-1.0-0 (>= 1.22.0)": {
                            "file": {},
                            "deserializer": "directory",
                            "stat": {
                                "uid": 0,
                                "gid": 0,
                                "ctime": 1424329203.9706817,
                                "perm": 16893,
                                "mtime": 1424329203.9706817,
                                "size": 4096
                            }
                        },
                        "libpango-1.0-0 (>= 1.36.0)": {
                            "file": {},
                            "deserializer": "directory",
                            "stat": {
                                "uid": 0,
                                "gid": 0,
                                "ctime": 1424329203.9706817,
                                "perm": 16893,
                                "mtime": 1424329203.9706817,
                                "size": 4096
                            }
                        },
                        "libpangoft2-1.0-0 (>= 1.14.0)": {
                            "file": {},
                            "deserializer": "directory",
                            "stat": {
                                "uid": 0,
                                "gid": 0,
                                "ctime": 1424329203.9706817,
                                "perm": 16893,
                                "mtime": 1424329203.9706817,
                                "size": 4096
                            }
                        }
                    },
                    "deserializer": "directory",
                    "stat": {
                        "uid": 0,
                        "gid": 0,
                        "ctime": 1424329203.9706817,
                        "perm": 16893,
                        "mtime": 1424329203.9706817,
                        "size": 4096
                    }
                }
            },
            "deserializer": "directory",
            "stat": {
                "uid": 0,
                "gid": 0,
                "ctime": 1424329203.9706817,
                "perm": 16893,
                "mtime": 1424329203.9706817,
                "size": 4096
            }
        },
        "usr": {
            "file": {
                "share": {
                    "file": {
                        "doc": {
                            "file": {
                                "gir1.2-pango-1.0": {
                                    "file": {
                                        "README": {
                                            "file": "../libpango-1.0-0/README",
                                            "deserializer": "symlink",
                                            "stat": {
                                                "uid": 0,
                                                "gid": 0,
                                                "ctime": 1424329203.9866817,
                                                "perm": 41471,
                                                "mtime": 1424329203.9866817,
                                                "size": 24
                                            }
                                        },
                                        "THANKS": {
                                            "file": "../libpango-1.0-0/THANKS",
                                            "deserializer": "symlink",
                                            "stat": {
                                                "uid": 0,
                                                "gid": 0,
                                                "ctime": 1424329203.9866817,
                                                "perm": 41471,
                                                "mtime": 1424329203.9866817,
                                                "size": 24
                                            }
                                        },
                                        "AUTHORS": {
                                            "file": "../libpango-1.0-0/AUTHORS",
                                            "deserializer": "symlink",
                                            "stat": {
                                                "uid": 0,
                                                "gid": 0,
                                                "ctime": 1424329203.9866817,
                                                "perm": 41471,
                                                "mtime": 1424329203.9866817,
                                                "size": 25
                                            }
                                        },
                                        "NEWS.gz": {
                                            "file": "../libpango-1.0-0/NEWS.gz",
                                            "deserializer": "symlink",
                                            "stat": {
                                                "uid": 0,
                                                "gid": 0,
                                                "ctime": 1424329203.9866817,
                                                "perm": 41471,
                                                "mtime": 1424329203.9866817,
                                                "size": 25
                                            }
                                        },
                                        "changelog.Debian.gz": {
                                            "file": "../libpango-1.0-0/changelog.Debian.gz",
                                            "deserializer": "symlink",
                                            "stat": {
                                                "uid": 0,
                                                "gid": 0,
                                                "ctime": 1424329203.9906816,
                                                "perm": 41471,
                                                "mtime": 1424329203.9906816,