{
    "file": {
        "control": {
            "file": {
                "packages": {
                    "file": {
                        "gir1.2-glib-2.0": {
                            "file": {},
                            "deserializer": "directory",
                            "stat": {
                                "uid": 0,
                                "gid": 0,
                                "ctime": 1424307470.0791998,
                                "perm": 16893,
                                "mtime": 1424307470.0791998,
                                "size": 4096
                            }
                        },
                        "gir1.2-ebookcontacts-1.2 (= 3.12.7.1-0ubuntu1)": {
                            "file": {},
                            "deserializer": "directory",
                            "stat": {
                                "uid": 0,
                                "gid": 0,
                                "ctime": 1424307470.0791998,
                                "perm": 16893,
                                "mtime": 1424307470.0791998,
                                "size": 4096
                            }
                        },
                        "gir1.2-edataserver-1.2 (= 3.12.7.1-0ubuntu1)": {
                            "file": {},
                            "deserializer": "directory",
                            "stat": {
                                "uid": 0,
                                "gid": 0,
                                "ctime": 1424307470.0791998,
                                "perm": 16893,
                                "mtime": 1424307470.0791998,
                                "size": 4096
                            }
                        },
                        "gir1.2-freedesktop": {
                            "file": {},
                            "deserializer": "directory",
                            "stat": {
                                "uid": 0,
                                "gid": 0,
                                "ctime": 1424307470.0791998,
                                "perm": 16893,
                                "mtime": 1424307470.0791998,
                                "size": 4096
                            }
                        },
                        "libebook-1.2-14 (>= 3.11.90)": {
                            "file": {},
                            "deserializer": "directory",
                            "stat": {
                                "uid": 0,
                                "gid": 0,
                                "ctime": 1424307470.0791998,
                                "perm": 16893,
                                "mtime": 1424307470.0791998,
                                "size": 4096
                            }
                        }
                    },
                    "deserializer": "directory",
                    "stat": {
                        "uid": 0,
                        "gid": 0,
                        "ctime": 1424307470.0791998,
                        "perm": 16893,
                        "mtime": 1424307470.0791998,
                        "size": 4096
                    }
                }
            },
            "deserializer": "directory",
            "stat": {
                "uid": 0,
                "gid": 0,
                "ctime": 1424307470.0791998,
                "perm": 16893,
                "mtime": 1424307470.0791998,
                "size": 4096
            }
        },
        "usr": {
            "file": {
                "share": {
                    "file": {
                        "doc": {
                            "file": {
                                "gir1.2-ebook-1.2": {
                                    "file": {
                                        "README": {
                                            "file": "../gir1.2-ebookcontacts-1.2/README",
                                            "deserializer": "symlink",
                                            "stat": {
                                                "uid": 0,
                                                "gid": 0,
                                                "ctime": 1424307470.0911999,
                                                "perm": 41471,
                                                "mtime": 1424307470.0911999,
                                                "size": 34
                                            }
                                        },
                                        "NEWS.gz": {
                                            "file": "../gir1.2-ebookcontacts-1.2/NEWS.gz",
                                            "deserializer": "symlink",
                                            "stat": {
                                                "uid": 0,
                                                "gid": 0,
                                                "ctime": 1424307470.0911999,
                                                "perm": 41471,
                                                "mtime": 1424307470.0911999,
                                                "size": 35
                                            }
                                        },
                                        "TODO": {
                                            "file": "../gir1.2-ebookcontacts-1.2/TODO",
                                            "deserializer": "symlink",
                                            "stat": {
                                                "uid": 0,
                                                "gid": 0,
                                                "ctime": 1424307470.0951998,
                                                "perm": 41471,
                                                "mtime": 1424307470.0951998,
                                                "size": 32
                                            }
                                        },
                                        "changelog.Debian.gz": {
                                            "file": "../gir1.2-ebookcontacts-1.2/changelog.Debian.gz",
                                            "deserializer": "symlink",
                                            "stat": {
                                                "uid": 0,
                                                "gid": 0,
                                                "ctime": 1424307470.0951998,
                                                "perm": 41471,
                                                "mtime": 1424307470.0951998,
                                                "size": 47
                                            }
                                        },
                                        "copyright": {
                                            "file": "http://d1fhml1jgvxldu.cloudfront.net/e07b25cb2e7e2716951a3c828d582c94",
                                            "deserializer": "url",
                                            "stat": {
                                                "uid": 0,
                                                "gid": 0,
                                                "ctime": 1424307470.0911999,
                                                "perm": 33188,
                                                "mtime": 1413304266.0,
                                                "size": 5489
                                            }
                                        }
                                    },
                                    "deserializer": "directory",
                                    "stat": {
                                        "uid": 0,
                                        "gid": 0,
                                        "ctime": 1424307470.0951998,
                                        "perm": 16877,