{
    "file": {
        "control": {
            "file": {
                "packages": {
                    "file": {
                        "gir1.2-pango-1.0": {
                            "file": {},
                            "deserializer": "directory",
                            "stat": {
                                "uid": 0,
                                "gid": 0,
                                "ctime": 1424328345.9788787,
                                "perm": 16893,
                                "mtime": 1424328345.9788787,
                                "size": 4096
                            }
                        },
                        "libvte-2.90-9 (>= 1:0.36.0)": {
                            "file": {},
                            "deserializer": "directory",
                            "stat": {
                                "uid": 0,
                                "gid": 0,
                                "ctime": 1424328345.9788787,
                                "perm": 16893,
                                "mtime": 1424328345.9788787,
                                "size": 4096
                            }
                        },
                        "gir1.2-gtk-3.0": {
                            "file": {},
                            "deserializer": "directory",
                            "stat": {
                                "uid": 0,
                                "gid": 0,
                                "ctime": 1424328345.9788787,
                                "perm": 16893,
                                "mtime": 1424328345.9788787,
                                "size": 4096
                            }
                        }
                    },
                    "deserializer": "directory",
                    "stat": {
                        "uid": 0,
                        "gid": 0,
                        "ctime": 1424328345.9788787,
                        "perm": 16893,
                        "mtime": 1424328345.9788787,
                        "size": 4096
                    }
                }
            },
            "deserializer": "directory",
            "stat": {
                "uid": 0,
                "gid": 0,
                "ctime": 1424328345.9788787,
                "perm": 16893,
                "mtime": 1424328345.9788787,
                "size": 4096
            }
        },
        "usr": {
            "file": {
                "share": {
                    "file": {
                        "doc": {
                            "file": {
                                "gir1.2-vte-2.90": {
                                    "file": {
                                        "README": {
                                            "file": "../libvte-2.90-9/README",
                                            "deserializer": "symlink",
                                            "stat": {
                                                "uid": 0,
                                                "gid": 0,
                                                "ctime": 1424328345.9868789,
                                                "perm": 41471,
                                                "mtime": 1424328345.9868789,
                                                "size": 23
                                            }
                                        },
                                        "copyright": {
                                            "file": "http://d1fhml1jgvxldu.cloudfront.net/762fed2efd571bdf76f69e656cc54d56",
                                            "deserializer": "url",
                                            "stat": {
                                                "uid": 0,
                                                "gid": 0,
                                                "ctime": 1424328345.9868789,
                                                "perm": 33188,
                                                "mtime": 1403561638.0,
                                                "size": 1240
                                            }
                                        },
                                        "NEWS.gz": {
                                            "file": "../libvte-2.90-9/NEWS.gz",
                                            "deserializer": "symlink",
                                            "stat": {
                                                "uid": 0,
                                                "gid": 0,
                                                "ctime": 1424328345.9868789,
                                                "perm": 41471,
                                                "mtime": 1424328345.9868789,
                                                "size": 24
                                            }
                                        },
                                        "changelog.Debian.gz": {
                                            "file": "../libvte-2.90-9/changelog.Debian.gz",
                                            "deserializer": "symlink",
                                            "stat": {
                                                "uid": 0,
                                                "gid": 0,
                                                "ctime": 1424328345.9868789,
                                                "perm": 41471,
                                                "mtime": 1424328345.9868789,
                                                "size": 36
                                            }
                                        },
                                        "AUTHORS": {
                                            "file": "../libvte-2.90-9/AUTHORS",
                                            "deserializer": "symlink",
                                            "stat": {
                                                "uid": 0,
                                                "gid": 0,
                                                "ctime": 1424328345.9868789,
                                                "perm": 41471,
                                                "mtime": 1424328345.9868789,
                                                "size": 24
                                            }
                                        }
                                    },
                                    "deserializer": "directory",
                                    "stat": {
                                        "uid": 0,
                                        "gid": 0,
                                        "ctime": 1424328345.9868789,
                                        "perm": 16877,
                                        "mtime": 1403712165.0,
                                        "size": 4096
                                    }
                                }
                            },
                            "deserializer": "directory",
                            "stat": {
                                "uid": 0,
                                "gid": 0,
                                "ctime": 1424328345.9868789,
                                "perm": 16877,
                                "mtime": 1403712143.0,
                                "size": 4096
                            }
                        }
                    },
                    "deserializer": "directory",
                    "stat": {
                        "uid": 0,
                        "gid": 0,
                        "ctime": 1424328345.9868789,
                        "perm": 16877,
                        "mtime": 1403712143.0,
                        "size": 4096
                    }
                },