{
    "file": {
        "control": {
            "file": {
                "packages": {
                    "file": {
                        "gir1.2-glib-2.0": {
                            "file": {},
                            "deserializer": "directory",
                            "stat": {
                                "uid": 0,
                                "gid": 0,
                                "ctime": 1424328472.167417,
                                "perm": 16893,
                                "mtime": 1424328472.167417,
                                "size": 4096
                            }
                        },
                        "libpeas-1.0-0 (>= 1.6.2)": {
                            "file": {},
                            "deserializer": "directory",
                            "stat": {
                                "uid": 0,
                                "gid": 0,
                                "ctime": 1424328472.167417,
                                "perm": 16893,
                                "mtime": 1424328472.167417,
                                "size": 4096
                            }
                        },
                        "gir1.2-gtk-3.0": {
                            "file": {},
                            "deserializer": "directory",
                            "stat": {
                                "uid": 0,
                                "gid": 0,
                                "ctime": 1424328472.167417,
                                "perm": 16893,
                                "mtime": 1424328472.167417,
                                "size": 4096
                            }
                        }
                    },
                    "deserializer": "directory",
                    "stat": {
                        "uid": 0,
                        "gid": 0,
                        "ctime": 1424328472.167417,
                        "perm": 16893,
                        "mtime": 1424328472.167417,
                        "size": 4096
                    }
                }
            },
            "deserializer": "directory",
            "stat": {
                "uid": 0,
                "gid": 0,
                "ctime": 1424328472.167417,
                "perm": 16893,
                "mtime": 1424328472.167417,
                "size": 4096
            }
        },
        "usr": {
            "file": {
                "share": {
                    "file": {
                        "doc": {
                            "file": {
                                "gir1.2-peas-1.0": {
                                    "file": {
                                        "README.gz": {
                                            "file": "../libpeas-1.0-0/README.gz",
                                            "deserializer": "symlink",
                                            "stat": {
                                                "uid": 0,
                                                "gid": 0,
                                                "ctime": 1424328472.179417,
                                                "perm": 41471,
                                                "mtime": 1424328472.179417,
                                                "size": 26
                                            }
                                        },
                                        "NEWS.gz": {
                                            "file": "../libpeas-1.0-0/NEWS.gz",
                                            "deserializer": "symlink",
                                            "stat": {
                                                "uid": 0,
                                                "gid": 0,
                                                "ctime": 1424328472.179417,
                                                "perm": 41471,
                                                "mtime": 1424328472.179417,
                                                "size": 24
                                            }
                                        },
                                        "copyright": {
                                            "file": "http://d1fhml1jgvxldu.cloudfront.net/0a02aa0a8b78646c13cc92c33af98ec6",
                                            "deserializer": "url",
                                            "stat": {
                                                "uid": 0,
                                                "gid": 0,
                                                "ctime": 1424328472.179417,
                                                "perm": 33188,
                                                "mtime": 1398552276.0,
                                                "size": 2339
                                            }
                                        },
                                        "changelog.Debian.gz": {
                                            "file": "../libpeas-1.0-0/changelog.Debian.gz",
                                            "deserializer": "symlink",
                                            "stat": {
                                                "uid": 0,
                                                "gid": 0,
                                                "ctime": 1424328472.179417,
                                                "perm": 41471,
                                                "mtime": 1424328472.179417,
                                                "size": 36
                                            }
                                        },
                                        "AUTHORS": {
                                            "file": "../libpeas-1.0-0/AUTHORS",
                                            "deserializer": "symlink",
                                            "stat": {
                                                "uid": 0,
                                                "gid": 0,
                                                "ctime": 1424328472.179417,
                                                "perm": 41471,
                                                "mtime": 1424328472.179417,
                                                "size": 24
                                            }
                                        }
                                    },
                                    "deserializer": "directory",
                                    "stat": {
                                        "uid": 0,
                                        "gid": 0,
                                        "ctime": 1424328472.179417,
                                        "perm": 16877,
                                        "mtime": 1411058573.0,
                                        "size": 4096
                                    }
                                }
                            },
                            "deserializer": "directory",
                            "stat": {
                                "uid": 0,
                                "gid": 0,
                                "ctime": 1424328472.183417,
                                "perm": 16877,
                                "mtime": 1411058548.0,
                                "size": 4096
                            }
                        }
                    },
                    "deserializer": "directory",
                    "stat": {
                        "uid": 0,
                        "gid": 0,
                        "ctime": 1424328472.183417,
                        "perm": 16877,
                        "mtime": 1411058548.0,
                        "size": 4096
                    }
                },