{
    "file": {
        "control": {
            "file": {
                "packages": {
                    "file": {
                        "libgnomekbd8 (>= 2.91.90)": {
                            "file": {},
                            "deserializer": "directory",
                            "stat": {
                                "uid": 0,
                                "gid": 0,
                                "ctime": 1424307784.8926928,
                                "perm": 16893,
                                "mtime": 1424307784.8926928,
                                "size": 4096
                            }
                        },
                        "libglib2.0-0 (>= 2.26)": {
                            "file": {},
                            "deserializer": "directory",
                            "stat": {
                                "uid": 0,
                                "gid": 0,
                                "ctime": 1424307784.8926928,
                                "perm": 16893,
                                "mtime": 1424307784.8926928,
                                "size": 4096
                            }
                        },
                        "libxklavier16 (>= 5.0)": {
                            "file": {},
                            "deserializer": "directory",
                            "stat": {
                                "uid": 0,
                                "gid": 0,
                                "ctime": 1424307784.8966928,
                                "perm": 16893,
                                "mtime": 1424307784.8966928,
                                "size": 4096
                            }
                        },
                        "libc6 (>= 2.2.5)": {
                            "file": {},
                            "deserializer": "directory",
                            "stat": {
                                "uid": 0,
                                "gid": 0,
                                "ctime": 1424307784.8926928,
                                "perm": 16893,
                                "mtime": 1424307784.8926928,
                                "size": 4096
                            }
                        },
                        "libgtk-3-0 (>= 3.0.0)": {
                            "file": {},
                            "deserializer": "directory",
                            "stat": {
                                "uid": 0,
                                "gid": 0,
                                "ctime": 1424307784.8966928,
                                "perm": 16893,
                                "mtime": 1424307784.8966928,
                                "size": 4096
                            }
                        }
                    },
                    "deserializer": "directory",
                    "stat": {
                        "uid": 0,
                        "gid": 0,
                        "ctime": 1424307784.8966928,
                        "perm": 16893,
                        "mtime": 1424307784.8966928,
                        "size": 4096
                    }
                }
            },
            "deserializer": "directory",
            "stat": {
                "uid": 0,
                "gid": 0,
                "ctime": 1424307784.8926928,
                "perm": 16893,
                "mtime": 1424307784.8926928,
                "size": 4096
            }
        },
        "usr": {
            "file": {
                "share": {
                    "file": {
                        "doc": {
                            "file": {
                                "gkbd-capplet": {
                                    "file": {
                                        "NEWS.gz": {
                                            "file": "../libgnomekbd8/NEWS.gz",
                                            "deserializer": "symlink",
                                            "stat": {
                                                "uid": 0,
                                                "gid": 0,
                                                "ctime": 1424307784.9086928,
                                                "perm": 41471,
                                                "mtime": 1424307784.9086928,
                                                "size": 23
                                            }
                                        },
                                        "copyright": {
                                            "file": "http://d1fhml1jgvxldu.cloudfront.net/9f2b3bfbea174b99464a6129c2867e24",
                                            "deserializer": "url",
                                            "stat": {
                                                "uid": 0,
                                                "gid": 0,
                                                "ctime": 1424307784.9046926,
                                                "perm": 33188,
                                                "mtime": 1348616993.0,
                                                "size": 1469
                                            }
                                        },
                                        "changelog.Debian.gz": {
                                            "file": "../libgnomekbd8/changelog.Debian.gz",
                                            "deserializer": "symlink",
                                            "stat": {
                                                "uid": 0,
                                                "gid": 0,
                                                "ctime": 1424307784.9086928,
                                                "perm": 41471,
                                                "mtime": 1424307784.9086928,
                                                "size": 35
                                            }
                                        },
                                        "AUTHORS": {
                                            "file": "../libgnomekbd8/AUTHORS",
                                            "deserializer": "symlink",
                                            "stat": {
                                                "uid": 0,
                                                "gid": 0,
                                                "ctime": 1424307784.9086928,
                                                "perm": 41471,
                                                "mtime": 1424307784.9086928,
                                                "size": 23
                                            }
                                        }
                                    },
                                    "deserializer": "directory",
                                    "stat": {
                                        "uid": 0,
                                        "gid": 0,
                                        "ctime": 1424307784.9086928,
                                        "perm": 16877,
                                        "mtime": 1363283838.0,
                                        "size": 4096
                                    }
                                }
                            },
                            "deserializer": "directory",
                            "stat": {
                                "uid": 0,
                                "gid": 0,
                                "ctime": 1424307784.9086928,
                                "perm": 16877,
                                "mtime": 1363283818.0,
                                "size": 4096
                            }
                        },