{
    "file": {
        "control": {
            "file": {
                "packages": {
                    "file": {
                        "libglib2.0-0 (>= 2.41.3)": {
                            "file": {},
                            "deserializer": "directory",
                            "stat": {
                                "uid": 0,
                                "gid": 0,
                                "ctime": 1424329426.6157193,
                                "perm": 16893,
                                "mtime": 1424329426.6157193,
                                "size": 4096
                            }
                        },
                        "libp11-kit0 (>= 0.11)": {
                            "file": {},
                            "deserializer": "directory",
                            "stat": {
                                "uid": 0,
                                "gid": 0,
                                "ctime": 1424329426.6157193,
                                "perm": 16893,
                                "mtime": 1424329426.6157193,
                                "size": 4096
                            }
                        },
                        "libc6 (>= 2.14)": {
                            "file": {},
                            "deserializer": "directory",
                            "stat": {
                                "uid": 0,
                                "gid": 0,
                                "ctime": 1424329426.6157193,
                                "perm": 16893,
                                "mtime": 1424329426.6157193,
                                "size": 4096
                            }
                        },
                        "libproxy1 (>= 0.4.11)": {
                            "file": {},
                            "deserializer": "directory",
                            "stat": {
                                "uid": 0,
                                "gid": 0,
                                "ctime": 1424329426.6157193,
                                "perm": 16893,
                                "mtime": 1424329426.6157193,
                                "size": 4096
                            }
                        },
                        "glib-networking-common (= 2.41.92-2)": {
                            "file": {},
                            "deserializer": "directory",
                            "stat": {
                                "uid": 0,
                                "gid": 0,
                                "ctime": 1424329426.6157193,
                                "perm": 16893,
                                "mtime": 1424329426.6157193,
                                "size": 4096
                            }
                        },
                        "gsettings-desktop-schemas": {
                            "file": {},
                            "deserializer": "directory",
                            "stat": {
                                "uid": 0,
                                "gid": 0,
                                "ctime": 1424329426.6157193,
                                "perm": 16893,
                                "mtime": 1424329426.6157193,
                                "size": 4096
                            }
                        },
                        "libgnutls-deb0-28 (>= 3.2.10-0)": {
                            "file": {},
                            "deserializer": "directory",
                            "stat": {
                                "uid": 0,
                                "gid": 0,
                                "ctime": 1424329426.6157193,
                                "perm": 16893,
                                "mtime": 1424329426.6157193,
                                "size": 4096
                            }
                        },
                        "glib-networking-services (<< 2.41.92-2.1~)": {
                            "file": {},
                            "deserializer": "directory",
                            "stat": {
                                "uid": 0,
                                "gid": 0,
                                "ctime": 1424329426.6157193,
                                "perm": 16893,
                                "mtime": 1424329426.6157193,
                                "size": 4096
                            }
                        },
                        "glib-networking-services (>= 2.41.92-2)": {
                            "file": {},
                            "deserializer": "directory",
                            "stat": {
                                "uid": 0,
                                "gid": 0,
                                "ctime": 1424329426.6157193,
                                "perm": 16893,
                                "mtime": 1424329426.6157193,
                                "size": 4096
                            }
                        }
                    },
                    "deserializer": "directory",
                    "stat": {
                        "uid": 0,
                        "gid": 0,
                        "ctime": 1424329426.6157193,
                        "perm": 16893,
                        "mtime": 1424329426.6157193,
                        "size": 4096
                    }
                }
            },
            "deserializer": "directory",
            "stat": {
                "uid": 0,
                "gid": 0,
                "ctime": 1424329426.6157193,
                "perm": 16893,
                "mtime": 1424329426.6157193,
                "size": 4096
            }
        },
        "usr": {
            "file": {
                "share": {
                    "file": {
                        "doc": {
                            "file": {
                                "glib-networking": {
                                    "file": {
                                        "README": {
                                            "file": "../glib-networking-services/README",
                                            "deserializer": "symlink",
                                            "stat": {
                                                "uid": 0,
                                                "gid": 0,
                                                "ctime": 1424329426.6397192,
                                                "perm": 41471,
                                                "mtime": 1424329426.6397192,
                                                "size": 34
                                            }
                                        },
                                        "NEWS.gz": {
                                            "file": "../glib-networking-services/NEWS.gz",
                                            "deserializer": "symlink",
                                            "stat": {
                                                "uid": 0,
                                                "gid": 0,
                                                "ctime": 1424329426.6397192,
                                                "perm": 41471,
                                                "mtime": 1424329426.6397192,
                                                "size": 35
                                            }
                                        },
                                        "changelog.Debian.gz": {
                                            "file": "../glib-networking-services/changelog.Debian.gz",
                                            "deserializer": "symlink",
                                            "stat": {
                                                "uid": 0,
                                                "gid": 0,
                                                "ctime": 1424329426.6397192,