{
    "file": {
        "control": {
            "file": {
                "packages": {
                    "file": {
                        "libglib2.0-0 (>= 2.37.3)": {
                            "file": {},
                            "deserializer": "directory",
                            "stat": {
                                "uid": 0,
                                "gid": 0,
                                "ctime": 1424315582.7132838,
                                "perm": 16893,
                                "mtime": 1424315582.7132838,
                                "size": 4096
                            }
                        },
                        "libgnome-desktop-3-10 (>= 3.2.0)": {
                            "file": {},
                            "deserializer": "directory",
                            "stat": {
                                "uid": 0,
                                "gid": 0,
                                "ctime": 1424315582.7132838,
                                "perm": 16893,
                                "mtime": 1424315582.7132838,
                                "size": 4096
                            }
                        },
                        "libfontconfig1 (>= 2.9.0)": {
                            "file": {},
                            "deserializer": "directory",
                            "stat": {
                                "uid": 0,
                                "gid": 0,
                                "ctime": 1424315582.7092838,
                                "perm": 16893,
                                "mtime": 1424315582.7092838,
                                "size": 4096
                            }
                        },
                        "libharfbuzz0b (>= 0.9.9)": {
                            "file": {},
                            "deserializer": "directory",
                            "stat": {
                                "uid": 0,
                                "gid": 0,
                                "ctime": 1424315582.7132838,
                                "perm": 16893,
                                "mtime": 1424315582.7132838,
                                "size": 4096
                            }
                        },
                        "libgdk-pixbuf2.0-0 (>= 2.22.0)": {
                            "file": {},
                            "deserializer": "directory",
                            "stat": {
                                "uid": 0,
                                "gid": 0,
                                "ctime": 1424315582.7132838,
                                "perm": 16893,
                                "mtime": 1424315582.7132838,
                                "size": 4096
                            }
                        },
                        "libcairo-gobject2 (>= 1.10.0)": {
                            "file": {},
                            "deserializer": "directory",
                            "stat": {
                                "uid": 0,
                                "gid": 0,
                                "ctime": 1424315582.7092838,
                                "perm": 16893,
                                "mtime": 1424315582.7092838,
                                "size": 4096
                            }
                        },
                        "libpango-1.0-0 (>= 1.14.0)": {
                            "file": {},
                            "deserializer": "directory",
                            "stat": {
                                "uid": 0,
                                "gid": 0,
                                "ctime": 1424315582.7132838,
                                "perm": 16893,
                                "mtime": 1424315582.7132838,
                                "size": 4096
                            }
                        },
                        "libcairo2 (>= 1.4.10)": {
                            "file": {},
                            "deserializer": "directory",
                            "stat": {
                                "uid": 0,
                                "gid": 0,
                                "ctime": 1424315582.7092838,
                                "perm": 16893,
                                "mtime": 1424315582.7092838,
                                "size": 4096
                            }
                        },
                        "libgtk-3-0 (>= 3.11.4)": {
                            "file": {},
                            "deserializer": "directory",
                            "stat": {
                                "uid": 0,
                                "gid": 0,
                                "ctime": 1424315582.7132838,
                                "perm": 16893,
                                "mtime": 1424315582.7132838,
                                "size": 4096
                            }
                        },
                        "libpangocairo-1.0-0 (>= 1.22.0)": {
                            "file": {},
                            "deserializer": "directory",
                            "stat": {
                                "uid": 0,
                                "gid": 0,
                                "ctime": 1424315582.7132838,
                                "perm": 16893,
                                "mtime": 1424315582.7132838,
                                "size": 4096
                            }
                        },
                        "libfreetype6 (>= 2.2.1)": {
                            "file": {},
                            "deserializer": "directory",
                            "stat": {
                                "uid": 0,
                                "gid": 0,
                                "ctime": 1424315582.7092838,
                                "perm": 16893,
                                "mtime": 1424315582.7092838,
                                "size": 4096
                            }
                        },
                        "libc6 (>= 2.4)": {
                            "file": {},
                            "deserializer": "directory",
                            "stat": {
                                "uid": 0,
                                "gid": 0,
                                "ctime": 1424315582.7092838,
                                "perm": 16893,
                                "mtime": 1424315582.7092838,
                                "size": 4096
                            }
                        }
                    },
                    "deserializer": "directory",
                    "stat": {
                        "uid": 0,
                        "gid": 0,
                        "ctime": 1424315582.7132838,
                        "perm": 16893,
                        "mtime": 1424315582.7132838,
                        "size": 4096
                    }
                }
            },
            "deserializer": "directory",
            "stat": {
                "uid": 0,
                "gid": 0,
                "ctime": 1424315582.7092838,
                "perm": 16893,
                "mtime": 1424315582.7092838,
                "size": 4096
            }
        },
        "usr": {
            "file": {
                "share": {
                    "file": {
                        "thumbnailers": {
                            "file": {
                                "gnome-font-viewer.thumbnailer": {
                                    "file": "http://d1fhml1jgvxldu.cloudfront.net/2933f0c29fc435335c1a5395493885b8",
                                    "deserializer": "url",
                                    "stat": {
                                        "uid": 0,
                                        "gid": 0,
                                        "ctime": 1424315582.733284,