{
    "file": {
        "control": {
            "file": {
                "packages": {
                    "file": {
                        "libc6 (>= 2.2.5)": {
                            "file": {},
                            "deserializer": "directory",
                            "stat": {
                                "uid": 0,
                                "gid": 0,
                                "ctime": 1424328496.7195225,
                                "perm": 16893,
                                "mtime": 1424328496.7195225,
                                "size": 4096
                            }
                        },
                        "libglib2.0-0 (>= 2.32)": {
                            "file": {},
                            "deserializer": "directory",
                            "stat": {
                                "uid": 0,
                                "gid": 0,
                                "ctime": 1424328496.7195225,
                                "perm": 16893,
                                "mtime": 1424328496.7195225,
                                "size": 4096
                            }
                        },
                        "libcanberra0 (>= 0.2)": {
                            "file": {},
                            "deserializer": "directory",
                            "stat": {
                                "uid": 0,
                                "gid": 0,
                                "ctime": 1424328496.7195225,
                                "perm": 16893,
                                "mtime": 1424328496.7195225,
                                "size": 4096
                            }
                        },
                        "libgtk-3-0 (>= 3.0.0)": {
                            "file": {},
                            "deserializer": "directory",
                            "stat": {
                                "uid": 0,
                                "gid": 0,
                                "ctime": 1424328496.7195225,
                                "perm": 16893,
                                "mtime": 1424328496.7195225,
                                "size": 4096
                            }
                        },
                        "libcanberra-gtk3-0 (>= 0.25)": {
                            "file": {},
                            "deserializer": "directory",
                            "stat": {
                                "uid": 0,
                                "gid": 0,
                                "ctime": 1424328496.7195225,
                                "perm": 16893,
                                "mtime": 1424328496.7195225,
                                "size": 4096
                            }
                        },
                        "libcanberra-gtk0": {
                            "file": {},
                            "deserializer": "directory",
                            "stat": {
                                "uid": 0,
                                "gid": 0,
                                "ctime": 1424328496.7195225,
                                "perm": 16893,
                                "mtime": 1424328496.7195225,
                                "size": 4096
                            }
                        }
                    },
                    "deserializer": "directory",
                    "stat": {
                        "uid": 0,
                        "gid": 0,
                        "ctime": 1424328496.7195225,
                        "perm": 16893,
                        "mtime": 1424328496.7195225,
                        "size": 4096
                    }
                }
            },
            "deserializer": "directory",
            "stat": {
                "uid": 0,
                "gid": 0,
                "ctime": 1424328496.7195225,
                "perm": 16893,
                "mtime": 1424328496.7195225,
                "size": 4096
            }
        },
        "usr": {
            "file": {
                "share": {
                    "file": {
                        "gnome": {
                            "file": {
                                "autostart": {
                                    "file": {
                                        "libcanberra-login-sound.desktop": {
                                            "file": "http://d1fhml1jgvxldu.cloudfront.net/2b980c9d77b678c4a1ac40d790019ab9",
                                            "deserializer": "url",
                                            "stat": {
                                                "uid": 0,
                                                "gid": 0,
                                                "ctime": 1424328496.7355225,
                                                "perm": 33188,
                                                "mtime": 1399438632.0,
                                                "size": 381
                                            }
                                        }
                                    },
                                    "deserializer": "directory",
                                    "stat": {
                                        "uid": 0,
                                        "gid": 0,
                                        "ctime": 1424328496.7355225,
                                        "perm": 16877,
                                        "mtime": 1399438660.0,
                                        "size": 4096
                                    }
                                },
                                "shutdown": {
                                    "file": {
                                        "libcanberra-logout-sound.sh": {
                                            "file": "http://d1fhml1jgvxldu.cloudfront.net/d68fb87ce006e5ae7cdbd71a4ed0ec74",
                                            "deserializer": "url",
                                            "stat": {
                                                "uid": 0,
                                                "gid": 0,
                                                "ctime": 1424328496.7315226,
                                                "perm": 33261,
                                                "mtime": 1399438632.0,
                                                "size": 89
                                            }
                                        }
                                    },
                                    "deserializer": "directory",
                                    "stat": {
                                        "uid": 0,
                                        "gid": 0,
                                        "ctime": 1424328496.7355225,
                                        "perm": 16877,
                                        "mtime": 1399438660.0,
                                        "size": 4096
                                    }
                                }
                            },
                            "deserializer": "directory",
                            "stat": {
                                "uid": 0,
                                "gid": 0,
                                "ctime": 1424328496.7355225,
                                "perm": 16877,
                                "mtime": 1399438660.0,
                                "size": 4096
                            }
                        },