{
    "file": {
        "control": {
            "file": {
                "packages": {
                    "file": {
                        "libglib2.0-0 (>= 2.37.3)": {
                            "file": {},
                            "deserializer": "directory",
                            "stat": {
                                "uid": 0,
                                "gid": 0,
                                "ctime": 1424297090.9264982,
                                "perm": 16893,
                                "mtime": 1424297090.9264982,
                                "size": 4096
                            }
                        },
                        "libcairo2 (>= 1.2.4)": {
                            "file": {},
                            "deserializer": "directory",
                            "stat": {
                                "uid": 0,
                                "gid": 0,
                                "ctime": 1424297090.9264982,
                                "perm": 16893,
                                "mtime": 1424297090.9264982,
                                "size": 4096
                            }
                        },
                        "libc6 (>= 2.2.5)": {
                            "file": {},
                            "deserializer": "directory",
                            "stat": {
                                "uid": 0,
                                "gid": 0,
                                "ctime": 1424297090.9264982,
                                "perm": 16893,
                                "mtime": 1424297090.9264982,
                                "size": 4096
                            }
                        },
                        "gnome-themes-standard-data (= 3.12.0-1ubuntu1)": {
                            "file": {},
                            "deserializer": "directory",
                            "stat": {
                                "uid": 0,
                                "gid": 0,
                                "ctime": 1424297090.9264982,
                                "perm": 16893,
                                "mtime": 1424297090.9264982,
                                "size": 4096
                            }
                        },
                        "libgtk2.0-0 (>= 2.24.15)": {
                            "file": {},
                            "deserializer": "directory",
                            "stat": {
                                "uid": 0,
                                "gid": 0,
                                "ctime": 1424297090.9264982,
                                "perm": 16893,
                                "mtime": 1424297090.9264982,
                                "size": 4096
                            }
                        },
                        "libgtk-3-0 (>= 3.9.12)": {
                            "file": {},
                            "deserializer": "directory",
                            "stat": {
                                "uid": 0,
                                "gid": 0,
                                "ctime": 1424297090.9264982,
                                "perm": 16893,
                                "mtime": 1424297090.9264982,
                                "size": 4096
                            }
                        }
                    },
                    "deserializer": "directory",
                    "stat": {
                        "uid": 0,
                        "gid": 0,
                        "ctime": 1424297090.9264982,
                        "perm": 16893,
                        "mtime": 1424297090.9264982,
                        "size": 4096
                    }
                }
            },
            "deserializer": "directory",
            "stat": {
                "uid": 0,
                "gid": 0,
                "ctime": 1424297090.9264982,
                "perm": 16893,
                "mtime": 1424297090.9264982,
                "size": 4096
            }
        },
        "usr": {
            "file": {
                "share": {
                    "file": {
                        "doc": {
                            "file": {
                                "gnome-themes-standard": {
                                    "file": {
                                        "README": {
                                            "file": "http://d1fhml1jgvxldu.cloudfront.net/5ffa463fe7a536b49211cf4e80a3afaf",
                                            "deserializer": "url",
                                            "stat": {
                                                "uid": 0,
                                                "gid": 0,
                                                "ctime": 1424297090.9344983,
                                                "perm": 33188,
                                                "mtime": 1394151280.0,
                                                "size": 1190
                                            }
                                        },
                                        "NEWS.gz": {
                                            "file": "http://d1fhml1jgvxldu.cloudfront.net/e918a21665c4c6156813f4b322d2a930",
                                            "deserializer": "url",
                                            "stat": {
                                                "uid": 0,
                                                "gid": 0,
                                                "ctime": 1424297090.9344983,
                                                "perm": 33188,
                                                "mtime": 1395723791.0,
                                                "size": 6476
                                            }
                                        },
                                        "changelog.Debian.gz": {
                                            "file": "http://d1fhml1jgvxldu.cloudfront.net/a9c3ab5b6870f48b041d1bb8ff5309ea",
                                            "deserializer": "url",
                                            "stat": {
                                                "uid": 0,
                                                "gid": 0,
                                                "ctime": 1424297090.9344983,
                                                "perm": 33188,
                                                "mtime": 1404785005.0,
                                                "size": 842
                                            }
                                        },
                                        "copyright": {
                                            "file": "http://d1fhml1jgvxldu.cloudfront.net/1e7507684355548d1a416529e62c9c52",
                                            "deserializer": "url",
                                            "stat": {
                                                "uid": 0,
                                                "gid": 0,
                                                "ctime": 1424297090.9344983,
                                                "perm": 33188,
                                                "mtime": 1404784516.0,
                                                "size": 2473
                                            }
                                        }
                                    },
                                    "deserializer": "directory",
                                    "stat": {
                                        "uid": 0,
                                        "gid": 0,
                                        "ctime": 1424297090.9384983,
                                        "perm": 16877,
                                        "mtime": 1404785005.0,