{
    "file": {
        "control": {
            "file": {
                "packages": {
                    "file": {
                        "grub-gfxpayload-lists": {
                            "file": {},
                            "deserializer": "directory",
                            "stat": {
                                "uid": 0,
                                "gid": 0,
                                "ctime": 1424305703.3271825,
                                "perm": 16893,
                                "mtime": 1424305703.3271825,
                                "size": 4096
                            }
                        },
                        "grub2-common (= 2.02~beta2-15)": {
                            "file": {},
                            "deserializer": "directory",
                            "stat": {
                                "uid": 0,
                                "gid": 0,
                                "ctime": 1424305703.3271825,
                                "perm": 16893,
                                "mtime": 1424305703.3271825,
                                "size": 4096
                            }
                        },
                        "grub-common (= 2.02~beta2-15)": {
                            "file": {},
                            "deserializer": "directory",
                            "stat": {
                                "uid": 0,
                                "gid": 0,
                                "ctime": 1424305703.3271825,
                                "perm": 16893,
                                "mtime": 1424305703.3271825,
                                "size": 4096
                            }
                        },
                        "debconf (>= 0.5) | debconf-2.0": {
                            "file": {},
                            "deserializer": "directory",
                            "stat": {
                                "uid": 0,
                                "gid": 0,
                                "ctime": 1424305703.3271825,
                                "perm": 16893,
                                "mtime": 1424305703.3271825,
                                "size": 4096
                            }
                        },
                        "ucf": {
                            "file": {},
                            "deserializer": "directory",
                            "stat": {
                                "uid": 0,
                                "gid": 0,
                                "ctime": 1424305703.3271825,
                                "perm": 16893,
                                "mtime": 1424305703.3271825,
                                "size": 4096
                            }
                        },
                        "grub-pc-bin (= 2.02~beta2-15)": {
                            "file": {},
                            "deserializer": "directory",
                            "stat": {
                                "uid": 0,
                                "gid": 0,
                                "ctime": 1424305703.3271825,
                                "perm": 16893,
                                "mtime": 1424305703.3271825,
                                "size": 4096
                            }
                        }
                    },
                    "deserializer": "directory",
                    "stat": {
                        "uid": 0,
                        "gid": 0,
                        "ctime": 1424305703.3271825,
                        "perm": 16893,
                        "mtime": 1424305703.3271825,
                        "size": 4096
                    }
                }
            },
            "deserializer": "directory",
            "stat": {
                "uid": 0,
                "gid": 0,
                "ctime": 1424305703.3271825,
                "perm": 16893,
                "mtime": 1424305703.3271825,
                "size": 4096
            }
        },
        "usr": {
            "file": {
                "share": {
                    "file": {
                        "doc": {
                            "file": {
                                "grub-pc": {
                                    "file": "grub-common",
                                    "deserializer": "symlink",
                                    "stat": {
                                        "uid": 0,
                                        "gid": 0,
                                        "ctime": 1424305703.3431826,
                                        "perm": 41471,
                                        "mtime": 1424305703.3431826,
                                        "size": 11
                                    }
                                }
                            },
                            "deserializer": "directory",
                            "stat": {
                                "uid": 0,
                                "gid": 0,
                                "ctime": 1424305703.3431826,
                                "perm": 16877,
                                "mtime": 1413452978.0,
                                "size": 4096
                            }
                        },
                        "man": {
                            "file": {
                                "man8": {
                                    "file": {
                                        "grub-bios-setup.8.gz": {
                                            "file": "http://d1fhml1jgvxldu.cloudfront.net/cad4ace14fa62645b2ef919b70fb21ab",
                                            "deserializer": "url",
                                            "stat": {
                                                "uid": 0,
                                                "gid": 0,
                                                "ctime": 1424305703.3391826,
                                                "perm": 33188,
                                                "mtime": 1413452970.0,
                                                "size": 1019
                                            }
                                        }
                                    },
                                    "deserializer": "directory",
                                    "stat": {
                                        "uid": 0,
                                        "gid": 0,
                                        "ctime": 1424305703.3431826,
                                        "perm": 16877,
                                        "mtime": 1413452979.0,
                                        "size": 4096
                                    }
                                }
                            },
                            "deserializer": "directory",
                            "stat": {
                                "uid": 0,
                                "gid": 0,
                                "ctime": 1424305703.3431826,
                                "perm": 16877,
                                "mtime": 1413452941.0,
                                "size": 4096
                            }
                        },
                        "bug": {
                            "file": {
                                "grub-pc": {
                                    "file": {
                                        "script": {
                                            "file": "http://d1fhml1jgvxldu.cloudfront.net/0d5ead2e5fdc1dad9283d5a770980056",
                                            "deserializer": "url",
                                            "stat": {
                                                "uid": 0,
                                                "gid": 0,
                                                "ctime": 1424305703.3391826,