{
    "file": {
        "control": {
            "file": {
                "packages": {
                    "file": {
                        "libglib2.0-0 (>= 2.31.8)": {
                            "file": {},
                            "deserializer": "directory",
                            "stat": {
                                "uid": 0,
                                "gid": 0,
                                "ctime": 1424306900.4605238,
                                "perm": 16893,
                                "mtime": 1424306900.4605238,
                                "size": 4096
                            }
                        },
                        "libgstreamer0.10-0 (>= 0.10.36)": {
                            "file": {},
                            "deserializer": "directory",
                            "stat": {
                                "uid": 0,
                                "gid": 0,
                                "ctime": 1424306900.4605238,
                                "perm": 16893,
                                "mtime": 1424306900.4605238,
                                "size": 4096
                            }
                        },
                        "libc6 (>= 2.14)": {
                            "file": {},
                            "deserializer": "directory",
                            "stat": {
                                "uid": 0,
                                "gid": 0,
                                "ctime": 1424306900.4605238,
                                "perm": 16893,
                                "mtime": 1424306900.4605238,
                                "size": 4096
                            }
                        },
                        "libasound2 (>= 1.0.16)": {
                            "file": {},
                            "deserializer": "directory",
                            "stat": {
                                "uid": 0,
                                "gid": 0,
                                "ctime": 1424306900.4605238,
                                "perm": 16893,
                                "mtime": 1424306900.4605238,
                                "size": 4096
                            }
                        },
                        "libgstreamer-plugins-base0.10-0 (>= 0.10.36)": {
                            "file": {},
                            "deserializer": "directory",
                            "stat": {
                                "uid": 0,
                                "gid": 0,
                                "ctime": 1424306900.4605238,
                                "perm": 16893,
                                "mtime": 1424306900.4605238,
                                "size": 4096
                            }
                        }
                    },
                    "deserializer": "directory",
                    "stat": {
                        "uid": 0,
                        "gid": 0,
                        "ctime": 1424306900.4605238,
                        "perm": 16893,
                        "mtime": 1424306900.4605238,
                        "size": 4096
                    }
                }
            },
            "deserializer": "directory",
            "stat": {
                "uid": 0,
                "gid": 0,
                "ctime": 1424306900.4605238,
                "perm": 16893,
                "mtime": 1424306900.4605238,
                "size": 4096
            }
        },
        "usr": {
            "file": {
                "share": {
                    "file": {
                        "doc": {
                            "file": {
                                "gstreamer0.10-alsa": {
                                    "file": {
                                        "README.Debian": {
                                            "file": "../libgstreamer-plugins-base0.10-0/README.Debian",
                                            "deserializer": "symlink",
                                            "stat": {
                                                "uid": 0,
                                                "gid": 0,
                                                "ctime": 1424306900.4805238,
                                                "perm": 41471,
                                                "mtime": 1424306900.4805238,
                                                "size": 48
                                            }
                                        },
                                        "AUTHORS": {
                                            "file": "../libgstreamer-plugins-base0.10-0/AUTHORS",
                                            "deserializer": "symlink",
                                            "stat": {
                                                "uid": 0,
                                                "gid": 0,
                                                "ctime": 1424306900.4805238,
                                                "perm": 41471,
                                                "mtime": 1424306900.4805238,
                                                "size": 42
                                            }
                                        },
                                        "README.gz": {
                                            "file": "../libgstreamer-plugins-base0.10-0/README.gz",
                                            "deserializer": "symlink",
                                            "stat": {
                                                "uid": 0,
                                                "gid": 0,
                                                "ctime": 1424306900.4805238,
                                                "perm": 41471,
                                                "mtime": 1424306900.4805238,
                                                "size": 44
                                            }
                                        },
                                        "NEWS.gz": {
                                            "file": "../libgstreamer-plugins-base0.10-0/NEWS.gz",
                                            "deserializer": "symlink",
                                            "stat": {
                                                "uid": 0,
                                                "gid": 0,
                                                "ctime": 1424306900.4805238,
                                                "perm": 41471,
                                                "mtime": 1424306900.4805238,
                                                "size": 42
                                            }
                                        },
                                        "changelog.Debian.gz": {
                                            "file": "../libgstreamer-plugins-base0.10-0/changelog.Debian.gz",
                                            "deserializer": "symlink",
                                            "stat": {
                                                "uid": 0,
                                                "gid": 0,
                                                "ctime": 1424306900.4805238,
                                                "perm": 41471,
                                                "mtime": 1424306900.4805238,
                                                "size": 54
                                            }
                                        },
                                        "copyright": {
                                            "file": "http://d1fhml1jgvxldu.cloudfront.net/c6cacfe8a12085e4401e017446202d46",
                                            "deserializer": "url",