{
    "file": {
        "control": {
            "file": {
                "packages": {
                    "file": {
                        "libgstreamer0.10-0 (>= 0.10.36)": {
                            "file": {},
                            "deserializer": "directory",
                            "stat": {
                                "uid": 0,
                                "gid": 0,
                                "ctime": 1424301464.106292,
                                "perm": 16893,
                                "mtime": 1424301464.106292,
                                "size": 4096
                            }
                        },
                        "libc6 (>= 2.14)": {
                            "file": {},
                            "deserializer": "directory",
                            "stat": {
                                "uid": 0,
                                "gid": 0,
                                "ctime": 1424301464.106292,
                                "perm": 16893,
                                "mtime": 1424301464.106292,
                                "size": 4096
                            }
                        },
                        "libpulse0 (>= 1:1.0)": {
                            "file": {},
                            "deserializer": "directory",
                            "stat": {
                                "uid": 0,
                                "gid": 0,
                                "ctime": 1424301464.106292,
                                "perm": 16893,
                                "mtime": 1424301464.106292,
                                "size": 4096
                            }
                        },
                        "libglib2.0-0 (>= 2.37.3)": {
                            "file": {},
                            "deserializer": "directory",
                            "stat": {
                                "uid": 0,
                                "gid": 0,
                                "ctime": 1424301464.106292,
                                "perm": 16893,
                                "mtime": 1424301464.106292,
                                "size": 4096
                            }
                        },
                        "libgstreamer-plugins-base0.10-0 (>= 0.10.36)": {
                            "file": {},
                            "deserializer": "directory",
                            "stat": {
                                "uid": 0,
                                "gid": 0,
                                "ctime": 1424301464.106292,
                                "perm": 16893,
                                "mtime": 1424301464.106292,
                                "size": 4096
                            }
                        }
                    },
                    "deserializer": "directory",
                    "stat": {
                        "uid": 0,
                        "gid": 0,
                        "ctime": 1424301464.106292,
                        "perm": 16893,
                        "mtime": 1424301464.106292,
                        "size": 4096
                    }
                }
            },
            "deserializer": "directory",
            "stat": {
                "uid": 0,
                "gid": 0,
                "ctime": 1424301464.106292,
                "perm": 16893,
                "mtime": 1424301464.106292,
                "size": 4096
            }
        },
        "usr": {
            "file": {
                "share": {
                    "file": {
                        "doc": {
                            "file": {
                                "gstreamer0.10-pulseaudio": {
                                    "file": {
                                        "README.Debian": {
                                            "file": "http://d1fhml1jgvxldu.cloudfront.net/eb7f0e20d199976f01fb73105ffc4503",
                                            "deserializer": "url",
                                            "stat": {
                                                "uid": 0,
                                                "gid": 0,
                                                "ctime": 1424301464.1182919,
                                                "perm": 33188,
                                                "mtime": 1355127628.0,
                                                "size": 1526
                                            }
                                        },
                                        "AUTHORS": {
                                            "file": "http://d1fhml1jgvxldu.cloudfront.net/522445a5bc87310646c5e95de9a8ad45",
                                            "deserializer": "url",
                                            "stat": {
                                                "uid": 0,
                                                "gid": 0,
                                                "ctime": 1424301464.122292,
                                                "perm": 33188,
                                                "mtime": 1323629290.0,
                                                "size": 854
                                            }
                                        },
                                        "README.gz": {
                                            "file": "http://d1fhml1jgvxldu.cloudfront.net/9ee7e76d94754d914c20281cd97be606",
                                            "deserializer": "url",
                                            "stat": {
                                                "uid": 0,
                                                "gid": 0,
                                                "ctime": 1424301464.122292,
                                                "perm": 33188,
                                                "mtime": 1323629290.0,
                                                "size": 4176
                                            }
                                        },
                                        "NEWS.gz": {
                                            "file": "http://d1fhml1jgvxldu.cloudfront.net/ffeae5bfa60c7baca1888c05be003d03",
                                            "deserializer": "url",
                                            "stat": {
                                                "uid": 0,
                                                "gid": 0,
                                                "ctime": 1424301464.122292,
                                                "perm": 33188,
                                                "mtime": 1329785187.0,
                                                "size": 47797
                                            }
                                        },
                                        "changelog.Debian.gz": {
                                            "file": "http://d1fhml1jgvxldu.cloudfront.net/b0356519e8d95542b389c274df35c346",
                                            "deserializer": "url",
                                            "stat": {
                                                "uid": 0,
                                                "gid": 0,
                                                "ctime": 1424301464.122292,
                                                "perm": 33188,
                                                "mtime": 1394893862.0,
                                                "size": 1531
                                            }
                                        },
                                        "copyright": {
                                            "file": "http://d1fhml1jgvxldu.cloudfront.net/c6cacfe8a12085e4401e017446202d46",
                                            "deserializer": "url",