{
    "file": {
        "control": {
            "file": {
                "packages": {
                    "file": {
                        "libgstreamer1.0-0 (>= 1.4.0)": {
                            "file": {},
                            "deserializer": "directory",
                            "stat": {
                                "uid": 0,
                                "gid": 0,
                                "ctime": 1424298873.944764,
                                "perm": 16893,
                                "mtime": 1424298873.944764,
                                "size": 4096
                            }
                        },
                        "libglib2.0-0 (>= 2.32)": {
                            "file": {},
                            "deserializer": "directory",
                            "stat": {
                                "uid": 0,
                                "gid": 0,
                                "ctime": 1424298873.944764,
                                "perm": 16893,
                                "mtime": 1424298873.944764,
                                "size": 4096
                            }
                        },
                        "libc6 (>= 2.4)": {
                            "file": {},
                            "deserializer": "directory",
                            "stat": {
                                "uid": 0,
                                "gid": 0,
                                "ctime": 1424298873.944764,
                                "perm": 16893,
                                "mtime": 1424298873.944764,
                                "size": 4096
                            }
                        },
                        "gstreamer1.0-tools": {
                            "file": {},
                            "deserializer": "directory",
                            "stat": {
                                "uid": 0,
                                "gid": 0,
                                "ctime": 1424298873.944764,
                                "perm": 16893,
                                "mtime": 1424298873.944764,
                                "size": 4096
                            }
                        }
                    },
                    "deserializer": "directory",
                    "stat": {
                        "uid": 0,
                        "gid": 0,
                        "ctime": 1424298873.944764,
                        "perm": 16893,
                        "mtime": 1424298873.944764,
                        "size": 4096
                    }
                }
            },
            "deserializer": "directory",
            "stat": {
                "uid": 0,
                "gid": 0,
                "ctime": 1424298873.944764,
                "perm": 16893,
                "mtime": 1424298873.944764,
                "size": 4096
            }
        },
        "usr": {
            "file": {
                "share": {
                    "file": {
                        "doc": {
                            "file": {
                                "gstreamer1.0-plugins-base-apps": {
                                    "file": {
                                        "README.Debian": {
                                            "file": "http://d1fhml1jgvxldu.cloudfront.net/2904599b37e146ff6b0a4bda46465187",
                                            "deserializer": "url",
                                            "stat": {
                                                "uid": 0,
                                                "gid": 0,
                                                "ctime": 1424298873.9527638,
                                                "perm": 33188,
                                                "mtime": 1405070293.0,
                                                "size": 1735
                                            }
                                        },
                                        "AUTHORS": {
                                            "file": "http://d1fhml1jgvxldu.cloudfront.net/cd417fda468cfef6f3b7dcbba66dcb42",
                                            "deserializer": "url",
                                            "stat": {
                                                "uid": 0,
                                                "gid": 0,
                                                "ctime": 1424298873.9527638,
                                                "perm": 33188,
                                                "mtime": 1405930975.0,
                                                "size": 977
                                            }
                                        },
                                        "README.gz": {
                                            "file": "http://d1fhml1jgvxldu.cloudfront.net/8044da16abba22528a726f0fa76457a9",
                                            "deserializer": "url",
                                            "stat": {
                                                "uid": 0,
                                                "gid": 0,
                                                "ctime": 1424298873.956764,
                                                "perm": 33188,
                                                "mtime": 1405930975.0,
                                                "size": 4196
                                            }
                                        },
                                        "NEWS.gz": {
                                            "file": "http://d1fhml1jgvxldu.cloudfront.net/7b183b93e68c2f81758120d9e5817e62",
                                            "deserializer": "url",
                                            "stat": {
                                                "uid": 0,
                                                "gid": 0,
                                                "ctime": 1424298873.956764,
                                                "perm": 33188,
                                                "mtime": 1411546723.0,
                                                "size": 56
                                            }
                                        },
                                        "changelog.Debian.gz": {
                                            "file": "http://d1fhml1jgvxldu.cloudfront.net/92ac590d947309f447e3f09e61d4931e",
                                            "deserializer": "url",
                                            "stat": {
                                                "uid": 0,
                                                "gid": 0,
                                                "ctime": 1424298873.956764,
                                                "perm": 33188,
                                                "mtime": 1412837755.0,
                                                "size": 800
                                            }
                                        },
                                        "copyright": {
                                            "file": "http://d1fhml1jgvxldu.cloudfront.net/41bd7b94c1d38f696720990e7142e548",
                                            "deserializer": "url",
                                            "stat": {
                                                "uid": 0,
                                                "gid": 0,
                                                "ctime": 1424298873.9527638,
                                                "perm": 33188,
                                                "mtime": 1405070293.0,
                                                "size": 36363
                                            }
                                        }
                                    },