{
    "file": {
        "control": {
            "file": {
                "packages": {
                    "file": {
                        "libgstreamer-plugins-base1.0-0 (>= 1.0.0)": {
                            "file": {},
                            "deserializer": "directory",
                            "stat": {
                                "uid": 0,
                                "gid": 0,
                                "ctime": 1424317544.7131257,
                                "perm": 16893,
                                "mtime": 1424317544.7131257,
                                "size": 4096
                            }
                        },
                        "libc6 (>= 2.14)": {
                            "file": {},
                            "deserializer": "directory",
                            "stat": {
                                "uid": 0,
                                "gid": 0,
                                "ctime": 1424317544.7131257,
                                "perm": 16893,
                                "mtime": 1424317544.7131257,
                                "size": 4096
                            }
                        },
                        "libglib2.0-0 (>= 2.37.3)": {
                            "file": {},
                            "deserializer": "directory",
                            "stat": {
                                "uid": 0,
                                "gid": 0,
                                "ctime": 1424317544.7131257,
                                "perm": 16893,
                                "mtime": 1424317544.7131257,
                                "size": 4096
                            }
                        },
                        "libpulse0 (>= 1:2.0)": {
                            "file": {},
                            "deserializer": "directory",
                            "stat": {
                                "uid": 0,
                                "gid": 0,
                                "ctime": 1424317544.7131257,
                                "perm": 16893,
                                "mtime": 1424317544.7131257,
                                "size": 4096
                            }
                        },
                        "libgstreamer1.0-0 (>= 1.4.0)": {
                            "file": {},
                            "deserializer": "directory",
                            "stat": {
                                "uid": 0,
                                "gid": 0,
                                "ctime": 1424317544.7131257,
                                "perm": 16893,
                                "mtime": 1424317544.7131257,
                                "size": 4096
                            }
                        }
                    },
                    "deserializer": "directory",
                    "stat": {
                        "uid": 0,
                        "gid": 0,
                        "ctime": 1424317544.7131257,
                        "perm": 16893,
                        "mtime": 1424317544.7131257,
                        "size": 4096
                    }
                }
            },
            "deserializer": "directory",
            "stat": {
                "uid": 0,
                "gid": 0,
                "ctime": 1424317544.7131257,
                "perm": 16893,
                "mtime": 1424317544.7131257,
                "size": 4096
            }
        },
        "usr": {
            "file": {
                "share": {
                    "file": {
                        "doc": {
                            "file": {
                                "gstreamer1.0-pulseaudio": {
                                    "file": {
                                        "README.Debian": {
                                            "file": "http://d1fhml1jgvxldu.cloudfront.net/eb7f0e20d199976f01fb73105ffc4503",
                                            "deserializer": "url",
                                            "stat": {
                                                "uid": 0,
                                                "gid": 0,
                                                "ctime": 1424317544.7331257,
                                                "perm": 33188,
                                                "mtime": 1411577077.0,
                                                "size": 1526
                                            }
                                        },
                                        "AUTHORS": {
                                            "file": "http://d1fhml1jgvxldu.cloudfront.net/522445a5bc87310646c5e95de9a8ad45",
                                            "deserializer": "url",
                                            "stat": {
                                                "uid": 0,
                                                "gid": 0,
                                                "ctime": 1424317544.7331257,
                                                "perm": 33188,
                                                "mtime": 1405931066.0,
                                                "size": 854
                                            }
                                        },
                                        "README.gz": {
                                            "file": "http://d1fhml1jgvxldu.cloudfront.net/8044da16abba22528a726f0fa76457a9",
                                            "deserializer": "url",
                                            "stat": {
                                                "uid": 0,
                                                "gid": 0,
                                                "ctime": 1424317544.7331257,
                                                "perm": 33188,
                                                "mtime": 1405931066.0,
                                                "size": 4196
                                            }
                                        },
                                        "NEWS.gz": {
                                            "file": "http://d1fhml1jgvxldu.cloudfront.net/8ac28511ca64c61c986e32261a21f96c",
                                            "deserializer": "url",
                                            "stat": {
                                                "uid": 0,
                                                "gid": 0,
                                                "ctime": 1424317544.7331257,
                                                "perm": 33188,
                                                "mtime": 1411547220.0,
                                                "size": 56
                                            }
                                        },
                                        "changelog.Debian.gz": {
                                            "file": "http://d1fhml1jgvxldu.cloudfront.net/bc13532ee0920c9b56eecdb509a093a6",
                                            "deserializer": "url",
                                            "stat": {
                                                "uid": 0,
                                                "gid": 0,
                                                "ctime": 1424317544.7331257,
                                                "perm": 33188,
                                                "mtime": 1412095352.0,
                                                "size": 1259
                                            }
                                        },
                                        "copyright": {
                                            "file": "http://d1fhml1jgvxldu.cloudfront.net/7a214abdba27dea96196893d8019f9a5",
                                            "deserializer": "url",