{
    "file": {
        "control": {
            "file": {
                "packages": {
                    "file": {
                        "libgstreamer-plugins-base1.0-0 (>= 1.2.0)": {
                            "file": {},
                            "deserializer": "directory",
                            "stat": {
                                "uid": 0,
                                "gid": 0,
                                "ctime": 1424306957.7087913,
                                "perm": 16893,
                                "mtime": 1424306957.7087913,
                                "size": 4096
                            }
                        },
                        "libc6 (>= 2.14)": {
                            "file": {},
                            "deserializer": "directory",
                            "stat": {
                                "uid": 0,
                                "gid": 0,
                                "ctime": 1424306957.7087913,
                                "perm": 16893,
                                "mtime": 1424306957.7087913,
                                "size": 4096
                            }
                        },
                        "libglib2.0-0 (>= 2.37.3)": {
                            "file": {},
                            "deserializer": "directory",
                            "stat": {
                                "uid": 0,
                                "gid": 0,
                                "ctime": 1424306957.7087913,
                                "perm": 16893,
                                "mtime": 1424306957.7087913,
                                "size": 4096
                            }
                        },
                        "libclutter-1.0-0 (>= 1.13.0)": {
                            "file": {},
                            "deserializer": "directory",
                            "stat": {
                                "uid": 0,
                                "gid": 0,
                                "ctime": 1424306957.7087913,
                                "perm": 16893,
                                "mtime": 1424306957.7087913,
                                "size": 4096
                            }
                        },
                        "libx11-6": {
                            "file": {},
                            "deserializer": "directory",
                            "stat": {
                                "uid": 0,
                                "gid": 0,
                                "ctime": 1424306957.7127912,
                                "perm": 16893,
                                "mtime": 1424306957.7127912,
                                "size": 4096
                            }
                        },
                        "libgstreamer1.0-0 (>= 1.0.0)": {
                            "file": {},
                            "deserializer": "directory",
                            "stat": {
                                "uid": 0,
                                "gid": 0,
                                "ctime": 1424306957.7087913,
                                "perm": 16893,
                                "mtime": 1424306957.7087913,
                                "size": 4096
                            }
                        },
                        "libcogl20 (>= 1.17.4)": {
                            "file": {},
                            "deserializer": "directory",
                            "stat": {
                                "uid": 0,
                                "gid": 0,
                                "ctime": 1424306957.7087913,
                                "perm": 16893,
                                "mtime": 1424306957.7087913,
                                "size": 4096
                            }
                        }
                    },
                    "deserializer": "directory",
                    "stat": {
                        "uid": 0,
                        "gid": 0,
                        "ctime": 1424306957.7127912,
                        "perm": 16893,
                        "mtime": 1424306957.7127912,
                        "size": 4096
                    }
                }
            },
            "deserializer": "directory",
            "stat": {
                "uid": 0,
                "gid": 0,
                "ctime": 1424306957.7087913,
                "perm": 16893,
                "mtime": 1424306957.7087913,
                "size": 4096
            }
        },
        "usr": {
            "file": {
                "share": {
                    "file": {
                        "doc": {
                            "file": {
                                "gstreamer1.0-clutter": {
                                    "file": {
                                        "README": {
                                            "file": "http://d1fhml1jgvxldu.cloudfront.net/c6fa71eb93b204555df0f538a8eba7d1",
                                            "deserializer": "url",
                                            "stat": {
                                                "uid": 0,
                                                "gid": 0,
                                                "ctime": 1424306957.7247913,
                                                "perm": 33188,
                                                "mtime": 1387801053.0,
                                                "size": 1153
                                            }
                                        },
                                        "copyright": {
                                            "file": "http://d1fhml1jgvxldu.cloudfront.net/b696132c857f1e7a6ac156bde9f98c87",
                                            "deserializer": "url",
                                            "stat": {
                                                "uid": 0,
                                                "gid": 0,
                                                "ctime": 1424306957.7287912,
                                                "perm": 33188,
                                                "mtime": 1346394512.0,
                                                "size": 1323
                                            }
                                        },
                                        "NEWS.gz": {
                                            "file": "http://d1fhml1jgvxldu.cloudfront.net/f1892d94a611735b0a01ab1cec4367fc",
                                            "deserializer": "url",
                                            "stat": {
                                                "uid": 0,
                                                "gid": 0,
                                                "ctime": 1424306957.7247913,
                                                "perm": 33188,
                                                "mtime": 1401615418.0,
                                                "size": 3641
                                            }
                                        },
                                        "changelog.Debian.gz": {
                                            "file": "http://d1fhml1jgvxldu.cloudfront.net/69230add0b55ce771950fd48538835ba",
                                            "deserializer": "url",
                                            "stat": {
                                                "uid": 0,
                                                "gid": 0,
                                                "ctime": 1424306957.7287912,
                                                "perm": 33188,
                                                "mtime": 1405185061.0,