{
    "file": {
        "control": {
            "file": {
                "packages": {
                    "file": {
                        "libglib2.0-0 (>= 2.31.8)": {
                            "file": {},
                            "deserializer": "directory",
                            "stat": {
                                "uid": 0,
                                "gid": 0,
                                "ctime": 1424307257.906199,
                                "perm": 16893,
                                "mtime": 1424307257.906199,
                                "size": 4096
                            }
                        },
                        "libgstreamer0.10-0 (>= 0.10.36)": {
                            "file": {},
                            "deserializer": "directory",
                            "stat": {
                                "uid": 0,
                                "gid": 0,
                                "ctime": 1424307257.906199,
                                "perm": 16893,
                                "mtime": 1424307257.906199,
                                "size": 4096
                            }
                        },
                        "libc6 (>= 2.14)": {
                            "file": {},
                            "deserializer": "directory",
                            "stat": {
                                "uid": 0,
                                "gid": 0,
                                "ctime": 1424307257.906199,
                                "perm": 16893,
                                "mtime": 1424307257.906199,
                                "size": 4096
                            }
                        },
                        "libcairo2 (>= 1.2.4)": {
                            "file": {},
                            "deserializer": "directory",
                            "stat": {
                                "uid": 0,
                                "gid": 0,
                                "ctime": 1424307257.906199,
                                "perm": 16893,
                                "mtime": 1424307257.906199,
                                "size": 4096
                            }
                        },
                        "libpangocairo-1.0-0 (>= 1.16.0)": {
                            "file": {},
                            "deserializer": "directory",
                            "stat": {
                                "uid": 0,
                                "gid": 0,
                                "ctime": 1424307257.906199,
                                "perm": 16893,
                                "mtime": 1424307257.906199,
                                "size": 4096
                            }
                        },
                        "libxext6": {
                            "file": {},
                            "deserializer": "directory",
                            "stat": {
                                "uid": 0,
                                "gid": 0,
                                "ctime": 1424307257.910199,
                                "perm": 16893,
                                "mtime": 1424307257.910199,
                                "size": 4096
                            }
                        },
                        "libx11-6": {
                            "file": {},
                            "deserializer": "directory",
                            "stat": {
                                "uid": 0,
                                "gid": 0,
                                "ctime": 1424307257.910199,
                                "perm": 16893,
                                "mtime": 1424307257.910199,
                                "size": 4096
                            }
                        },
                        "libpango-1.0-0 (>= 1.18.0)": {
                            "file": {},
                            "deserializer": "directory",
                            "stat": {
                                "uid": 0,
                                "gid": 0,
                                "ctime": 1424307257.906199,
                                "perm": 16893,
                                "mtime": 1424307257.906199,
                                "size": 4096
                            }
                        },
                        "libgstreamer-plugins-base0.10-0 (>= 0.10.36)": {
                            "file": {},
                            "deserializer": "directory",
                            "stat": {
                                "uid": 0,
                                "gid": 0,
                                "ctime": 1424307257.910199,
                                "perm": 16893,
                                "mtime": 1424307257.910199,
                                "size": 4096
                            }
                        },
                        "libxv1": {
                            "file": {},
                            "deserializer": "directory",
                            "stat": {
                                "uid": 0,
                                "gid": 0,
                                "ctime": 1424307257.910199,
                                "perm": 16893,
                                "mtime": 1424307257.910199,
                                "size": 4096
                            }
                        }
                    },
                    "deserializer": "directory",
                    "stat": {
                        "uid": 0,
                        "gid": 0,
                        "ctime": 1424307257.910199,
                        "perm": 16893,
                        "mtime": 1424307257.910199,
                        "size": 4096
                    }
                }
            },
            "deserializer": "directory",
            "stat": {
                "uid": 0,
                "gid": 0,
                "ctime": 1424307257.906199,
                "perm": 16893,
                "mtime": 1424307257.906199,
                "size": 4096
            }
        },
        "usr": {
            "file": {
                "share": {
                    "file": {
                        "doc": {
                            "file": {
                                "gstreamer0.10-x": {
                                    "file": {
                                        "README.Debian": {
                                            "file": "../libgstreamer-plugins-base0.10-0/README.Debian",
                                            "deserializer": "symlink",
                                            "stat": {
                                                "uid": 0,
                                                "gid": 0,
                                                "ctime": 1424307257.934199,
                                                "perm": 41471,
                                                "mtime": 1424307257.934199,
                                                "size": 48
                                            }
                                        },
                                        "AUTHORS": {
                                            "file": "../libgstreamer-plugins-base0.10-0/AUTHORS",
                                            "deserializer": "symlink",
                                            "stat": {
                                                "uid": 0,
                                                "gid": 0,
                                                "ctime": 1424307257.934199,
                                                "perm": 41471,
                                                "mtime": 1424307257.934199,
                                                "size": 42
                                            }
                                        },