{
    "file": {
        "control": {
            "file": {
                "packages": {
                    "file": {
                        "libgstreamer0.10-0 (>= 0.10.35.2-2~)": {
                            "file": {},
                            "deserializer": "directory",
                            "stat": {
                                "uid": 0,
                                "gid": 0,
                                "ctime": 1424306883.4644446,
                                "perm": 16893,
                                "mtime": 1424306883.4644446,
                                "size": 4096
                            }
                        },
                        "libc6 (>= 2.14)": {
                            "file": {},
                            "deserializer": "directory",
                            "stat": {
                                "uid": 0,
                                "gid": 0,
                                "ctime": 1424306883.4644446,
                                "perm": 16893,
                                "mtime": 1424306883.4644446,
                                "size": 4096
                            }
                        },
                        "libglib2.0-0 (>= 2.37.3)": {
                            "file": {},
                            "deserializer": "directory",
                            "stat": {
                                "uid": 0,
                                "gid": 0,
                                "ctime": 1424306883.4644446,
                                "perm": 16893,
                                "mtime": 1424306883.4644446,
                                "size": 4096
                            }
                        }
                    },
                    "deserializer": "directory",
                    "stat": {
                        "uid": 0,
                        "gid": 0,
                        "ctime": 1424306883.4644446,
                        "perm": 16893,
                        "mtime": 1424306883.4644446,
                        "size": 4096
                    }
                }
            },
            "deserializer": "directory",
            "stat": {
                "uid": 0,
                "gid": 0,
                "ctime": 1424306883.4644446,
                "perm": 16893,
                "mtime": 1424306883.4644446,
                "size": 4096
            }
        },
        "usr": {
            "file": {
                "share": {
                    "file": {
                        "doc": {
                            "file": {
                                "gstreamer0.10-fluendo-mp3": {
                                    "file": {
                                        "changelog.Debian.gz": {
                                            "file": "http://d1fhml1jgvxldu.cloudfront.net/0297d0ad123174146a8bb0fd446a6a38",
                                            "deserializer": "url",
                                            "stat": {
                                                "uid": 0,
                                                "gid": 0,
                                                "ctime": 1424306883.4924448,
                                                "perm": 33188,
                                                "mtime": 1408382224.0,
                                                "size": 1870
                                            }
                                        },
                                        "copyright": {
                                            "file": "http://d1fhml1jgvxldu.cloudfront.net/6a6c020d211cc3697a67ef43bbba5842",
                                            "deserializer": "url",
                                            "stat": {
                                                "uid": 0,
                                                "gid": 0,
                                                "ctime": 1424306883.4924448,
                                                "perm": 33188,
                                                "mtime": 1403715017.0,
                                                "size": 6260
                                            }
                                        }
                                    },
                                    "deserializer": "directory",
                                    "stat": {
                                        "uid": 0,
                                        "gid": 0,
                                        "ctime": 1424306883.4924448,
                                        "perm": 16877,
                                        "mtime": 1408382217.0,
                                        "size": 4096
                                    }
                                }
                            },
                            "deserializer": "directory",
                            "stat": {
                                "uid": 0,
                                "gid": 0,
                                "ctime": 1424306883.4924448,
                                "perm": 16877,
                                "mtime": 1408382217.0,
                                "size": 4096
                            }
                        }
                    },
                    "deserializer": "directory",
                    "stat": {
                        "uid": 0,
                        "gid": 0,
                        "ctime": 1424306883.4924448,
                        "perm": 16877,
                        "mtime": 1408382217.0,
                        "size": 4096
                    }
                },
                "lib": {
                    "file": {
                        "x86_64-linux-gnu": {
                            "file": {
                                "gstreamer-0.10": {
                                    "file": {
                                        "libgstflump3dec.so": {
                                            "file": "http://d1fhml1jgvxldu.cloudfront.net/43f59e9f178055334b359d1818c44811",
                                            "deserializer": "url",
                                            "stat": {
                                                "uid": 0,
                                                "gid": 0,
                                                "ctime": 1424306883.4884446,
                                                "perm": 33188,
                                                "mtime": 1408382218.0,
                                                "size": 248944
                                            }
                                        }
                                    },
                                    "deserializer": "directory",
                                    "stat": {
                                        "uid": 0,
                                        "gid": 0,
                                        "ctime": 1424306883.4924448,
                                        "perm": 16877,
                                        "mtime": 1408382218.0,
                                        "size": 4096
                                    }
                                }
                            },
                            "deserializer": "directory",
                            "stat": {
                                "uid": 0,
                                "gid": 0,
                                "ctime": 1424306883.4924448,
                                "perm": 16877,
                                "mtime": 1408382216.0,
                                "size": 4096
                            }
                        }
                    },
                    "deserializer": "directory",
                    "stat": {
                        "uid": 0,
                        "gid": 0,
                        "ctime": 1424306883.4924448,