{
    "file": {
        "control": {
            "file": {
                "packages": {
                    "file": {
                        "libglib2.0-0 (>= 2.31.8)": {
                            "file": {},
                            "deserializer": "directory",
                            "stat": {
                                "uid": 0,
                                "gid": 0,
                                "ctime": 1424317550.433149,
                                "perm": 16893,
                                "mtime": 1424317550.433149,
                                "size": 4096
                            }
                        },
                        "gconf2 (>= 2.28.1-2)": {
                            "file": {},
                            "deserializer": "directory",
                            "stat": {
                                "uid": 0,
                                "gid": 0,
                                "ctime": 1424317550.433149,
                                "perm": 16893,
                                "mtime": 1424317550.433149,
                                "size": 4096
                            }
                        },
                        "libgstreamer0.10-0 (>= 0.10.36)": {
                            "file": {},
                            "deserializer": "directory",
                            "stat": {
                                "uid": 0,
                                "gid": 0,
                                "ctime": 1424317550.433149,
                                "perm": 16893,
                                "mtime": 1424317550.433149,
                                "size": 4096
                            }
                        },
                        "libc6 (>= 2.2.5)": {
                            "file": {},
                            "deserializer": "directory",
                            "stat": {
                                "uid": 0,
                                "gid": 0,
                                "ctime": 1424317550.433149,
                                "perm": 16893,
                                "mtime": 1424317550.433149,
                                "size": 4096
                            }
                        },
                        "gconf-service": {
                            "file": {},
                            "deserializer": "directory",
                            "stat": {
                                "uid": 0,
                                "gid": 0,
                                "ctime": 1424317550.433149,
                                "perm": 16893,
                                "mtime": 1424317550.433149,
                                "size": 4096
                            }
                        },
                        "libgconf-2-4 (>= 2.31.1)": {
                            "file": {},
                            "deserializer": "directory",
                            "stat": {
                                "uid": 0,
                                "gid": 0,
                                "ctime": 1424317550.433149,
                                "perm": 16893,
                                "mtime": 1424317550.433149,
                                "size": 4096
                            }
                        }
                    },
                    "deserializer": "directory",
                    "stat": {
                        "uid": 0,
                        "gid": 0,
                        "ctime": 1424317550.433149,
                        "perm": 16893,
                        "mtime": 1424317550.433149,
                        "size": 4096
                    }
                }
            },
            "deserializer": "directory",
            "stat": {
                "uid": 0,
                "gid": 0,
                "ctime": 1424317550.433149,
                "perm": 16893,
                "mtime": 1424317550.433149,
                "size": 4096
            }
        },
        "usr": {
            "file": {
                "share": {
                    "file": {
                        "doc": {
                            "file": {
                                "gstreamer0.10-gconf": {
                                    "file": {
                                        "README.Debian": {
                                            "file": "http://d1fhml1jgvxldu.cloudfront.net/eb7f0e20d199976f01fb73105ffc4503",
                                            "deserializer": "url",
                                            "stat": {
                                                "uid": 0,
                                                "gid": 0,
                                                "ctime": 1424317550.4651492,
                                                "perm": 33188,
                                                "mtime": 1355127628.0,
                                                "size": 1526
                                            }
                                        },
                                        "AUTHORS": {
                                            "file": "http://d1fhml1jgvxldu.cloudfront.net/522445a5bc87310646c5e95de9a8ad45",
                                            "deserializer": "url",
                                            "stat": {
                                                "uid": 0,
                                                "gid": 0,
                                                "ctime": 1424317550.4651492,
                                                "perm": 33188,
                                                "mtime": 1323629290.0,
                                                "size": 854
                                            }
                                        },
                                        "README.gz": {
                                            "file": "http://d1fhml1jgvxldu.cloudfront.net/9ee7e76d94754d914c20281cd97be606",
                                            "deserializer": "url",
                                            "stat": {
                                                "uid": 0,
                                                "gid": 0,
                                                "ctime": 1424317550.4651492,
                                                "perm": 33188,
                                                "mtime": 1323629290.0,
                                                "size": 4176
                                            }
                                        },
                                        "NEWS.gz": {
                                            "file": "http://d1fhml1jgvxldu.cloudfront.net/ffeae5bfa60c7baca1888c05be003d03",
                                            "deserializer": "url",
                                            "stat": {
                                                "uid": 0,
                                                "gid": 0,
                                                "ctime": 1424317550.4651492,
                                                "perm": 33188,
                                                "mtime": 1329785187.0,
                                                "size": 47797
                                            }
                                        },
                                        "changelog.Debian.gz": {
                                            "file": "http://d1fhml1jgvxldu.cloudfront.net/b95cf871cf22b8a936e2737bd68a26a8",
                                            "deserializer": "url",
                                            "stat": {
                                                "uid": 0,
                                                "gid": 0,
                                                "ctime": 1424317550.4691494,
                                                "perm": 33188,