{
    "file": {
        "control": {
            "file": {
                "packages": {
                    "file": {
                        "libglib2.0-0 (>= 2.31.8)": {
                            "file": {},
                            "deserializer": "directory",
                            "stat": {
                                "uid": 0,
                                "gid": 0,
                                "ctime": 1424329207.0466957,
                                "perm": 16893,
                                "mtime": 1424329207.0466957,
                                "size": 4096
                            }
                        },
                        "libc6 (>= 2.14)": {
                            "file": {},
                            "deserializer": "directory",
                            "stat": {
                                "uid": 0,
                                "gid": 0,
                                "ctime": 1424329207.0466957,
                                "perm": 16893,
                                "mtime": 1424329207.0466957,
                                "size": 4096
                            }
                        },
                        "libnice10 (>= 0.1.0)": {
                            "file": {},
                            "deserializer": "directory",
                            "stat": {
                                "uid": 0,
                                "gid": 0,
                                "ctime": 1424329207.0466957,
                                "perm": 16893,
                                "mtime": 1424329207.0466957,
                                "size": 4096
                            }
                        },
                        "libgstreamer0.10-0 (>= 0.10.35.2-2)": {
                            "file": {},
                            "deserializer": "directory",
                            "stat": {
                                "uid": 0,
                                "gid": 0,
                                "ctime": 1424329207.0466957,
                                "perm": 16893,
                                "mtime": 1424329207.0466957,
                                "size": 4096
                            }
                        }
                    },
                    "deserializer": "directory",
                    "stat": {
                        "uid": 0,
                        "gid": 0,
                        "ctime": 1424329207.0466957,
                        "perm": 16893,
                        "mtime": 1424329207.0466957,
                        "size": 4096
                    }
                }
            },
            "deserializer": "directory",
            "stat": {
                "uid": 0,
                "gid": 0,
                "ctime": 1424329207.0466957,
                "perm": 16893,
                "mtime": 1424329207.0466957,
                "size": 4096
            }
        },
        "usr": {
            "file": {
                "share": {
                    "file": {
                        "doc": {
                            "file": {
                                "gstreamer0.10-nice": {
                                    "file": {
                                        "README": {
                                            "file": "../libnice10/README",
                                            "deserializer": "symlink",
                                            "stat": {
                                                "uid": 0,
                                                "gid": 0,
                                                "ctime": 1424329207.0586958,
                                                "perm": 41471,
                                                "mtime": 1424329207.0586958,
                                                "size": 19
                                            }
                                        },
                                        "AUTHORS": {
                                            "file": "../libnice10/AUTHORS",
                                            "deserializer": "symlink",
                                            "stat": {
                                                "uid": 0,
                                                "gid": 0,
                                                "ctime": 1424329207.0626957,
                                                "perm": 41471,
                                                "mtime": 1424329207.0626957,
                                                "size": 20
                                            }
                                        },
                                        "NEWS.gz": {
                                            "file": "../libnice10/NEWS.gz",
                                            "deserializer": "symlink",
                                            "stat": {
                                                "uid": 0,
                                                "gid": 0,
                                                "ctime": 1424329207.0586958,
                                                "perm": 41471,
                                                "mtime": 1424329207.0586958,
                                                "size": 20
                                            }
                                        },
                                        "TODO": {
                                            "file": "../libnice10/TODO",
                                            "deserializer": "symlink",
                                            "stat": {
                                                "uid": 0,
                                                "gid": 0,
                                                "ctime": 1424329207.0626957,
                                                "perm": 41471,
                                                "mtime": 1424329207.0626957,
                                                "size": 17
                                            }
                                        },
                                        "changelog.Debian.gz": {
                                            "file": "../libnice10/changelog.Debian.gz",
                                            "deserializer": "symlink",
                                            "stat": {
                                                "uid": 0,
                                                "gid": 0,
                                                "ctime": 1424329207.0626957,
                                                "perm": 41471,
                                                "mtime": 1424329207.0626957,
                                                "size": 32
                                            }
                                        },
                                        "copyright": {
                                            "file": "http://d1fhml1jgvxldu.cloudfront.net/299342f23482ede94662f6a831f9239d",
                                            "deserializer": "url",
                                            "stat": {
                                                "uid": 0,
                                                "gid": 0,
                                                "ctime": 1424329207.0586958,
                                                "perm": 33188,
                                                "mtime": 1400065227.0,
                                                "size": 30827
                                            }
                                        }
                                    },
                                    "deserializer": "directory",
                                    "stat": {
                                        "uid": 0,
                                        "gid": 0,