{
    "file": {
        "control": {
            "file": {
                "packages": {
                    "file": {
                        "gstreamer1.0-plugins-base": {
                            "file": {},
                            "deserializer": "directory",
                            "stat": {
                                "uid": 0,
                                "gid": 0,
                                "ctime": 1424327646.1744835,
                                "perm": 16893,
                                "mtime": 1424327646.1744835,
                                "size": 4096
                            }
                        },
                        "libc6 (>= 2.14)": {
                            "file": {},
                            "deserializer": "directory",
                            "stat": {
                                "uid": 0,
                                "gid": 0,
                                "ctime": 1424327646.1704836,
                                "perm": 16893,
                                "mtime": 1424327646.1704836,
                                "size": 4096
                            }
                        },
                        "libglib2.0-0 (>= 2.37.3)": {
                            "file": {},
                            "deserializer": "directory",
                            "stat": {
                                "uid": 0,
                                "gid": 0,
                                "ctime": 1424327646.1704836,
                                "perm": 16893,
                                "mtime": 1424327646.1704836,
                                "size": 4096
                            }
                        },
                        "libfaad2 (>= 2.7)": {
                            "file": {},
                            "deserializer": "directory",
                            "stat": {
                                "uid": 0,
                                "gid": 0,
                                "ctime": 1424327646.1704836,
                                "perm": 16893,
                                "mtime": 1424327646.1704836,
                                "size": 4096
                            }
                        },
                        "libgstreamer-plugins-bad1.0-0 (= 1.4.3-1ubuntu1)": {
                            "file": {},
                            "deserializer": "directory",
                            "stat": {
                                "uid": 0,
                                "gid": 0,
                                "ctime": 1424327646.1744835,
                                "perm": 16893,
                                "mtime": 1424327646.1744835,
                                "size": 4096
                            }
                        },
                        "libgstreamer-plugins-base1.0-0 (>= 1.0.0)": {
                            "file": {},
                            "deserializer": "directory",
                            "stat": {
                                "uid": 0,
                                "gid": 0,
                                "ctime": 1424327646.1704836,
                                "perm": 16893,
                                "mtime": 1424327646.1704836,
                                "size": 4096
                            }
                        },
                        "libgstreamer1.0-0 (>= 1.0.0)": {
                            "file": {},
                            "deserializer": "directory",
                            "stat": {
                                "uid": 0,
                                "gid": 0,
                                "ctime": 1424327646.1704836,
                                "perm": 16893,
                                "mtime": 1424327646.1704836,
                                "size": 4096
                            }
                        }
                    },
                    "deserializer": "directory",
                    "stat": {
                        "uid": 0,
                        "gid": 0,
                        "ctime": 1424327646.1744835,
                        "perm": 16893,
                        "mtime": 1424327646.1744835,
                        "size": 4096
                    }
                }
            },
            "deserializer": "directory",
            "stat": {
                "uid": 0,
                "gid": 0,
                "ctime": 1424327646.1704836,
                "perm": 16893,
                "mtime": 1424327646.1704836,
                "size": 4096
            }
        },
        "usr": {
            "file": {
                "share": {
                    "file": {
                        "doc": {
                            "file": {
                                "gstreamer1.0-plugins-bad-faad": {
                                    "file": {
                                        "README.Debian": {
                                            "file": "../libgstreamer-plugins-bad1.0-0/README.Debian",
                                            "deserializer": "symlink",
                                            "stat": {
                                                "uid": 0,
                                                "gid": 0,
                                                "ctime": 1424327646.1864836,
                                                "perm": 41471,
                                                "mtime": 1424327646.1864836,
                                                "size": 46
                                            }
                                        },
                                        "AUTHORS": {
                                            "file": "../libgstreamer-plugins-bad1.0-0/AUTHORS",
                                            "deserializer": "symlink",
                                            "stat": {
                                                "uid": 0,
                                                "gid": 0,
                                                "ctime": 1424327646.1864836,
                                                "perm": 41471,
                                                "mtime": 1424327646.1864836,
                                                "size": 40
                                            }
                                        },
                                        "README.gz": {
                                            "file": "../libgstreamer-plugins-bad1.0-0/README.gz",
                                            "deserializer": "symlink",
                                            "stat": {
                                                "uid": 0,
                                                "gid": 0,
                                                "ctime": 1424327646.1864836,
                                                "perm": 41471,
                                                "mtime": 1424327646.1864836,
                                                "size": 42
                                            }
                                        },
                                        "NEWS.gz": {
                                            "file": "../libgstreamer-plugins-bad1.0-0/NEWS.gz",
                                            "deserializer": "symlink",
                                            "stat": {
                                                "uid": 0,
                                                "gid": 0,
                                                "ctime": 1424327646.1864836,
                                                "perm": 41471,
                                                "mtime": 1424327646.1864836,
                                                "size": 40
                                            }
                                        },