{
    "file": {
        "control": {
            "file": {
                "packages": {
                    "file": {
                        "libglib2.0-0 (>= 2.24)": {
                            "file": {},
                            "deserializer": "directory",
                            "stat": {
                                "uid": 0,
                                "gid": 0,
                                "ctime": 1424297650.398437,
                                "perm": 16893,
                                "mtime": 1424297650.398437,
                                "size": 4096
                            }
                        },
                        "libgstreamer0.10-0 (>= 0.10.36)": {
                            "file": {},
                            "deserializer": "directory",
                            "stat": {
                                "uid": 0,
                                "gid": 0,
                                "ctime": 1424297650.398437,
                                "perm": 16893,
                                "mtime": 1424297650.398437,
                                "size": 4096
                            }
                        },
                        "perl": {
                            "file": {},
                            "deserializer": "directory",
                            "stat": {
                                "uid": 0,
                                "gid": 0,
                                "ctime": 1424297650.398437,
                                "perm": 16893,
                                "mtime": 1424297650.398437,
                                "size": 4096
                            }
                        },
                        "gstreamer0.10-tools": {
                            "file": {},
                            "deserializer": "directory",
                            "stat": {
                                "uid": 0,
                                "gid": 0,
                                "ctime": 1424297650.398437,
                                "perm": 16893,
                                "mtime": 1424297650.398437,
                                "size": 4096
                            }
                        },
                        "libc6 (>= 2.4)": {
                            "file": {},
                            "deserializer": "directory",
                            "stat": {
                                "uid": 0,
                                "gid": 0,
                                "ctime": 1424297650.398437,
                                "perm": 16893,
                                "mtime": 1424297650.398437,
                                "size": 4096
                            }
                        }
                    },
                    "deserializer": "directory",
                    "stat": {
                        "uid": 0,
                        "gid": 0,
                        "ctime": 1424297650.398437,
                        "perm": 16893,
                        "mtime": 1424297650.398437,
                        "size": 4096
                    }
                }
            },
            "deserializer": "directory",
            "stat": {
                "uid": 0,
                "gid": 0,
                "ctime": 1424297650.398437,
                "perm": 16893,
                "mtime": 1424297650.398437,
                "size": 4096
            }
        },
        "usr": {
            "file": {
                "share": {
                    "file": {
                        "doc": {
                            "file": {
                                "gstreamer0.10-plugins-base-apps": {
                                    "file": {
                                        "README.Debian": {
                                            "file": "http://d1fhml1jgvxldu.cloudfront.net/2904599b37e146ff6b0a4bda46465187",
                                            "deserializer": "url",
                                            "stat": {
                                                "uid": 0,
                                                "gid": 0,
                                                "ctime": 1424297650.410437,
                                                "perm": 33188,
                                                "mtime": 1411051867.0,
                                                "size": 1735
                                            }
                                        },
                                        "AUTHORS": {
                                            "file": "http://d1fhml1jgvxldu.cloudfront.net/cd417fda468cfef6f3b7dcbba66dcb42",
                                            "deserializer": "url",
                                            "stat": {
                                                "uid": 0,
                                                "gid": 0,
                                                "ctime": 1424297650.410437,
                                                "perm": 33188,
                                                "mtime": 1323629224.0,
                                                "size": 977
                                            }
                                        },
                                        "README.gz": {
                                            "file": "http://d1fhml1jgvxldu.cloudfront.net/9ee7e76d94754d914c20281cd97be606",
                                            "deserializer": "url",
                                            "stat": {
                                                "uid": 0,
                                                "gid": 0,
                                                "ctime": 1424297650.410437,
                                                "perm": 33188,
                                                "mtime": 1323629225.0,
                                                "size": 4176
                                            }
                                        },
                                        "NEWS.gz": {
                                            "file": "http://d1fhml1jgvxldu.cloudfront.net/f8cda6f507186bb3448af7abb8bcd8a7",
                                            "deserializer": "url",
                                            "stat": {
                                                "uid": 0,
                                                "gid": 0,
                                                "ctime": 1424297650.410437,
                                                "perm": 33188,
                                                "mtime": 1329781448.0,
                                                "size": 45965
                                            }
                                        },
                                        "changelog.Debian.gz": {
                                            "file": "http://d1fhml1jgvxldu.cloudfront.net/22e0ee6d63233f42746ad1288a352fdb",
                                            "deserializer": "url",
                                            "stat": {
                                                "uid": 0,
                                                "gid": 0,
                                                "ctime": 1424297650.410437,
                                                "perm": 33188,
                                                "mtime": 1411116703.0,
                                                "size": 1317
                                            }
                                        },
                                        "copyright": {
                                            "file": "http://d1fhml1jgvxldu.cloudfront.net/c6cacfe8a12085e4401e017446202d46",
                                            "deserializer": "url",