{
    "file": {
        "control": {
            "file": {
                "packages": {
                    "file": {
                        "libgstreamer1.0-0 (>= 1.4.0)": {
                            "file": {},
                            "deserializer": "directory",
                            "stat": {
                                "uid": 0,
                                "gid": 0,
                                "ctime": 1424318090.095445,
                                "perm": 16893,
                                "mtime": 1424318090.095445,
                                "size": 4096
                            }
                        },
                        "libc6 (>= 2.14)": {
                            "file": {},
                            "deserializer": "directory",
                            "stat": {
                                "uid": 0,
                                "gid": 0,
                                "ctime": 1424318090.091445,
                                "perm": 16893,
                                "mtime": 1424318090.091445,
                                "size": 4096
                            }
                        },
                        "libglib2.0-0 (>= 2.37.3)": {
                            "file": {},
                            "deserializer": "directory",
                            "stat": {
                                "uid": 0,
                                "gid": 0,
                                "ctime": 1424318090.091445,
                                "perm": 16893,
                                "mtime": 1424318090.091445,
                                "size": 4096
                            }
                        },
                        "libavcodec56 (>= 6:11~beta1) | libavcodec-extra-56 (>= 6:11)": {
                            "file": {},
                            "deserializer": "directory",
                            "stat": {
                                "uid": 0,
                                "gid": 0,
                                "ctime": 1424318090.091445,
                                "perm": 16893,
                                "mtime": 1424318090.091445,
                                "size": 4096
                            }
                        },
                        "libavutil54 (>= 6:11~beta1)": {
                            "file": {},
                            "deserializer": "directory",
                            "stat": {
                                "uid": 0,
                                "gid": 0,
                                "ctime": 1424318090.091445,
                                "perm": 16893,
                                "mtime": 1424318090.091445,
                                "size": 4096
                            }
                        },
                        "libavformat56 (>= 6:11~beta1)": {
                            "file": {},
                            "deserializer": "directory",
                            "stat": {
                                "uid": 0,
                                "gid": 0,
                                "ctime": 1424318090.091445,
                                "perm": 16893,
                                "mtime": 1424318090.091445,
                                "size": 4096
                            }
                        },
                        "libgstreamer-plugins-base1.0-0 (>= 1.4.0)": {
                            "file": {},
                            "deserializer": "directory",
                            "stat": {
                                "uid": 0,
                                "gid": 0,
                                "ctime": 1424318090.095445,
                                "perm": 16893,
                                "mtime": 1424318090.095445,
                                "size": 4096
                            }
                        }
                    },
                    "deserializer": "directory",
                    "stat": {
                        "uid": 0,
                        "gid": 0,
                        "ctime": 1424318090.095445,
                        "perm": 16893,
                        "mtime": 1424318090.095445,
                        "size": 4096
                    }
                }
            },
            "deserializer": "directory",
            "stat": {
                "uid": 0,
                "gid": 0,
                "ctime": 1424318090.091445,
                "perm": 16893,
                "mtime": 1424318090.091445,
                "size": 4096
            }
        },
        "usr": {
            "file": {
                "share": {
                    "file": {
                        "doc": {
                            "file": {
                                "gstreamer1.0-libav": {
                                    "file": {
                                        "README": {
                                            "file": "http://d1fhml1jgvxldu.cloudfront.net/7c89b73fca31e9314eb033beb117360c",
                                            "deserializer": "url",
                                            "stat": {
                                                "uid": 0,
                                                "gid": 0,
                                                "ctime": 1424318090.1274452,
                                                "perm": 33188,
                                                "mtime": 1405931189.0,
                                                "size": 669
                                            }
                                        },
                                        "README.Debian": {
                                            "file": "http://d1fhml1jgvxldu.cloudfront.net/d94b21e36dc4d77c9acf2069a5aa8615",
                                            "deserializer": "url",
                                            "stat": {
                                                "uid": 0,
                                                "gid": 0,
                                                "ctime": 1424318090.1274452,
                                                "perm": 33188,
                                                "mtime": 1400053389.0,
                                                "size": 286
                                            }
                                        },
                                        "AUTHORS": {
                                            "file": "http://d1fhml1jgvxldu.cloudfront.net/320dca9bf6876cfee6906055bba7488c",
                                            "deserializer": "url",
                                            "stat": {
                                                "uid": 0,
                                                "gid": 0,
                                                "ctime": 1424318090.1274452,
                                                "perm": 33188,
                                                "mtime": 1405931189.0,
                                                "size": 14
                                            }
                                        },
                                        "NEWS.gz": {
                                            "file": "http://d1fhml1jgvxldu.cloudfront.net/a8f84036c7424cc7c8c92f09aafcf6ef",
                                            "deserializer": "url",
                                            "stat": {
                                                "uid": 0,
                                                "gid": 0,
                                                "ctime": 1424318090.1274452,
                                                "perm": 33188,
                                                "mtime": 1411548900.0,