{
    "file": {
        "control": {
            "file": {
                "packages": {
                    "file": {
                        "libgstreamer0.10-0 (>= 0.10.36)": {
                            "file": {},
                            "deserializer": "directory",
                            "stat": {
                                "uid": 0,
                                "gid": 0,
                                "ctime": 1424318600.6536148,
                                "perm": 16893,
                                "mtime": 1424318600.6536148,
                                "size": 4096
                            }
                        },
                        "libc6 (>= 2.14)": {
                            "file": {},
                            "deserializer": "directory",
                            "stat": {
                                "uid": 0,
                                "gid": 0,
                                "ctime": 1424318600.6496148,
                                "perm": 16893,
                                "mtime": 1424318600.6496148,
                                "size": 4096
                            }
                        },
                        "pkg-config": {
                            "file": {},
                            "deserializer": "directory",
                            "stat": {
                                "uid": 0,
                                "gid": 0,
                                "ctime": 1424318600.6536148,
                                "perm": 16893,
                                "mtime": 1424318600.6536148,
                                "size": 4096
                            }
                        },
                        "libglib2.0-0 (>= 2.24.0)": {
                            "file": {},
                            "deserializer": "directory",
                            "stat": {
                                "uid": 0,
                                "gid": 0,
                                "ctime": 1424318600.6496148,
                                "perm": 16893,
                                "mtime": 1424318600.6496148,
                                "size": 4096
                            }
                        }
                    },
                    "deserializer": "directory",
                    "stat": {
                        "uid": 0,
                        "gid": 0,
                        "ctime": 1424318600.6536148,
                        "perm": 16893,
                        "mtime": 1424318600.6536148,
                        "size": 4096
                    }
                }
            },
            "deserializer": "directory",
            "stat": {
                "uid": 0,
                "gid": 0,
                "ctime": 1424318600.6496148,
                "perm": 16893,
                "mtime": 1424318600.6496148,
                "size": 4096
            }
        },
        "usr": {
            "file": {
                "share": {
                    "file": {
                        "doc": {
                            "file": {
                                "gstreamer0.10-tools": {
                                    "file": {
                                        "README.Debian": {
                                            "file": "../libgstreamer0.10-0/README.Debian",
                                            "deserializer": "symlink",
                                            "stat": {
                                                "uid": 0,
                                                "gid": 0,
                                                "ctime": 1424318600.6816149,
                                                "perm": 41471,
                                                "mtime": 1424318600.6816149,
                                                "size": 35
                                            }
                                        },
                                        "AUTHORS": {
                                            "file": "../libgstreamer0.10-0/AUTHORS",
                                            "deserializer": "symlink",
                                            "stat": {
                                                "uid": 0,
                                                "gid": 0,
                                                "ctime": 1424318600.6816149,
                                                "perm": 41471,
                                                "mtime": 1424318600.6816149,
                                                "size": 29
                                            }
                                        },
                                        "README.gz": {
                                            "file": "../libgstreamer0.10-0/README.gz",
                                            "deserializer": "symlink",
                                            "stat": {
                                                "uid": 0,
                                                "gid": 0,
                                                "ctime": 1424318600.677615,
                                                "perm": 41471,
                                                "mtime": 1424318600.677615,
                                                "size": 31
                                            }
                                        },
                                        "NEWS.gz": {
                                            "file": "../libgstreamer0.10-0/NEWS.gz",
                                            "deserializer": "symlink",
                                            "stat": {
                                                "uid": 0,
                                                "gid": 0,
                                                "ctime": 1424318600.677615,
                                                "perm": 41471,
                                                "mtime": 1424318600.677615,
                                                "size": 29
                                            }
                                        },
                                        "changelog.Debian.gz": {
                                            "file": "../libgstreamer0.10-0/changelog.Debian.gz",
                                            "deserializer": "symlink",
                                            "stat": {
                                                "uid": 0,
                                                "gid": 0,
                                                "ctime": 1424318600.6816149,
                                                "perm": 41471,
                                                "mtime": 1424318600.6816149,
                                                "size": 41
                                            }
                                        },
                                        "copyright": {
                                            "file": "http://d1fhml1jgvxldu.cloudfront.net/58afe71a3df11ad72a42613606ecd6a7",
                                            "deserializer": "url",
                                            "stat": {
                                                "uid": 0,
                                                "gid": 0,
                                                "ctime": 1424318600.673615,
                                                "perm": 33188,
                                                "mtime": 1366688667.0,
                                                "size": 1236
                                            }
                                        }
                                    },
                                    "deserializer": "directory",
                                    "stat": {
                                        "uid": 0,