{
    "file": {
        "control": {
            "file": {
                "packages": {
                    "file": {
                        "libgstreamer1.0-0 (>= 1.3.90)": {
                            "file": {},
                            "deserializer": "directory",
                            "stat": {
                                "uid": 0,
                                "gid": 0,
                                "ctime": 1424320590.0069058,
                                "perm": 16893,
                                "mtime": 1424320590.0069058,
                                "size": 4096
                            }
                        },
                        "libc6 (>= 2.14)": {
                            "file": {},
                            "deserializer": "directory",
                            "stat": {
                                "uid": 0,
                                "gid": 0,
                                "ctime": 1424320590.0069058,
                                "perm": 16893,
                                "mtime": 1424320590.0069058,
                                "size": 4096
                            }
                        },
                        "pkg-config": {
                            "file": {},
                            "deserializer": "directory",
                            "stat": {
                                "uid": 0,
                                "gid": 0,
                                "ctime": 1424320590.0069058,
                                "perm": 16893,
                                "mtime": 1424320590.0069058,
                                "size": 4096
                            }
                        },
                        "libglib2.0-0 (>= 2.32)": {
                            "file": {},
                            "deserializer": "directory",
                            "stat": {
                                "uid": 0,
                                "gid": 0,
                                "ctime": 1424320590.0069058,
                                "perm": 16893,
                                "mtime": 1424320590.0069058,
                                "size": 4096
                            }
                        }
                    },
                    "deserializer": "directory",
                    "stat": {
                        "uid": 0,
                        "gid": 0,
                        "ctime": 1424320590.0069058,
                        "perm": 16893,
                        "mtime": 1424320590.0069058,
                        "size": 4096
                    }
                }
            },
            "deserializer": "directory",
            "stat": {
                "uid": 0,
                "gid": 0,
                "ctime": 1424320590.0069058,
                "perm": 16893,
                "mtime": 1424320590.0069058,
                "size": 4096
            }
        },
        "usr": {
            "file": {
                "share": {
                    "file": {
                        "doc": {
                            "file": {
                                "gstreamer1.0-tools": {
                                    "file": {
                                        "README.Debian": {
                                            "file": "../libgstreamer1.0-0/README.Debian",
                                            "deserializer": "symlink",
                                            "stat": {
                                                "uid": 0,
                                                "gid": 0,
                                                "ctime": 1424320590.050906,
                                                "perm": 41471,
                                                "mtime": 1424320590.050906,
                                                "size": 34
                                            }
                                        },
                                        "AUTHORS": {
                                            "file": "../libgstreamer1.0-0/AUTHORS",
                                            "deserializer": "symlink",
                                            "stat": {
                                                "uid": 0,
                                                "gid": 0,
                                                "ctime": 1424320590.046906,
                                                "perm": 41471,
                                                "mtime": 1424320590.046906,
                                                "size": 28
                                            }
                                        },
                                        "README.gz": {
                                            "file": "../libgstreamer1.0-0/README.gz",
                                            "deserializer": "symlink",
                                            "stat": {
                                                "uid": 0,
                                                "gid": 0,
                                                "ctime": 1424320590.046906,
                                                "perm": 41471,
                                                "mtime": 1424320590.046906,
                                                "size": 30
                                            }
                                        },
                                        "NEWS.gz": {
                                            "file": "../libgstreamer1.0-0/NEWS.gz",
                                            "deserializer": "symlink",
                                            "stat": {
                                                "uid": 0,
                                                "gid": 0,
                                                "ctime": 1424320590.046906,
                                                "perm": 41471,
                                                "mtime": 1424320590.046906,
                                                "size": 28
                                            }
                                        },
                                        "changelog.Debian.gz": {
                                            "file": "../libgstreamer1.0-0/changelog.Debian.gz",
                                            "deserializer": "symlink",
                                            "stat": {
                                                "uid": 0,
                                                "gid": 0,
                                                "ctime": 1424320590.050906,
                                                "perm": 41471,
                                                "mtime": 1424320590.050906,
                                                "size": 40
                                            }
                                        },
                                        "copyright": {
                                            "file": "http://d1fhml1jgvxldu.cloudfront.net/755edde22ad9130c5ea5caa718046f66",
                                            "deserializer": "url",
                                            "stat": {
                                                "uid": 0,
                                                "gid": 0,
                                                "ctime": 1424320590.046906,
                                                "perm": 33188,
                                                "mtime": 1403946746.0,
                                                "size": 22327
                                            }
                                        }
                                    },
                                    "deserializer": "directory",
                                    "stat": {
                                        "uid": 0,