{
    "file": {
        "control": {
            "file": {
                "packages": {
                    "file": {
                        "libgstreamer-plugins-base1.0-0 (>= 1.0.0)": {
                            "file": {},
                            "deserializer": "directory",
                            "stat": {
                                "uid": 0,
                                "gid": 0,
                                "ctime": 1424327735.4031692,
                                "perm": 16893,
                                "mtime": 1424327735.4031692,
                                "size": 4096
                            }
                        },
                        "libc6 (>= 2.14)": {
                            "file": {},
                            "deserializer": "directory",
                            "stat": {
                                "uid": 0,
                                "gid": 0,
                                "ctime": 1424327735.4031692,
                                "perm": 16893,
                                "mtime": 1424327735.4031692,
                                "size": 4096
                            }
                        },
                        "libglib2.0-0 (>= 2.37.3)": {
                            "file": {},
                            "deserializer": "directory",
                            "stat": {
                                "uid": 0,
                                "gid": 0,
                                "ctime": 1424327735.4031692,
                                "perm": 16893,
                                "mtime": 1424327735.4031692,
                                "size": 4096
                            }
                        },
                        "libgstreamer1.0-0 (>= 1.0.0)": {
                            "file": {},
                            "deserializer": "directory",
                            "stat": {
                                "uid": 0,
                                "gid": 0,
                                "ctime": 1424327735.4031692,
                                "perm": 16893,
                                "mtime": 1424327735.4031692,
                                "size": 4096
                            }
                        }
                    },
                    "deserializer": "directory",
                    "stat": {
                        "uid": 0,
                        "gid": 0,
                        "ctime": 1424327735.4031692,
                        "perm": 16893,
                        "mtime": 1424327735.4031692,
                        "size": 4096
                    }
                }
            },
            "deserializer": "directory",
            "stat": {
                "uid": 0,
                "gid": 0,
                "ctime": 1424327735.4031692,
                "perm": 16893,
                "mtime": 1424327735.4031692,
                "size": 4096
            }
        },
        "usr": {
            "file": {
                "share": {
                    "file": {
                        "doc": {
                            "file": {
                                "gstreamer1.0-fluendo-mp3": {
                                    "file": {
                                        "changelog.Debian.gz": {
                                            "file": "http://d1fhml1jgvxldu.cloudfront.net/5d401202bcb2004f212fd7da934cc81f",
                                            "deserializer": "url",
                                            "stat": {
                                                "uid": 0,
                                                "gid": 0,
                                                "ctime": 1424327735.4351692,
                                                "perm": 33188,
                                                "mtime": 1408382226.0,
                                                "size": 1870
                                            }
                                        },
                                        "copyright": {
                                            "file": "http://d1fhml1jgvxldu.cloudfront.net/6a6c020d211cc3697a67ef43bbba5842",
                                            "deserializer": "url",
                                            "stat": {
                                                "uid": 0,
                                                "gid": 0,
                                                "ctime": 1424327735.4351692,
                                                "perm": 33188,
                                                "mtime": 1403715017.0,
                                                "size": 6260
                                            }
                                        }
                                    },
                                    "deserializer": "directory",
                                    "stat": {
                                        "uid": 0,
                                        "gid": 0,
                                        "ctime": 1424327735.4351692,
                                        "perm": 16877,
                                        "mtime": 1408382217.0,
                                        "size": 4096
                                    }
                                }
                            },
                            "deserializer": "directory",
                            "stat": {
                                "uid": 0,
                                "gid": 0,
                                "ctime": 1424327735.4351692,
                                "perm": 16877,
                                "mtime": 1408382217.0,
                                "size": 4096
                            }
                        }
                    },
                    "deserializer": "directory",
                    "stat": {
                        "uid": 0,
                        "gid": 0,
                        "ctime": 1424327735.4351692,
                        "perm": 16877,
                        "mtime": 1408382217.0,
                        "size": 4096
                    }
                },
                "lib": {
                    "file": {
                        "x86_64-linux-gnu": {
                            "file": {
                                "gstreamer-1.0": {
                                    "file": {
                                        "libgstflump3dec.so": {
                                            "file": "http://d1fhml1jgvxldu.cloudfront.net/4a2c524defc049a893ebb37ecb44dbe5",
                                            "deserializer": "url",
                                            "stat": {
                                                "uid": 0,
                                                "gid": 0,
                                                "ctime": 1424327735.4351692,
                                                "perm": 33188,
                                                "mtime": 1408382218.0,
                                                "size": 232192
                                            }
                                        }
                                    },
                                    "deserializer": "directory",
                                    "stat": {
                                        "uid": 0,
                                        "gid": 0,
                                        "ctime": 1424327735.4351692,
                                        "perm": 16877,
                                        "mtime": 1408382218.0,
                                        "size": 4096
                                    }
                                }
                            },
                            "deserializer": "directory",