{
    "file": {
        "control": {
            "file": {
                "packages": {
                    "file": {
                        "libc6 (>= 2.4)": {
                            "file": {},
                            "deserializer": "directory",
                            "stat": {
                                "uid": 0,
                                "gid": 0,
                                "ctime": 1424327276.651615,
                                "perm": 16893,
                                "mtime": 1424327276.651615,
                                "size": 4096
                            }
                        },
                        "libpixman-1-0 (>= 0.15.14)": {
                            "file": {},
                            "deserializer": "directory",
                            "stat": {
                                "uid": 0,
                                "gid": 0,
                                "ctime": 1424327276.6556149,
                                "perm": 16893,
                                "mtime": 1424327276.6556149,
                                "size": 4096
                            }
                        },
                        "libcairo2 (>= 1.2.4)": {
                            "file": {},
                            "deserializer": "directory",
                            "stat": {
                                "uid": 0,
                                "gid": 0,
                                "ctime": 1424327276.6556149,
                                "perm": 16893,
                                "mtime": 1424327276.6556149,
                                "size": 4096
                            }
                        },
                        "libgdk-pixbuf2.0-0 (>= 2.22.0)": {
                            "file": {},
                            "deserializer": "directory",
                            "stat": {
                                "uid": 0,
                                "gid": 0,
                                "ctime": 1424327276.6556149,
                                "perm": 16893,
                                "mtime": 1424327276.6556149,
                                "size": 4096
                            }
                        },
                        "libgtk2.0-0 (>= 2.24.5-4)": {
                            "file": {},
                            "deserializer": "directory",
                            "stat": {
                                "uid": 0,
                                "gid": 0,
                                "ctime": 1424327276.6556149,
                                "perm": 16893,
                                "mtime": 1424327276.6556149,
                                "size": 4096
                            }
                        },
                        "libpango1.0-0 (>= 1.14.0)": {
                            "file": {},
                            "deserializer": "directory",
                            "stat": {
                                "uid": 0,
                                "gid": 0,
                                "ctime": 1424327276.6556149,
                                "perm": 16893,
                                "mtime": 1424327276.6556149,
                                "size": 4096
                            }
                        },
                        "libglib2.0-0 (>= 2.24.0)": {
                            "file": {},
                            "deserializer": "directory",
                            "stat": {
                                "uid": 0,
                                "gid": 0,
                                "ctime": 1424327276.6556149,
                                "perm": 16893,
                                "mtime": 1424327276.6556149,
                                "size": 4096
                            }
                        }
                    },
                    "deserializer": "directory",
                    "stat": {
                        "uid": 0,
                        "gid": 0,
                        "ctime": 1424327276.6556149,
                        "perm": 16893,
                        "mtime": 1424327276.6556149,
                        "size": 4096
                    }
                }
            },
            "deserializer": "directory",
            "stat": {
                "uid": 0,
                "gid": 0,
                "ctime": 1424327276.651615,
                "perm": 16893,
                "mtime": 1424327276.651615,
                "size": 4096
            }
        },
        "usr": {
            "file": {
                "share": {
                    "file": {
                        "doc": {
                            "file": {
                                "gtk2-engines-murrine": {
                                    "file": {
                                        "changelog.Debian.gz": {
                                            "file": "http://d1fhml1jgvxldu.cloudfront.net/e0f442b80b888cb1ff33fbf6bb93ee29",
                                            "deserializer": "url",
                                            "stat": {
                                                "uid": 0,
                                                "gid": 0,
                                                "ctime": 1424327276.6716151,
                                                "perm": 33188,
                                                "mtime": 1349180753.0,
                                                "size": 1249
                                            }
                                        },
                                        "copyright": {
                                            "file": "http://d1fhml1jgvxldu.cloudfront.net/162ed5372d42100b46e09996c8d2cb2a",
                                            "deserializer": "url",
                                            "stat": {
                                                "uid": 0,
                                                "gid": 0,
                                                "ctime": 1424327276.6716151,
                                                "perm": 33188,
                                                "mtime": 1327523204.0,
                                                "size": 2697
                                            }
                                        }
                                    },
                                    "deserializer": "directory",
                                    "stat": {
                                        "uid": 0,
                                        "gid": 0,
                                        "ctime": 1424327276.6716151,
                                        "perm": 16877,
                                        "mtime": 1349180748.0,
                                        "size": 4096
                                    }
                                }
                            },
                            "deserializer": "directory",
                            "stat": {
                                "uid": 0,
                                "gid": 0,
                                "ctime": 1424327276.6716151,
                                "perm": 16877,
                                "mtime": 1349180747.0,
                                "size": 4096
                            }
                        },
                        "gtk-engines": {
                            "file": {
                                "murrine.xml": {
                                    "file": "http://d1fhml1jgvxldu.cloudfront.net/19cdc1636270af0b9ea45df24742d04c",
                                    "deserializer": "url",
                                    "stat": {
                                        "uid": 0,
                                        "gid": 0,