{
    "file": {
        "control": {
            "file": {
                "packages": {
                    "file": {
                        "libcairo2 (>= 1.10)": {
                            "file": {},
                            "deserializer": "directory",
                            "stat": {
                                "uid": 0,
                                "gid": 0,
                                "ctime": 1424300635.0357568,
                                "perm": 16893,
                                "mtime": 1424300635.0357568,
                                "size": 4096
                            }
                        },
                        "libcairo-gobject2 (>= 1.10.0)": {
                            "file": {},
                            "deserializer": "directory",
                            "stat": {
                                "uid": 0,
                                "gid": 0,
                                "ctime": 1424300635.0357568,
                                "perm": 16893,
                                "mtime": 1424300635.0357568,
                                "size": 4096
                            }
                        },
                        "libglib2.0-0 (>= 2.37.3)": {
                            "file": {},
                            "deserializer": "directory",
                            "stat": {
                                "uid": 0,
                                "gid": 0,
                                "ctime": 1424300635.0357568,
                                "perm": 16893,
                                "mtime": 1424300635.0357568,
                                "size": 4096
                            }
                        },
                        "libc6 (>= 2.2.5)": {
                            "file": {},
                            "deserializer": "directory",
                            "stat": {
                                "uid": 0,
                                "gid": 0,
                                "ctime": 1424300635.0357568,
                                "perm": 16893,
                                "mtime": 1424300635.0357568,
                                "size": 4096
                            }
                        },
                        "libgtk-3-0 (>= 3.5.2)": {
                            "file": {},
                            "deserializer": "directory",
                            "stat": {
                                "uid": 0,
                                "gid": 0,
                                "ctime": 1424300635.0357568,
                                "perm": 16893,
                                "mtime": 1424300635.0357568,
                                "size": 4096
                            }
                        }
                    },
                    "deserializer": "directory",
                    "stat": {
                        "uid": 0,
                        "gid": 0,
                        "ctime": 1424300635.0357568,
                        "perm": 16893,
                        "mtime": 1424300635.0357568,
                        "size": 4096
                    }
                }
            },
            "deserializer": "directory",
            "stat": {
                "uid": 0,
                "gid": 0,
                "ctime": 1424300635.0357568,
                "perm": 16893,
                "mtime": 1424300635.0357568,
                "size": 4096
            }
        },
        "usr": {
            "file": {
                "share": {
                    "file": {
                        "doc": {
                            "file": {
                                "gtk3-engines-unico": {
                                    "file": {
                                        "NEWS.gz": {
                                            "file": "http://d1fhml1jgvxldu.cloudfront.net/4ac147e265e8387ad45541a39041cc07",
                                            "deserializer": "url",
                                            "stat": {
                                                "uid": 0,
                                                "gid": 0,
                                                "ctime": 1424300635.047757,
                                                "perm": 33188,
                                                "mtime": 1389251420.0,
                                                "size": 265
                                            }
                                        },
                                        "changelog.Debian.gz": {
                                            "file": "http://d1fhml1jgvxldu.cloudfront.net/76d66f9cfb732f176bd82184216d2620",
                                            "deserializer": "url",
                                            "stat": {
                                                "uid": 0,
                                                "gid": 0,
                                                "ctime": 1424300635.047757,
                                                "perm": 33188,
                                                "mtime": 1389252690.0,
                                                "size": 1422
                                            }
                                        },
                                        "copyright": {
                                            "file": "http://d1fhml1jgvxldu.cloudfront.net/f6dc63aff2f5c6cb357dbb2711b5f074",
                                            "deserializer": "url",
                                            "stat": {
                                                "uid": 0,
                                                "gid": 0,
                                                "ctime": 1424300635.047757,
                                                "perm": 33188,
                                                "mtime": 1389252669.0,
                                                "size": 812
                                            }
                                        }
                                    },
                                    "deserializer": "directory",
                                    "stat": {
                                        "uid": 0,
                                        "gid": 0,
                                        "ctime": 1424300635.047757,
                                        "perm": 16877,
                                        "mtime": 1389252686.0,
                                        "size": 4096
                                    }
                                }
                            },
                            "deserializer": "directory",
                            "stat": {
                                "uid": 0,
                                "gid": 0,
                                "ctime": 1424300635.047757,
                                "perm": 16877,
                                "mtime": 1389252686.0,
                                "size": 4096
                            }
                        }
                    },
                    "deserializer": "directory",
                    "stat": {
                        "uid": 0,
                        "gid": 0,
                        "ctime": 1424300635.047757,
                        "perm": 16877,
                        "mtime": 1389252686.0,
                        "size": 4096
                    }
                },