{
    "file": {
        "control": {
            "file": {
                "packages": {
                    "file": {
                        "gvfs-daemons (<< 1.20.2-1ubuntu3.1~)": {
                            "file": {},
                            "deserializer": "directory",
                            "stat": {
                                "uid": 0,
                                "gid": 0,
                                "ctime": 1424323405.7273147,
                                "perm": 16893,
                                "mtime": 1424323405.7273147,
                                "size": 4096
                            }
                        },
                        "gvfs-libs (= 1.20.2-1ubuntu3)": {
                            "file": {},
                            "deserializer": "directory",
                            "stat": {
                                "uid": 0,
                                "gid": 0,
                                "ctime": 1424323405.7273147,
                                "perm": 16893,
                                "mtime": 1424323405.7273147,
                                "size": 4096
                            }
                        },
                        "libglib2.0-0 (>= 2.37.3)": {
                            "file": {},
                            "deserializer": "directory",
                            "stat": {
                                "uid": 0,
                                "gid": 0,
                                "ctime": 1424323405.7273147,
                                "perm": 16893,
                                "mtime": 1424323405.7273147,
                                "size": 4096
                            }
                        },
                        "gvfs-common (= 1.20.2-1ubuntu3)": {
                            "file": {},
                            "deserializer": "directory",
                            "stat": {
                                "uid": 0,
                                "gid": 0,
                                "ctime": 1424323405.7273147,
                                "perm": 16893,
                                "mtime": 1424323405.7273147,
                                "size": 4096
                            }
                        },
                        "libudev1 (>= 183)": {
                            "file": {},
                            "deserializer": "directory",
                            "stat": {
                                "uid": 0,
                                "gid": 0,
                                "ctime": 1424323405.7273147,
                                "perm": 16893,
                                "mtime": 1424323405.7273147,
                                "size": 4096
                            }
                        },
                        "gvfs-daemons (>= 1.20.2-1ubuntu3)": {
                            "file": {},
                            "deserializer": "directory",
                            "stat": {
                                "uid": 0,
                                "gid": 0,
                                "ctime": 1424323405.7273147,
                                "perm": 16893,
                                "mtime": 1424323405.7273147,
                                "size": 4096
                            }
                        },
                        "libc6 (>= 2.14)": {
                            "file": {},
                            "deserializer": "directory",
                            "stat": {
                                "uid": 0,
                                "gid": 0,
                                "ctime": 1424323405.7273147,
                                "perm": 16893,
                                "mtime": 1424323405.7273147,
                                "size": 4096
                            }
                        }
                    },
                    "deserializer": "directory",
                    "stat": {
                        "uid": 0,
                        "gid": 0,
                        "ctime": 1424323405.7273147,
                        "perm": 16893,
                        "mtime": 1424323405.7273147,
                        "size": 4096
                    }
                }
            },
            "deserializer": "directory",
            "stat": {
                "uid": 0,
                "gid": 0,
                "ctime": 1424323405.7273147,
                "perm": 16893,
                "mtime": 1424323405.7273147,
                "size": 4096
            }
        },
        "usr": {
            "file": {
                "share": {
                    "file": {
                        "lintian": {
                            "file": {
                                "overrides": {
                                    "file": {
                                        "gvfs": {
                                            "file": "http://d1fhml1jgvxldu.cloudfront.net/111ca42964af403967fff32410312478",
                                            "deserializer": "url",
                                            "stat": {
                                                "uid": 0,
                                                "gid": 0,
                                                "ctime": 1424323405.763315,
                                                "perm": 33188,
                                                "mtime": 1321182225.0,
                                                "size": 82
                                            }
                                        }
                                    },
                                    "deserializer": "directory",
                                    "stat": {
                                        "uid": 0,
                                        "gid": 0,
                                        "ctime": 1424323405.767315,
                                        "perm": 16877,
                                        "mtime": 1420654512.0,
                                        "size": 4096
                                    }
                                }
                            },
                            "deserializer": "directory",
                            "stat": {
                                "uid": 0,
                                "gid": 0,
                                "ctime": 1424323405.767315,
                                "perm": 16877,
                                "mtime": 1420654512.0,
                                "size": 4096
                            }
                        },
                        "doc": {
                            "file": {
                                "gvfs": {
                                    "file": {
                                        "README": {
                                            "file": "../gvfs-daemons/README",
                                            "deserializer": "symlink",
                                            "stat": {
                                                "uid": 0,
                                                "gid": 0,
                                                "ctime": 1424323405.763315,
                                                "perm": 41471,
                                                "mtime": 1424323405.763315,
                                                "size": 22
                                            }
                                        },
                                        "AUTHORS": {
                                            "file": "../gvfs-daemons/AUTHORS",
                                            "deserializer": "symlink",
                                            "stat": {
                                                "uid": 0,
                                                "gid": 0,