{
    "file": {
        "control": {
            "file": {
                "packages": {
                    "file": {
                        "libc6 (>= 2.14)": {
                            "file": {},
                            "deserializer": "directory",
                            "stat": {
                                "uid": 0,
                                "gid": 0,
                                "ctime": 1424303222.4640586,
                                "perm": 16893,
                                "mtime": 1424303222.4640586,
                                "size": 4096
                            }
                        },
                        "libglib2.0-0 (>= 2.37.3)": {
                            "file": {},
                            "deserializer": "directory",
                            "stat": {
                                "uid": 0,
                                "gid": 0,
                                "ctime": 1424303222.4640586,
                                "perm": 16893,
                                "mtime": 1424303222.4640586,
                                "size": 4096
                            }
                        },
                        "libsecret-1-0 (>= 0.7)": {
                            "file": {},
                            "deserializer": "directory",
                            "stat": {
                                "uid": 0,
                                "gid": 0,
                                "ctime": 1424303222.4640586,
                                "perm": 16893,
                                "mtime": 1424303222.4640586,
                                "size": 4096
                            }
                        },
                        "gvfs-common (= 1.20.2-1ubuntu3)": {
                            "file": {},
                            "deserializer": "directory",
                            "stat": {
                                "uid": 0,
                                "gid": 0,
                                "ctime": 1424303222.4640586,
                                "perm": 16893,
                                "mtime": 1424303222.4640586,
                                "size": 4096
                            }
                        }
                    },
                    "deserializer": "directory",
                    "stat": {
                        "uid": 0,
                        "gid": 0,
                        "ctime": 1424303222.4640586,
                        "perm": 16893,
                        "mtime": 1424303222.4640586,
                        "size": 4096
                    }
                }
            },
            "deserializer": "directory",
            "stat": {
                "uid": 0,
                "gid": 0,
                "ctime": 1424303222.4640586,
                "perm": 16893,
                "mtime": 1424303222.4640586,
                "size": 4096
            }
        },
        "usr": {
            "file": {
                "share": {
                    "file": {
                        "doc": {
                            "file": {
                                "gvfs-libs": {
                                    "file": {
                                        "README": {
                                            "file": "http://d1fhml1jgvxldu.cloudfront.net/53285e73360285d5c8557444c918d0f0",
                                            "deserializer": "url",
                                            "stat": {
                                                "uid": 0,
                                                "gid": 0,
                                                "ctime": 1424303222.500059,
                                                "perm": 33188,
                                                "mtime": 1399643952.0,
                                                "size": 986
                                            }
                                        },
                                        "AUTHORS": {
                                            "file": "http://d1fhml1jgvxldu.cloudfront.net/355218e0db119e15d271a773ca9033af",
                                            "deserializer": "url",
                                            "stat": {
                                                "uid": 0,
                                                "gid": 0,
                                                "ctime": 1424303222.500059,
                                                "perm": 33188,
                                                "mtime": 1372152288.0,
                                                "size": 1184
                                            }
                                        },
                                        "NEWS.gz": {
                                            "file": "http://d1fhml1jgvxldu.cloudfront.net/9f0a9290331959aa6fb985dd6857d8bb",
                                            "deserializer": "url",
                                            "stat": {
                                                "uid": 0,
                                                "gid": 0,
                                                "ctime": 1424303222.500059,
                                                "perm": 33188,
                                                "mtime": 1399643826.0,
                                                "size": 13843
                                            }
                                        },
                                        "TODO": {
                                            "file": "http://d1fhml1jgvxldu.cloudfront.net/d17de82c9a85d7dad9bf743c374d3fc3",
                                            "deserializer": "url",
                                            "stat": {
                                                "uid": 0,
                                                "gid": 0,
                                                "ctime": 1424303222.500059,
                                                "perm": 33188,
                                                "mtime": 1372152288.0,
                                                "size": 943
                                            }
                                        },
                                        "changelog.Debian.gz": {
                                            "file": "http://d1fhml1jgvxldu.cloudfront.net/9a1f181ed68c6cdf81dec98422733c4b",
                                            "deserializer": "url",
                                            "stat": {
                                                "uid": 0,
                                                "gid": 0,
                                                "ctime": 1424303222.500059,
                                                "perm": 33188,
                                                "mtime": 1420654555.0,
                                                "size": 1109
                                            }
                                        },
                                        "copyright": {
                                            "file": "http://d1fhml1jgvxldu.cloudfront.net/334978aba9b1a12476f5620e5826b4ad",
                                            "deserializer": "url",
                                            "stat": {
                                                "uid": 0,
                                                "gid": 0,
                                                "ctime": 1424303222.500059,
                                                "perm": 33188,
                                                "mtime": 1332317481.0,
                                                "size": 1210
                                            }
                                        }
                                    },