{
    "file": {
        "control": {
            "file": {
                "packages": {
                    "file": {
                        "make": {
                            "file": {},
                            "deserializer": "directory",
                            "stat": {
                                "uid": 0,
                                "gid": 0,
                                "ctime": 1424331488.8482218,
                                "perm": 16893,
                                "mtime": 1424331488.8482218,
                                "size": 4096
                            }
                        },
                        "binutils": {
                            "file": {},
                            "deserializer": "directory",
                            "stat": {
                                "uid": 0,
                                "gid": 0,
                                "ctime": 1424331488.8482218,
                                "perm": 16893,
                                "mtime": 1424331488.8482218,
                                "size": 4096
                            }
                        },
                        "perl": {
                            "file": {},
                            "deserializer": "directory",
                            "stat": {
                                "uid": 0,
                                "gid": 0,
                                "ctime": 1424331488.8482218,
                                "perm": 16893,
                                "mtime": 1424331488.8482218,
                                "size": 4096
                            }
                        }
                    },
                    "deserializer": "directory",
                    "stat": {
                        "uid": 0,
                        "gid": 0,
                        "ctime": 1424331488.8482218,
                        "perm": 16893,
                        "mtime": 1424331488.8482218,
                        "size": 4096
                    }
                }
            },
            "deserializer": "directory",
            "stat": {
                "uid": 0,
                "gid": 0,
                "ctime": 1424331488.8482218,
                "perm": 16893,
                "mtime": 1424331488.8482218,
                "size": 4096
            }
        },
        "usr": {
            "file": {
                "share": {
                    "file": {
                        "hardening-includes": {
                            "file": {
                                "hardening.make": {
                                    "file": "http://d1fhml1jgvxldu.cloudfront.net/1f3ae6507d637e8727a8a2fc461953ec",
                                    "deserializer": "url",
                                    "stat": {
                                        "uid": 0,
                                        "gid": 0,
                                        "ctime": 1424331488.8562217,
                                        "perm": 33261,
                                        "mtime": 1413293496.0,
                                        "size": 6074
                                    }
                                }
                            },
                            "deserializer": "directory",
                            "stat": {
                                "uid": 0,
                                "gid": 0,
                                "ctime": 1424331488.8602216,
                                "perm": 16877,
                                "mtime": 1413293501.0,
                                "size": 4096
                            }
                        },
                        "man": {
                            "file": {
                                "man1": {
                                    "file": {
                                        "hardening-check.1.gz": {
                                            "file": "http://d1fhml1jgvxldu.cloudfront.net/ec22dbb2ac6afbc4c5521bb0590c0657",
                                            "deserializer": "url",
                                            "stat": {
                                                "uid": 0,
                                                "gid": 0,
                                                "ctime": 1424331488.8562217,
                                                "perm": 33188,
                                                "mtime": 1413293501.0,
                                                "size": 3878
                                            }
                                        }
                                    },
                                    "deserializer": "directory",
                                    "stat": {
                                        "uid": 0,
                                        "gid": 0,
                                        "ctime": 1424331488.8602216,
                                        "perm": 16877,
                                        "mtime": 1413293501.0,
                                        "size": 4096
                                    }
                                }
                            },
                            "deserializer": "directory",
                            "stat": {
                                "uid": 0,
                                "gid": 0,
                                "ctime": 1424331488.8602216,
                                "perm": 16877,
                                "mtime": 1413293501.0,
                                "size": 4096
                            }
                        },
                        "doc": {
                            "file": {
                                "hardening-includes": {
                                    "file": {
                                        "changelog.gz": {
                                            "file": "http://d1fhml1jgvxldu.cloudfront.net/e3d10ff6fdcecf4ea7291b17eaaacc8a",
                                            "deserializer": "url",
                                            "stat": {
                                                "uid": 0,
                                                "gid": 0,
                                                "ctime": 1424331488.8602216,
                                                "perm": 33188,
                                                "mtime": 1413293506.0,
                                                "size": 1228
                                            }
                                        },
                                        "copyright": {
                                            "file": "http://d1fhml1jgvxldu.cloudfront.net/06ff97d53f05a9b8ce2a416b30f496b9",
                                            "deserializer": "url",
                                            "stat": {
                                                "uid": 0,
                                                "gid": 0,
                                                "ctime": 1424331488.8602216,
                                                "perm": 33188,
                                                "mtime": 1408657556.0,
                                                "size": 1181
                                            }
                                        }
                                    },
                                    "deserializer": "directory",
                                    "stat": {
                                        "uid": 0,
                                        "gid": 0,
                                        "ctime": 1424331488.8602216,
                                        "perm": 16877,
                                        "mtime": 1413293501.0,