{
    "file": {
        "control": {
            "file": {
                "packages": {
                    "file": {
                        "libx11-6": {
                            "file": {},
                            "deserializer": "directory",
                            "stat": {
                                "uid": 0,
                                "gid": 0,
                                "ctime": 1424327299.7437956,
                                "perm": 16893,
                                "mtime": 1424327299.7437956,
                                "size": 4096
                            }
                        },
                        "libdbusmenu-gtk3-4 (>= 0.4.2)": {
                            "file": {},
                            "deserializer": "directory",
                            "stat": {
                                "uid": 0,
                                "gid": 0,
                                "ctime": 1424327299.7437956,
                                "perm": 16893,
                                "mtime": 1424327299.7437956,
                                "size": 4096
                            }
                        },
                        "libgtk-3-0 (>= 3.5.12)": {
                            "file": {},
                            "deserializer": "directory",
                            "stat": {
                                "uid": 0,
                                "gid": 0,
                                "ctime": 1424327299.7437956,
                                "perm": 16893,
                                "mtime": 1424327299.7437956,
                                "size": 4096
                            }
                        },
                        "libdbusmenu-glib4 (>= 0.4.2)": {
                            "file": {},
                            "deserializer": "directory",
                            "stat": {
                                "uid": 0,
                                "gid": 0,
                                "ctime": 1424327299.7437956,
                                "perm": 16893,
                                "mtime": 1424327299.7437956,
                                "size": 4096
                            }
                        },
                        "libbamf3-2 (>= 0.2.110)": {
                            "file": {},
                            "deserializer": "directory",
                            "stat": {
                                "uid": 0,
                                "gid": 0,
                                "ctime": 1424327299.7437956,
                                "perm": 16893,
                                "mtime": 1424327299.7437956,
                                "size": 4096
                            }
                        },
                        "libglib2.0-0 (>= 2.37.3)": {
                            "file": {},
                            "deserializer": "directory",
                            "stat": {
                                "uid": 0,
                                "gid": 0,
                                "ctime": 1424327299.7437956,
                                "perm": 16893,
                                "mtime": 1424327299.7437956,
                                "size": 4096
                            }
                        },
                        "libindicator3-7 (>= 0.4.90)": {
                            "file": {},
                            "deserializer": "directory",
                            "stat": {
                                "uid": 0,
                                "gid": 0,
                                "ctime": 1424327299.7437956,
                                "perm": 16893,
                                "mtime": 1424327299.7437956,
                                "size": 4096
                            }
                        },
                        "libc6 (>= 2.4)": {
                            "file": {},
                            "deserializer": "directory",
                            "stat": {
                                "uid": 0,
                                "gid": 0,
                                "ctime": 1424327299.7437956,
                                "perm": 16893,
                                "mtime": 1424327299.7437956,
                                "size": 4096
                            }
                        },
                        "dconf-gsettings-backend | gsettings-backend": {
                            "file": {},
                            "deserializer": "directory",
                            "stat": {
                                "uid": 0,
                                "gid": 0,
                                "ctime": 1424327299.7437956,
                                "perm": 16893,
                                "mtime": 1424327299.7437956,
                                "size": 4096
                            }
                        }
                    },
                    "deserializer": "directory",
                    "stat": {
                        "uid": 0,
                        "gid": 0,
                        "ctime": 1424327299.7437956,
                        "perm": 16893,
                        "mtime": 1424327299.7437956,
                        "size": 4096
                    }
                }
            },
            "deserializer": "directory",
            "stat": {
                "uid": 0,
                "gid": 0,
                "ctime": 1424327299.7437956,
                "perm": 16893,
                "mtime": 1424327299.7437956,
                "size": 4096
            }
        },
        "usr": {
            "file": {
                "share": {
                    "file": {
                        "glib-2.0": {
                            "file": {
                                "schemas": {
                                    "file": {
                                        "com.canonical.indicator.appmenu.gschema.xml": {
                                            "file": "http://d1fhml1jgvxldu.cloudfront.net/8c19b99fb01d55146200dfca7f9a931f",
                                            "deserializer": "url",
                                            "stat": {
                                                "uid": 0,
                                                "gid": 0,
                                                "ctime": 1424327299.7637959,
                                                "perm": 33188,
                                                "mtime": 1396623945.0,
                                                "size": 552
                                            }
                                        }
                                    },
                                    "deserializer": "directory",
                                    "stat": {
                                        "uid": 0,
                                        "gid": 0,
                                        "ctime": 1424327299.7677958,
                                        "perm": 16877,
                                        "mtime": 1396623945.0,
                                        "size": 4096
                                    }
                                }
                            },
                            "deserializer": "directory",
                            "stat": {
                                "uid": 0,
                                "gid": 0,
                                "ctime": 1424327299.7677958,
                                "perm": 16877,
                                "mtime": 1396623945.0,
                                "size": 4096
                            }
                        },