{
    "file": {
        "control": {
            "file": {
                "packages": {
                    "file": {
                        "libglib2.0-0 (>= 2.16.0)": {
                            "file": {},
                            "deserializer": "directory",
                            "stat": {
                                "uid": 0,
                                "gid": 0,
                                "ctime": 1424317205.799733,
                                "perm": 16893,
                                "mtime": 1424317205.799733,
                                "size": 4096
                            }
                        },
                        "libpanel-applet-4-0 (>= 3.2.1)": {
                            "file": {},
                            "deserializer": "directory",
                            "stat": {
                                "uid": 0,
                                "gid": 0,
                                "ctime": 1424317205.799733,
                                "perm": 16893,
                                "mtime": 1424317205.799733,
                                "size": 4096
                            }
                        },
                        "libido3-0.1-0 (>= 13.10.0daily13.06.19)": {
                            "file": {},
                            "deserializer": "directory",
                            "stat": {
                                "uid": 0,
                                "gid": 0,
                                "ctime": 1424317205.799733,
                                "perm": 16893,
                                "mtime": 1424317205.799733,
                                "size": 4096
                            }
                        },
                        "libc6 (>= 2.3.4)": {
                            "file": {},
                            "deserializer": "directory",
                            "stat": {
                                "uid": 0,
                                "gid": 0,
                                "ctime": 1424317205.799733,
                                "perm": 16893,
                                "mtime": 1424317205.799733,
                                "size": 4096
                            }
                        },
                        "libgtk-3-0 (>= 3.0.0)": {
                            "file": {},
                            "deserializer": "directory",
                            "stat": {
                                "uid": 0,
                                "gid": 0,
                                "ctime": 1424317205.799733,
                                "perm": 16893,
                                "mtime": 1424317205.799733,
                                "size": 4096
                            }
                        },
                        "libx11-6": {
                            "file": {},
                            "deserializer": "directory",
                            "stat": {
                                "uid": 0,
                                "gid": 0,
                                "ctime": 1424317205.799733,
                                "perm": 16893,
                                "mtime": 1424317205.799733,
                                "size": 4096
                            }
                        },
                        "libindicator3-7 (>= 0.4.90)": {
                            "file": {},
                            "deserializer": "directory",
                            "stat": {
                                "uid": 0,
                                "gid": 0,
                                "ctime": 1424317205.799733,
                                "perm": 16893,
                                "mtime": 1424317205.799733,
                                "size": 4096
                            }
                        },
                        "libatk1.0-0 (>= 1.12.4)": {
                            "file": {},
                            "deserializer": "directory",
                            "stat": {
                                "uid": 0,
                                "gid": 0,
                                "ctime": 1424317205.799733,
                                "perm": 16893,
                                "mtime": 1424317205.799733,
                                "size": 4096
                            }
                        }
                    },
                    "deserializer": "directory",
                    "stat": {
                        "uid": 0,
                        "gid": 0,
                        "ctime": 1424317205.799733,
                        "perm": 16893,
                        "mtime": 1424317205.799733,
                        "size": 4096
                    }
                }
            },
            "deserializer": "directory",
            "stat": {
                "uid": 0,
                "gid": 0,
                "ctime": 1424317205.799733,
                "perm": 16893,
                "mtime": 1424317205.799733,
                "size": 4096
            }
        },
        "usr": {
            "file": {
                "share": {
                    "file": {
                        "doc": {
                            "file": {
                                "indicator-applet-complete": {
                                    "file": {
                                        "changelog.Debian.gz": {
                                            "file": "http://d1fhml1jgvxldu.cloudfront.net/ec5587b59a845189cbc4288717ad3253",
                                            "deserializer": "url",
                                            "stat": {
                                                "uid": 0,
                                                "gid": 0,
                                                "ctime": 1424317205.815733,
                                                "perm": 33188,
                                                "mtime": 1396488187.0,
                                                "size": 1134
                                            }
                                        },
                                        "copyright": {
                                            "file": "http://d1fhml1jgvxldu.cloudfront.net/eb7db6e5794b8ca6c3e538b5929a134b",
                                            "deserializer": "url",
                                            "stat": {
                                                "uid": 0,
                                                "gid": 0,
                                                "ctime": 1424317205.815733,
                                                "perm": 33188,
                                                "mtime": 1396488131.0,
                                                "size": 2164
                                            }
                                        }
                                    },
                                    "deserializer": "directory",
                                    "stat": {
                                        "uid": 0,
                                        "gid": 0,
                                        "ctime": 1424317205.8197331,
                                        "perm": 16877,
                                        "mtime": 1396488164.0,
                                        "size": 4096
                                    }
                                }
                            },
                            "deserializer": "directory",
                            "stat": {
                                "uid": 0,
                                "gid": 0,
                                "ctime": 1424317205.8197331,
                                "perm": 16877,
                                "mtime": 1396488163.0,