{
    "file": {
        "control": {
            "file": {
                "packages": {
                    "file": {
                        "libtinfo5": {
                            "file": {},
                            "deserializer": "directory",
                            "stat": {
                                "uid": 0,
                                "gid": 0,
                                "ctime": 1424327293.259745,
                                "perm": 16893,
                                "mtime": 1424327293.259745,
                                "size": 4096
                            }
                        },
                        "libc6 (>= 2.15)": {
                            "file": {},
                            "deserializer": "directory",
                            "stat": {
                                "uid": 0,
                                "gid": 0,
                                "ctime": 1424327293.259745,
                                "perm": 16893,
                                "mtime": 1424327293.259745,
                                "size": 4096
                            }
                        },
                        "install-info": {
                            "file": {},
                            "deserializer": "directory",
                            "stat": {
                                "uid": 0,
                                "gid": 0,
                                "ctime": 1424327293.259745,
                                "perm": 16893,
                                "mtime": 1424327293.259745,
                                "size": 4096
                            }
                        }
                    },
                    "deserializer": "directory",
                    "stat": {
                        "uid": 0,
                        "gid": 0,
                        "ctime": 1424327293.259745,
                        "perm": 16893,
                        "mtime": 1424327293.259745,
                        "size": 4096
                    }
                }
            },
            "deserializer": "directory",
            "stat": {
                "uid": 0,
                "gid": 0,
                "ctime": 1424327293.259745,
                "perm": 16893,
                "mtime": 1424327293.259745,
                "size": 4096
            }
        },
        "usr": {
            "file": {
                "share": {
                    "file": {
                        "menu": {
                            "file": {
                                "info": {
                                    "file": "http://d1fhml1jgvxldu.cloudfront.net/bcc6af9edf9d0c45917b604ffed0d34f",
                                    "deserializer": "url",
                                    "stat": {
                                        "uid": 0,
                                        "gid": 0,
                                        "ctime": 1424327293.299745,
                                        "perm": 33188,
                                        "mtime": 1401776054.0,
                                        "size": 105
                                    }
                                }
                            },
                            "deserializer": "directory",
                            "stat": {
                                "uid": 0,
                                "gid": 0,
                                "ctime": 1424327293.299745,
                                "perm": 16877,
                                "mtime": 1401794207.0,
                                "size": 4096
                            }
                        },
                        "doc": {
                            "file": {
                                "info": {
                                    "file": {
                                        "README.Debian": {
                                            "file": "http://d1fhml1jgvxldu.cloudfront.net/5270dba268d40db1de2193f77b4bcfbe",
                                            "deserializer": "url",
                                            "stat": {
                                                "uid": 0,
                                                "gid": 0,
                                                "ctime": 1424327293.2957451,
                                                "perm": 33188,
                                                "mtime": 1401776054.0,
                                                "size": 314
                                            }
                                        },
                                        "AUTHORS": {
                                            "file": "../install-info/AUTHORS",
                                            "deserializer": "symlink",
                                            "stat": {
                                                "uid": 0,
                                                "gid": 0,
                                                "ctime": 1424327293.299745,
                                                "perm": 41471,
                                                "mtime": 1424327293.299745,
                                                "size": 23
                                            }
                                        },
                                        "README.gz": {
                                            "file": "../install-info/README.gz",
                                            "deserializer": "symlink",
                                            "stat": {
                                                "uid": 0,
                                                "gid": 0,
                                                "ctime": 1424327293.299745,
                                                "perm": 41471,
                                                "mtime": 1424327293.299745,
                                                "size": 25
                                            }
                                        },
                                        "NEWS.gz": {
                                            "file": "../install-info/NEWS.gz",
                                            "deserializer": "symlink",
                                            "stat": {
                                                "uid": 0,
                                                "gid": 0,
                                                "ctime": 1424327293.299745,
                                                "perm": 41471,
                                                "mtime": 1424327293.299745,
                                                "size": 23
                                            }
                                        },
                                        "copyright": {
                                            "file": "http://d1fhml1jgvxldu.cloudfront.net/ca14f0117ca3dd77c105fa63b916ade3",
                                            "deserializer": "url",
                                            "stat": {
                                                "uid": 0,
                                                "gid": 0,
                                                "ctime": 1424327293.2957451,
                                                "perm": 33188,
                                                "mtime": 1401776054.0,
                                                "size": 1367
                                            }
                                        },
                                        "changelog.Debian.gz": {
                                            "file": "../install-info/changelog.Debian.gz",
                                            "deserializer": "symlink",
                                            "stat": {
                                                "uid": 0,