{
    "file": {
        "control": {
            "file": {
                "packages": {
                    "file": {
                        "debconf (>= 0.5) | debconf-2.0": {
                            "file": {},
                            "deserializer": "directory",
                            "stat": {
                                "uid": 0,
                                "gid": 0,
                                "ctime": 1424329959.3382766,
                                "perm": 16893,
                                "mtime": 1424329959.3382766,
                                "size": 4096
                            }
                        },
                        "libnuma1": {
                            "file": {},
                            "deserializer": "directory",
                            "stat": {
                                "uid": 0,
                                "gid": 0,
                                "ctime": 1424329959.3382766,
                                "perm": 16893,
                                "mtime": 1424329959.3382766,
                                "size": 4096
                            }
                        },
                        "libcap-ng0": {
                            "file": {},
                            "deserializer": "directory",
                            "stat": {
                                "uid": 0,
                                "gid": 0,
                                "ctime": 1424329959.3382766,
                                "perm": 16893,
                                "mtime": 1424329959.3382766,
                                "size": 4096
                            }
                        },
                        "lsb-base (>= 4.1+Debian11ubuntu7)": {
                            "file": {},
                            "deserializer": "directory",
                            "stat": {
                                "uid": 0,
                                "gid": 0,
                                "ctime": 1424329959.3382766,
                                "perm": 16893,
                                "mtime": 1424329959.3382766,
                                "size": 4096
                            }
                        },
                        "libglib2.0-0 (>= 2.28.0)": {
                            "file": {},
                            "deserializer": "directory",
                            "stat": {
                                "uid": 0,
                                "gid": 0,
                                "ctime": 1424329959.3382766,
                                "perm": 16893,
                                "mtime": 1424329959.3382766,
                                "size": 4096
                            }
                        },
                        "libc6 (>= 2.4)": {
                            "file": {},
                            "deserializer": "directory",
                            "stat": {
                                "uid": 0,
                                "gid": 0,
                                "ctime": 1424329959.3382766,
                                "perm": 16893,
                                "mtime": 1424329959.3382766,
                                "size": 4096
                            }
                        }
                    },
                    "deserializer": "directory",
                    "stat": {
                        "uid": 0,
                        "gid": 0,
                        "ctime": 1424329959.3382766,
                        "perm": 16893,
                        "mtime": 1424329959.3382766,
                        "size": 4096
                    }
                }
            },
            "deserializer": "directory",
            "stat": {
                "uid": 0,
                "gid": 0,
                "ctime": 1424329959.3382766,
                "perm": 16893,
                "mtime": 1424329959.3382766,
                "size": 4096
            }
        },
        "usr": {
            "file": {
                "share": {
                    "file": {
                        "doc": {
                            "file": {
                                "irqbalance": {
                                    "file": {
                                        "changelog.Debian.gz": {
                                            "file": "http://d1fhml1jgvxldu.cloudfront.net/a84b09506dbfa7dd5ec9707f55354ab9",
                                            "deserializer": "url",
                                            "stat": {
                                                "uid": 0,
                                                "gid": 0,
                                                "ctime": 1424329959.3542767,
                                                "perm": 33188,
                                                "mtime": 1408635636.0,
                                                "size": 1385
                                            }
                                        },
                                        "copyright": {
                                            "file": "http://d1fhml1jgvxldu.cloudfront.net/0bdeec97a4b4190fdfca99ff5e516a58",
                                            "deserializer": "url",
                                            "stat": {
                                                "uid": 0,
                                                "gid": 0,
                                                "ctime": 1424329959.3542767,
                                                "perm": 33188,
                                                "mtime": 1242783352.0,
                                                "size": 493
                                            }
                                        }
                                    },
                                    "deserializer": "directory",
                                    "stat": {
                                        "uid": 0,
                                        "gid": 0,
                                        "ctime": 1424329959.3582768,
                                        "perm": 16877,
                                        "mtime": 1408635632.0,
                                        "size": 4096
                                    }
                                }
                            },
                            "deserializer": "directory",
                            "stat": {
                                "uid": 0,
                                "gid": 0,
                                "ctime": 1424329959.3582768,
                                "perm": 16877,
                                "mtime": 1408635631.0,
                                "size": 4096
                            }
                        },
                        "man": {
                            "file": {
                                "man1": {
                                    "file": {
                                        "irqbalance.1.gz": {
                                            "file": "http://d1fhml1jgvxldu.cloudfront.net/d7677734f3f1d5fe9d4e32916ea55427",
                                            "deserializer": "url",
                                            "stat": {
                                                "uid": 0,
                                                "gid": 0,
                                                "ctime": 1424329959.3502767,
                                                "perm": 33188,
                                                "mtime": 1408635631.0,
                                                "size": 1873
                                            }
                                        }
                                    },
                                    "deserializer": "directory",