{
    "file": {
        "control": {
            "file": {
                "packages": {
                    "file": {
                        "libnl-genl-3-200 (>= 3.2.7)": {
                            "file": {},
                            "deserializer": "directory",
                            "stat": {
                                "uid": 0,
                                "gid": 0,
                                "ctime": 1424300649.7758305,
                                "perm": 16893,
                                "mtime": 1424300649.7758305,
                                "size": 4096
                            }
                        },
                        "libc6 (>= 2.14)": {
                            "file": {},
                            "deserializer": "directory",
                            "stat": {
                                "uid": 0,
                                "gid": 0,
                                "ctime": 1424300649.7758305,
                                "perm": 16893,
                                "mtime": 1424300649.7758305,
                                "size": 4096
                            }
                        },
                        "libnl-3-200 (>= 3.2.7)": {
                            "file": {},
                            "deserializer": "directory",
                            "stat": {
                                "uid": 0,
                                "gid": 0,
                                "ctime": 1424300649.7758305,
                                "perm": 16893,
                                "mtime": 1424300649.7758305,
                                "size": 4096
                            }
                        }
                    },
                    "deserializer": "directory",
                    "stat": {
                        "uid": 0,
                        "gid": 0,
                        "ctime": 1424300649.7758305,
                        "perm": 16893,
                        "mtime": 1424300649.7758305,
                        "size": 4096
                    }
                }
            },
            "deserializer": "directory",
            "stat": {
                "uid": 0,
                "gid": 0,
                "ctime": 1424300649.7758305,
                "perm": 16893,
                "mtime": 1424300649.7758305,
                "size": 4096
            }
        },
        "usr": {
            "file": {
                "share": {
                    "file": {
                        "doc": {
                            "file": {
                                "iw": {
                                    "file": {
                                        "README.Debian": {
                                            "file": "http://d1fhml1jgvxldu.cloudfront.net/1ac79a7d9d3a6036d22a8fbbeab9fa59",
                                            "deserializer": "url",
                                            "stat": {
                                                "uid": 0,
                                                "gid": 0,
                                                "ctime": 1424300649.7998304,
                                                "perm": 33188,
                                                "mtime": 1343667928.0,
                                                "size": 1979
                                            }
                                        },
                                        "changelog.Debian.gz": {
                                            "file": "http://d1fhml1jgvxldu.cloudfront.net/d7d2a6b9b445a572b7ffa3a33698115e",
                                            "deserializer": "url",
                                            "stat": {
                                                "uid": 0,
                                                "gid": 0,
                                                "ctime": 1424300649.7998304,
                                                "perm": 33188,
                                                "mtime": 1392769888.0,
                                                "size": 2423
                                            }
                                        },
                                        "copyright": {
                                            "file": "http://d1fhml1jgvxldu.cloudfront.net/e133c0b7a7a5b4dcb58055a44d9e7acd",
                                            "deserializer": "url",
                                            "stat": {
                                                "uid": 0,
                                                "gid": 0,
                                                "ctime": 1424300649.7998304,
                                                "perm": 33188,
                                                "mtime": 1358207711.0,
                                                "size": 3215
                                            }
                                        }
                                    },
                                    "deserializer": "directory",
                                    "stat": {
                                        "uid": 0,
                                        "gid": 0,
                                        "ctime": 1424300649.8038306,
                                        "perm": 16877,
                                        "mtime": 1398498412.0,
                                        "size": 4096
                                    }
                                }
                            },
                            "deserializer": "directory",
                            "stat": {
                                "uid": 0,
                                "gid": 0,
                                "ctime": 1424300649.8038306,
                                "perm": 16877,
                                "mtime": 1398498411.0,
                                "size": 4096
                            }
                        },
                        "man": {
                            "file": {
                                "man8": {
                                    "file": {
                                        "iw.8.gz": {
                                            "file": "http://d1fhml1jgvxldu.cloudfront.net/e0d60b14f21513b6a37a241f6b08a4e4",
                                            "deserializer": "url",
                                            "stat": {
                                                "uid": 0,
                                                "gid": 0,
                                                "ctime": 1424300649.8038306,
                                                "perm": 33188,
                                                "mtime": 1398498412.0,
                                                "size": 608
                                            }
                                        }
                                    },
                                    "deserializer": "directory",
                                    "stat": {
                                        "uid": 0,
                                        "gid": 0,
                                        "ctime": 1424300649.8038306,
                                        "perm": 16877,
                                        "mtime": 1398498412.0,
                                        "size": 4096
                                    }
                                }
                            },
                            "deserializer": "directory",
                            "stat": {
                                "uid": 0,
                                "gid": 0,
                                "ctime": 1424300649.8038306,
                                "perm": 16877,
                                "mtime": 1398498411.0,