{
    "file": {
        "control": {
            "file": {
                "packages": {
                    "file": {
                        "libdbus-1-3 (>= 1.0.2)": {
                            "file": {},
                            "deserializer": "directory",
                            "stat": {
                                "uid": 0,
                                "gid": 0,
                                "ctime": 1424299719.2114575,
                                "perm": 16893,
                                "mtime": 1424299719.2114575,
                                "size": 4096
                            }
                        },
                        "libglib2.0-0 (>= 2.41.1)": {
                            "file": {},
                            "deserializer": "directory",
                            "stat": {
                                "uid": 0,
                                "gid": 0,
                                "ctime": 1424299719.2114575,
                                "perm": 16893,
                                "mtime": 1424299719.2114575,
                                "size": 4096
                            }
                        },
                        "libatk1.0-0 (>= 2.11.90)": {
                            "file": {},
                            "deserializer": "directory",
                            "stat": {
                                "uid": 0,
                                "gid": 0,
                                "ctime": 1424299719.2114575,
                                "perm": 16893,
                                "mtime": 1424299719.2114575,
                                "size": 4096
                            }
                        },
                        "libatspi2.0-0 (>= 2.9.90)": {
                            "file": {},
                            "deserializer": "directory",
                            "stat": {
                                "uid": 0,
                                "gid": 0,
                                "ctime": 1424299719.2114575,
                                "perm": 16893,
                                "mtime": 1424299719.2114575,
                                "size": 4096
                            }
                        },
                        "libc6 (>= 2.4)": {
                            "file": {},
                            "deserializer": "directory",
                            "stat": {
                                "uid": 0,
                                "gid": 0,
                                "ctime": 1424299719.2114575,
                                "perm": 16893,
                                "mtime": 1424299719.2114575,
                                "size": 4096
                            }
                        }
                    },
                    "deserializer": "directory",
                    "stat": {
                        "uid": 0,
                        "gid": 0,
                        "ctime": 1424299719.2114575,
                        "perm": 16893,
                        "mtime": 1424299719.2114575,
                        "size": 4096
                    }
                }
            },
            "deserializer": "directory",
            "stat": {
                "uid": 0,
                "gid": 0,
                "ctime": 1424299719.2114575,
                "perm": 16893,
                "mtime": 1424299719.2114575,
                "size": 4096
            }
        },
        "usr": {
            "file": {
                "share": {
                    "file": {
                        "doc": {
                            "file": {
                                "libatk-bridge2.0-0": {
                                    "file": {
                                        "changelog.Debian.gz": {
                                            "file": "http://d1fhml1jgvxldu.cloudfront.net/898ae24be385f3474b6fed875a88529d",
                                            "deserializer": "url",
                                            "stat": {
                                                "uid": 0,
                                                "gid": 0,
                                                "ctime": 1424299719.2434576,
                                                "perm": 33188,
                                                "mtime": 1413282490.0,
                                                "size": 1062
                                            }
                                        },
                                        "copyright": {
                                            "file": "http://d1fhml1jgvxldu.cloudfront.net/62e9131aa4dc2b1567d917bfa94eacda",
                                            "deserializer": "url",
                                            "stat": {
                                                "uid": 0,
                                                "gid": 0,
                                                "ctime": 1424299719.2434576,
                                                "perm": 33188,
                                                "mtime": 1413259698.0,
                                                "size": 6379
                                            }
                                        }
                                    },
                                    "deserializer": "directory",
                                    "stat": {
                                        "uid": 0,
                                        "gid": 0,
                                        "ctime": 1424299719.2434576,
                                        "perm": 16877,
                                        "mtime": 1413282474.0,
                                        "size": 4096
                                    }
                                }
                            },
                            "deserializer": "directory",
                            "stat": {
                                "uid": 0,
                                "gid": 0,
                                "ctime": 1424299719.2434576,
                                "perm": 16877,
                                "mtime": 1413282474.0,
                                "size": 4096
                            }
                        }
                    },
                    "deserializer": "directory",
                    "stat": {
                        "uid": 0,
                        "gid": 0,
                        "ctime": 1424299719.2434576,
                        "perm": 16877,
                        "mtime": 1413282474.0,
                        "size": 4096
                    }
                },
                "lib": {
                    "file": {
                        "x86_64-linux-gnu": {
                            "file": {
                                "libatk-bridge-2.0.so.0.0.0": {
                                    "file": "http://d1fhml1jgvxldu.cloudfront.net/6a9926545af0e232d7897faee8b2e0e1",
                                    "deserializer": "url",
                                    "stat": {
                                        "uid": 0,
                                        "gid": 0,
                                        "ctime": 1424299719.2394576,
                                        "perm": 33188,
                                        "mtime": 1413282477.0,
                                        "size": 193536
                                    }
                                },
                                "libatk-bridge-2.0.so.0": {
                                    "file": "libatk-bridge-2.0.so.0.0.0",
                                    "deserializer": "symlink",
                                    "stat": {
                                        "uid": 0,
                                        "gid": 0,