{
    "stat": {
        "perm": 16877,
        "uid": 0,
        "gid": 0,
        "ctime": 1777906376.6672163,
        "mtime": 1744297585.0,
        "size": 20
    },
    "deserializer": "directory",
    "file": {
        "control": {
            "stat": {
                "perm": 16893,
                "uid": 0,
                "gid": 0,
                "ctime": 1777906376.663216,
                "mtime": 1777906376.663216,
                "size": 16
            },
            "deserializer": "directory",
            "file": {
                "packages": {
                    "stat": {
                        "perm": 16893,
                        "uid": 0,
                        "gid": 0,
                        "ctime": 1777906376.663216,
                        "mtime": 1777906376.663216,
                        "size": 30
                    },
                    "deserializer": "directory",
                    "file": {
                        "libc6 (>= 2.38)": {
                            "stat": {
                                "perm": 16893,
                                "uid": 0,
                                "gid": 0,
                                "ctime": 1777906376.663216,
                                "mtime": 1777906376.663216,
                                "size": 0
                            },
                            "deserializer": "directory",
                            "file": {}
                        }
                    }
                }
            }
        },
        "usr": {
            "stat": {
                "perm": 16877,
                "uid": 0,
                "gid": 0,
                "ctime": 1777906376.6672163,
                "mtime": 1744297585.0,
                "size": 16
            },
            "deserializer": "directory",
            "file": {
                "lib": {
                    "stat": {
                        "perm": 16877,
                        "uid": 0,
                        "gid": 0,
                        "ctime": 1777906376.6672163,
                        "mtime": 1744297585.0,
                        "size": 32
                    },
                    "deserializer": "directory",
                    "file": {
                        "x86_64-linux-gnu": {
                            "stat": {
                                "perm": 16877,
                                "uid": 0,
                                "gid": 0,
                                "ctime": 1777906376.6672163,
                                "mtime": 1744297585.0,
                                "size": 74
                            },
                            "deserializer": "directory",
                            "file": {
                                "libapparmor.so.1.24.2": {
                                    "stat": {
                                        "perm": 33188,
                                        "uid": 0,
                                        "gid": 0,
                                        "ctime": 1777906376.663216,
                                        "mtime": 1744297585.0,
                                        "size": 84728
                                    },
                                    "deserializer": "url",
                                    "file": "/blobs/41334e9dd17faab58a35332cea20ea6e9d117f6aafc84aed54f26ef13ee38e7e"
                                },
                                "libapparmor.so.1": {
                                    "stat": {
                                        "perm": 41471,
                                        "uid": 0,
                                        "gid": 0,
                                        "ctime": 1777906376.6672163,
                                        "mtime": 1777906376.6672163,
                                        "size": 21
                                    },
                                    "deserializer": "symlink",
                                    "file": "libapparmor.so.1.24.2"
                                }
                            }
                        }
                    }
                },
                "share": {
                    "stat": {
                        "perm": 16877,
                        "uid": 0,
                        "gid": 0,
                        "ctime": 1777906376.6672163,
                        "mtime": 1744297585.0,
                        "size": 6
                    },
                    "deserializer": "directory",
                    "file": {
                        "doc": {
                            "stat": {
                                "perm": 16877,
                                "uid": 0,
                                "gid": 0,
                                "ctime": 1777906376.6672163,
                                "mtime": 1744297585.0,
                                "size": 24
                            },
                            "deserializer": "directory",
                            "file": {
                                "libapparmor1": {
                                    "stat": {
                                        "perm": 16877,
                                        "uid": 0,
                                        "gid": 0,
                                        "ctime": 1777906376.6672163,
                                        "mtime": 1744297585.0,
                                        "size": 56
                                    },
                                    "deserializer": "directory",
                                    "file": {
                                        "changelog.Debian.gz": {
                                            "stat": {
                                                "perm": 33188,
                                                "uid": 0,
                                                "gid": 0,
                                                "ctime": 1777906376.663216,
                                                "mtime": 1744297585.0,
                                                "size": 10567
                                            },
                                            "deserializer": "url",
                                            "file": "/blobs/cf119ef2ea3a9f2ba3d7682ffa978afb8baeab2e3e599e7217a3f102439da2b5"
                                        },
                                        "copyright": {
                                            "stat": {
                                                "perm": 33188,
                                                "uid": 0,
                                                "gid": 0,
                                                "ctime": 1777906376.6672163,
                                                "mtime": 1744297585.0,
                                                "size": 6065
                                            },
                                            "deserializer": "url",
                                            "file": "/blobs/52b7cf37d674ca47296cf6270a95ecda0ecbef976cc090d702acbd741e36b3b4"
                                        }
                                    }
                                }
                            }
                        }
                    }
                }
            }
        }
    }
}