{
    "file": {
        "control": {
            "file": {
                "packages": {
                    "file": {
                        "libc6 (>= 2.7)": {
                            "file": {},
                            "deserializer": "directory",
                            "stat": {
                                "uid": 0,
                                "gid": 0,
                                "ctime": 1424327289.447715,
                                "perm": 16893,
                                "mtime": 1424327289.447715,
                                "size": 4096
                            }
                        },
                        "libdbus-1-3 (>= 1.1.1)": {
                            "file": {},
                            "deserializer": "directory",
                            "stat": {
                                "uid": 0,
                                "gid": 0,
                                "ctime": 1424327289.447715,
                                "perm": 16893,
                                "mtime": 1424327289.447715,
                                "size": 4096
                            }
                        },
                        "libx11-6": {
                            "file": {},
                            "deserializer": "directory",
                            "stat": {
                                "uid": 0,
                                "gid": 0,
                                "ctime": 1424327289.447715,
                                "perm": 16893,
                                "mtime": 1424327289.447715,
                                "size": 4096
                            }
                        },
                        "libglib2.0-0 (>= 2.37.3)": {
                            "file": {},
                            "deserializer": "directory",
                            "stat": {
                                "uid": 0,
                                "gid": 0,
                                "ctime": 1424327289.447715,
                                "perm": 16893,
                                "mtime": 1424327289.447715,
                                "size": 4096
                            }
                        }
                    },
                    "deserializer": "directory",
                    "stat": {
                        "uid": 0,
                        "gid": 0,
                        "ctime": 1424327289.447715,
                        "perm": 16893,
                        "mtime": 1424327289.447715,
                        "size": 4096
                    }
                }
            },
            "deserializer": "directory",
            "stat": {
                "uid": 0,
                "gid": 0,
                "ctime": 1424327289.447715,
                "perm": 16893,
                "mtime": 1424327289.447715,
                "size": 4096
            }
        },
        "usr": {
            "file": {
                "share": {
                    "file": {
                        "doc": {
                            "file": {
                                "libatspi2.0-0": {
                                    "file": {
                                        "changelog.Debian.gz": {
                                            "file": "http://d1fhml1jgvxldu.cloudfront.net/5c497ac3cac13317809a902b97ec9839",
                                            "deserializer": "url",
                                            "stat": {
                                                "uid": 0,
                                                "gid": 0,
                                                "ctime": 1424327289.4757152,
                                                "perm": 33188,
                                                "mtime": 1411451974.0,
                                                "size": 1236
                                            }
                                        },
                                        "copyright": {
                                            "file": "http://d1fhml1jgvxldu.cloudfront.net/e93987d99d670766d045b70796401542",
                                            "deserializer": "url",
                                            "stat": {
                                                "uid": 0,
                                                "gid": 0,
                                                "ctime": 1424327289.4757152,
                                                "perm": 33188,
                                                "mtime": 1406010571.0,
                                                "size": 5181
                                            }
                                        }
                                    },
                                    "deserializer": "directory",
                                    "stat": {
                                        "uid": 0,
                                        "gid": 0,
                                        "ctime": 1424327289.4797153,
                                        "perm": 16877,
                                        "mtime": 1411451956.0,
                                        "size": 4096
                                    }
                                }
                            },
                            "deserializer": "directory",
                            "stat": {
                                "uid": 0,
                                "gid": 0,
                                "ctime": 1424327289.4797153,
                                "perm": 16877,
                                "mtime": 1411451956.0,
                                "size": 4096
                            }
                        }
                    },
                    "deserializer": "directory",
                    "stat": {
                        "uid": 0,
                        "gid": 0,
                        "ctime": 1424327289.4797153,
                        "perm": 16877,
                        "mtime": 1411451956.0,
                        "size": 4096
                    }
                },
                "lib": {
                    "file": {
                        "x86_64-linux-gnu": {
                            "file": {
                                "libatspi.so.0": {
                                    "file": "libatspi.so.0.0.1",
                                    "deserializer": "symlink",
                                    "stat": {
                                        "uid": 0,
                                        "gid": 0,
                                        "ctime": 1424327289.4797153,
                                        "perm": 41471,
                                        "mtime": 1424327289.4797153,
                                        "size": 17
                                    }
                                },
                                "libatspi.so.0.0.1": {
                                    "file": "http://d1fhml1jgvxldu.cloudfront.net/fe093a174cd5e9d3a882065fe0197256",
                                    "deserializer": "url",
                                    "stat": {
                                        "uid": 0,
                                        "gid": 0,
                                        "ctime": 1424327289.4797153,
                                        "perm": 33188,
                                        "mtime": 1411451957.0,
                                        "size": 198816
                                    }
                                }
                            },
                            "deserializer": "directory",
                            "stat": {
                                "uid": 0,
                                "gid": 0,
                                "ctime": 1424327289.4797153,
                                "perm": 16877,