{
    "stat": {
        "perm": 16877,
        "uid": 0,
        "gid": 0,
        "ctime": 1777906376.7312195,
        "mtime": 1740599802.0,
        "size": 20
    },
    "deserializer": "directory",
    "file": {
        "control": {
            "stat": {
                "perm": 16893,
                "uid": 0,
                "gid": 0,
                "ctime": 1777906376.7272193,
                "mtime": 1777906376.7272193,
                "size": 16
            },
            "deserializer": "directory",
            "file": {
                "packages": {
                    "stat": {
                        "perm": 16893,
                        "uid": 0,
                        "gid": 0,
                        "ctime": 1777906376.7272193,
                        "mtime": 1777906376.7272193,
                        "size": 132
                    },
                    "deserializer": "directory",
                    "file": {
                        "libaudit-common (>= 1:4.0.2-2)": {
                            "stat": {
                                "perm": 16893,
                                "uid": 0,
                                "gid": 0,
                                "ctime": 1777906376.7272193,
                                "mtime": 1777906376.7272193,
                                "size": 0
                            },
                            "deserializer": "directory",
                            "file": {}
                        },
                        "libc6 (>= 2.38)": {
                            "stat": {
                                "perm": 16893,
                                "uid": 0,
                                "gid": 0,
                                "ctime": 1777906376.7272193,
                                "mtime": 1777906376.7272193,
                                "size": 0
                            },
                            "deserializer": "directory",
                            "file": {}
                        },
                        "libcap-ng0 (>= 0.7.9)": {
                            "stat": {
                                "perm": 16893,
                                "uid": 0,
                                "gid": 0,
                                "ctime": 1777906376.7272193,
                                "mtime": 1777906376.7272193,
                                "size": 0
                            },
                            "deserializer": "directory",
                            "file": {}
                        }
                    }
                }
            }
        },
        "usr": {
            "stat": {
                "perm": 16877,
                "uid": 0,
                "gid": 0,
                "ctime": 1777906376.7312195,
                "mtime": 1740599802.0,
                "size": 16
            },
            "deserializer": "directory",
            "file": {
                "lib": {
                    "stat": {
                        "perm": 16877,
                        "uid": 0,
                        "gid": 0,
                        "ctime": 1777906376.7312195,
                        "mtime": 1740599802.0,
                        "size": 32
                    },
                    "deserializer": "directory",
                    "file": {
                        "x86_64-linux-gnu": {
                            "stat": {
                                "perm": 16877,
                                "uid": 0,
                                "gid": 0,
                                "ctime": 1777906376.7312195,
                                "mtime": 1740599802.0,
                                "size": 60
                            },
                            "deserializer": "directory",
                            "file": {
                                "libaudit.so.1.0.0": {
                                    "stat": {
                                        "perm": 33188,
                                        "uid": 0,
                                        "gid": 0,
                                        "ctime": 1777906376.7312195,
                                        "mtime": 1740599802.0,
                                        "size": 153528
                                    },
                                    "deserializer": "url",
                                    "file": "/blobs/e0ed5f40854fcaf3feb9448dd032172908a0b1651330df9397abd5490ff85402"
                                },
                                "libaudit.so.1": {
                                    "stat": {
                                        "perm": 41471,
                                        "uid": 0,
                                        "gid": 0,
                                        "ctime": 1777906376.7312195,
                                        "mtime": 1777906376.7312195,
                                        "size": 17
                                    },
                                    "deserializer": "symlink",
                                    "file": "libaudit.so.1.0.0"
                                }
                            }
                        }
                    }
                },
                "share": {
                    "stat": {
                        "perm": 16877,
                        "uid": 0,
                        "gid": 0,
                        "ctime": 1777906376.7312195,
                        "mtime": 1740599802.0,
                        "size": 6
                    },
                    "deserializer": "directory",
                    "file": {
                        "doc": {
                            "stat": {
                                "perm": 16877,
                                "uid": 0,
                                "gid": 0,
                                "ctime": 1777906376.7312195,
                                "mtime": 1740599802.0,
                                "size": 18
                            },
                            "deserializer": "directory",
                            "file": {
                                "libaudit1": {
                                    "stat": {
                                        "perm": 16877,
                                        "uid": 0,
                                        "gid": 0,
                                        "ctime": 1777906376.7312195,
                                        "mtime": 1740599802.0,
                                        "size": 130
                                    },
                                    "deserializer": "directory",
                                    "file": {
                                        "changelog.Debian.amd64.gz": {
                                            "stat": {
                                                "perm": 33188,
                                                "uid": 0,
                                                "gid": 0,
                                                "ctime": 1777906376.7312195,
                                                "mtime": 1740599802.0,
                                                "size": 226
                                            },
                                            "deserializer": "url",
                                            "file": "/blobs/1435a1e2d106549171967a37c919d1861d94d490d50d9afab4c497dcdbfe0c7b"
                                        },
                                        "changelog.Debian.gz": {
                                            "stat": {
                                                "perm": 33188,
                                                "uid": 0,
                                                "gid": 0,
                                                "ctime": 1777906376.7312195,
                                                "mtime": 1740599802.0,