{
    "stat": {
        "perm": 16877,
        "uid": 0,
        "gid": 0,
        "ctime": 1777906376.6752167,
        "mtime": 1731618609.0,
        "size": 12
    },
    "deserializer": "directory",
    "file": {
        "etc": {
            "stat": {
                "perm": 16877,
                "uid": 0,
                "gid": 0,
                "ctime": 1777906376.6752167,
                "mtime": 1731618609.0,
                "size": 26
            },
            "deserializer": "directory",
            "file": {
                "libaudit.conf": {
                    "stat": {
                        "perm": 33188,
                        "uid": 0,
                        "gid": 0,
                        "ctime": 1777906376.6752167,
                        "mtime": 1731618609.0,
                        "size": 191
                    },
                    "deserializer": "url",
                    "file": "/blobs/d48318c90620fde96cb6a8e6eb1eb64663b21200f9d1d053f9e3b4fce24a2543"
                }
            }
        },
        "usr": {
            "stat": {
                "perm": 16877,
                "uid": 0,
                "gid": 0,
                "ctime": 1777906376.6752167,
                "mtime": 1731618609.0,
                "size": 10
            },
            "deserializer": "directory",
            "file": {
                "share": {
                    "stat": {
                        "perm": 16877,
                        "uid": 0,
                        "gid": 0,
                        "ctime": 1777906376.6752167,
                        "mtime": 1731618609.0,
                        "size": 12
                    },
                    "deserializer": "directory",
                    "file": {
                        "doc": {
                            "stat": {
                                "perm": 16877,
                                "uid": 0,
                                "gid": 0,
                                "ctime": 1777906376.6752167,
                                "mtime": 1731618609.0,
                                "size": 30
                            },
                            "deserializer": "directory",
                            "file": {
                                "libaudit-common": {
                                    "stat": {
                                        "perm": 16877,
                                        "uid": 0,
                                        "gid": 0,
                                        "ctime": 1777906376.6752167,
                                        "mtime": 1731618609.0,
                                        "size": 80
                                    },
                                    "deserializer": "directory",
                                    "file": {
                                        "changelog.Debian.gz": {
                                            "stat": {
                                                "perm": 33188,
                                                "uid": 0,
                                                "gid": 0,
                                                "ctime": 1777906376.6752167,
                                                "mtime": 1731618609.0,
                                                "size": 3464
                                            },
                                            "deserializer": "url",
                                            "file": "/blobs/98bcd3a3a760a037d8738aa687ab7dd3a9bc2dfb7e43c92da9a0f71ad0e48840"
                                        },
                                        "changelog.gz": {
                                            "stat": {
                                                "perm": 33188,
                                                "uid": 0,
                                                "gid": 0,
                                                "ctime": 1777906376.6752167,
                                                "mtime": 1723138819.0,
                                                "size": 6238
                                            },
                                            "deserializer": "url",
                                            "file": "/blobs/f3f6228782e0bfbde203d777ebd9842f6b3368b301b2ee3b677a5a72f0063c28"
                                        },
                                        "copyright": {
                                            "stat": {
                                                "perm": 33188,
                                                "uid": 0,
                                                "gid": 0,
                                                "ctime": 1777906376.6752167,
                                                "mtime": 1731618609.0,
                                                "size": 1596
                                            },
                                            "deserializer": "url",
                                            "file": "/blobs/6c7011e93f643b112c4cc3622131e28a30477afad6c4f5efe466b13aa7f603cc"
                                        }
                                    }
                                }
                            }
                        },
                        "man": {
                            "stat": {
                                "perm": 16877,
                                "uid": 0,
                                "gid": 0,
                                "ctime": 1777906376.6752167,
                                "mtime": 1731618609.0,
                                "size": 8
                            },
                            "deserializer": "directory",
                            "file": {
                                "man5": {
                                    "stat": {
                                        "perm": 16877,
                                        "uid": 0,
                                        "gid": 0,
                                        "ctime": 1777906376.6752167,
                                        "mtime": 1731618609.0,
                                        "size": 36
                                    },
                                    "deserializer": "directory",
                                    "file": {
                                        "libaudit.conf.5.gz": {
                                            "stat": {
                                                "perm": 33188,
                                                "uid": 0,
                                                "gid": 0,
                                                "ctime": 1777906376.6752167,
                                                "mtime": 1731618609.0,
                                                "size": 553
                                            },
                                            "deserializer": "url",
                                            "file": "/blobs/b45065b6598339d91e74ded8b66e39b0452d379b26935948b3c8faa085817b23"
                                        }
                                    }
                                }
                            }
                        }
                    }
                }
            }
        }
    }
}