{
    "file": {
        "control": {
            "file": {
                "packages": {
                    "file": {
                        "libgcr-base-3-1 (>= 3.8.0)": {
                            "file": {},
                            "deserializer": "directory",
                            "stat": {
                                "uid": 0,
                                "gid": 0,
                                "ctime": 1424310515.348658,
                                "perm": 16893,
                                "mtime": 1424310515.348658,
                                "size": 4096
                            }
                        },
                        "libsystemd-login0 (>= 186)": {
                            "file": {},
                            "deserializer": "directory",
                            "stat": {
                                "uid": 0,
                                "gid": 0,
                                "ctime": 1424310515.348658,
                                "perm": 16893,
                                "mtime": 1424310515.348658,
                                "size": 4096
                            }
                        },
                        "libglib2.0-0 (>= 2.37.3)": {
                            "file": {},
                            "deserializer": "directory",
                            "stat": {
                                "uid": 0,
                                "gid": 0,
                                "ctime": 1424310515.348658,
                                "perm": 16893,
                                "mtime": 1424310515.348658,
                                "size": 4096
                            }
                        },
                        "libc6 (>= 2.2.5)": {
                            "file": {},
                            "deserializer": "directory",
                            "stat": {
                                "uid": 0,
                                "gid": 0,
                                "ctime": 1424310515.348658,
                                "perm": 16893,
                                "mtime": 1424310515.348658,
                                "size": 4096
                            }
                        }
                    },
                    "deserializer": "directory",
                    "stat": {
                        "uid": 0,
                        "gid": 0,
                        "ctime": 1424310515.348658,
                        "perm": 16893,
                        "mtime": 1424310515.348658,
                        "size": 4096
                    }
                }
            },
            "deserializer": "directory",
            "stat": {
                "uid": 0,
                "gid": 0,
                "ctime": 1424310515.348658,
                "perm": 16893,
                "mtime": 1424310515.348658,
                "size": 4096
            }
        },
        "usr": {
            "file": {
                "share": {
                    "file": {
                        "doc": {
                            "file": {
                                "libaccountsservice0": {
                                    "file": {
                                        "changelog.Debian.gz": {
                                            "file": "http://d1fhml1jgvxldu.cloudfront.net/3c5f137eb7273a693b07569767f62d7b",
                                            "deserializer": "url",
                                            "stat": {
                                                "uid": 0,
                                                "gid": 0,
                                                "ctime": 1424310515.372658,
                                                "perm": 33188,
                                                "mtime": 1408139772.0,
                                                "size": 1704
                                            }
                                        },
                                        "copyright": {
                                            "file": "http://d1fhml1jgvxldu.cloudfront.net/c00ad4d92680ec465a5049709b62b1e3",
                                            "deserializer": "url",
                                            "stat": {
                                                "uid": 0,
                                                "gid": 0,
                                                "ctime": 1424310515.372658,
                                                "perm": 33188,
                                                "mtime": 1403581028.0,
                                                "size": 2217
                                            }
                                        }
                                    },
                                    "deserializer": "directory",
                                    "stat": {
                                        "uid": 0,
                                        "gid": 0,
                                        "ctime": 1424310515.372658,
                                        "perm": 16877,
                                        "mtime": 1408139772.0,
                                        "size": 4096
                                    }
                                }
                            },
                            "deserializer": "directory",
                            "stat": {
                                "uid": 0,
                                "gid": 0,
                                "ctime": 1424310515.372658,
                                "perm": 16877,
                                "mtime": 1408139756.0,
                                "size": 4096
                            }
                        }
                    },
                    "deserializer": "directory",
                    "stat": {
                        "uid": 0,
                        "gid": 0,
                        "ctime": 1424310515.372658,
                        "perm": 16877,
                        "mtime": 1408139756.0,
                        "size": 4096
                    }
                },
                "lib": {
                    "file": {
                        "x86_64-linux-gnu": {
                            "file": {
                                "libaccountsservice.so.0.0.0": {
                                    "file": "http://d1fhml1jgvxldu.cloudfront.net/1417b2d77c6d5a2a7f2c7cfb2b930dfd",
                                    "deserializer": "url",
                                    "stat": {
                                        "uid": 0,
                                        "gid": 0,
                                        "ctime": 1424310515.372658,
                                        "perm": 33188,
                                        "mtime": 1408139758.0,
                                        "size": 298864
                                    }
                                },
                                "libaccountsservice.so.0": {
                                    "file": "libaccountsservice.so.0.0.0",
                                    "deserializer": "symlink",
                                    "stat": {
                                        "uid": 0,
                                        "gid": 0,
                                        "ctime": 1424310515.372658,
                                        "perm": 41471,
                                        "mtime": 1424310515.372658,
                                        "size": 27
                                    }
                                }
                            },
                            "deserializer": "directory",
                            "stat": {
                                "uid": 0,
                                "gid": 0,
                                "ctime": 1424310515.372658,