{
    "file": {
        "control": {
            "file": {
                "packages": {
                    "file": {
                        "libexpat1 (>= 2.0.1)": {
                            "file": {},
                            "deserializer": "directory",
                            "stat": {
                                "uid": 0,
                                "gid": 0,
                                "ctime": 1424323745.473256,
                                "perm": 16893,
                                "mtime": 1424323745.473256,
                                "size": 4096
                            }
                        },
                        "libdb5.3": {
                            "file": {},
                            "deserializer": "directory",
                            "stat": {
                                "uid": 0,
                                "gid": 0,
                                "ctime": 1424323745.473256,
                                "perm": 16893,
                                "mtime": 1424323745.473256,
                                "size": 4096
                            }
                        },
                        "libc6 (>= 2.14)": {
                            "file": {},
                            "deserializer": "directory",
                            "stat": {
                                "uid": 0,
                                "gid": 0,
                                "ctime": 1424323745.473256,
                                "perm": 16893,
                                "mtime": 1424323745.473256,
                                "size": 4096
                            }
                        },
                        "libssl1.0.0 (>= 1.0.0)": {
                            "file": {},
                            "deserializer": "directory",
                            "stat": {
                                "uid": 0,
                                "gid": 0,
                                "ctime": 1424323745.473256,
                                "perm": 16893,
                                "mtime": 1424323745.473256,
                                "size": 4096
                            }
                        },
                        "libapr1 (>= 1.4.8-2~)": {
                            "file": {},
                            "deserializer": "directory",
                            "stat": {
                                "uid": 0,
                                "gid": 0,
                                "ctime": 1424323745.473256,
                                "perm": 16893,
                                "mtime": 1424323745.473256,
                                "size": 4096
                            }
                        }
                    },
                    "deserializer": "directory",
                    "stat": {
                        "uid": 0,
                        "gid": 0,
                        "ctime": 1424323745.473256,
                        "perm": 16893,
                        "mtime": 1424323745.473256,
                        "size": 4096
                    }
                }
            },
            "deserializer": "directory",
            "stat": {
                "uid": 0,
                "gid": 0,
                "ctime": 1424323745.473256,
                "perm": 16893,
                "mtime": 1424323745.473256,
                "size": 4096
            }
        },
        "usr": {
            "file": {
                "share": {
                    "file": {
                        "lintian": {
                            "file": {
                                "overrides": {
                                    "file": {
                                        "libaprutil1": {
                                            "file": "http://d1fhml1jgvxldu.cloudfront.net/d48e63d631f91ae4bc6829562725dd5c",
                                            "deserializer": "url",
                                            "stat": {
                                                "uid": 0,
                                                "gid": 0,
                                                "ctime": 1424323745.5052562,
                                                "perm": 33188,
                                                "mtime": 1385298483.0,
                                                "size": 120
                                            }
                                        }
                                    },
                                    "deserializer": "directory",
                                    "stat": {
                                        "uid": 0,
                                        "gid": 0,
                                        "ctime": 1424323745.5092564,
                                        "perm": 16877,
                                        "mtime": 1401405190.0,
                                        "size": 4096
                                    }
                                }
                            },
                            "deserializer": "directory",
                            "stat": {
                                "uid": 0,
                                "gid": 0,
                                "ctime": 1424323745.5092564,
                                "perm": 16877,
                                "mtime": 1401405190.0,
                                "size": 4096
                            }
                        },
                        "doc": {
                            "file": {
                                "libaprutil1": {
                                    "file": {
                                        "changelog.Debian.gz": {
                                            "file": "http://d1fhml1jgvxldu.cloudfront.net/7d150b2dcd11936b64a0d89d7bbb141e",
                                            "deserializer": "url",
                                            "stat": {
                                                "uid": 0,
                                                "gid": 0,
                                                "ctime": 1424323745.5012562,
                                                "perm": 33188,
                                                "mtime": 1401405209.0,
                                                "size": 1382
                                            }
                                        },
                                        "copyright": {
                                            "file": "http://d1fhml1jgvxldu.cloudfront.net/2568f2df7b9bb44393b66a2e98333b30",
                                            "deserializer": "url",
                                            "stat": {
                                                "uid": 0,
                                                "gid": 0,
                                                "ctime": 1424323745.5052562,
                                                "perm": 33188,
                                                "mtime": 1385298483.0,
                                                "size": 9952
                                            }
                                        }
                                    },
                                    "deserializer": "directory",
                                    "stat": {
                                        "uid": 0,
                                        "gid": 0,
                                        "ctime": 1424323745.5092564,
                                        "perm": 16877,
                                        "mtime": 1401405190.0,
                                        "size": 4096
                                    }
                                }
                            },
                            "deserializer": "directory",