{
    "file": {
        "control": {
            "file": {
                "packages": {
                    "file": {
                        "libglib2.0-0 (>= 2.16.0)": {
                            "file": {},
                            "deserializer": "directory",
                            "stat": {
                                "uid": 0,
                                "gid": 0,
                                "ctime": 1424315052.5112007,
                                "perm": 16893,
                                "mtime": 1424315052.5112007,
                                "size": 4096
                            }
                        },
                        "libsigc++-2.0-0c2a (>= 2.2.0)": {
                            "file": {},
                            "deserializer": "directory",
                            "stat": {
                                "uid": 0,
                                "gid": 0,
                                "ctime": 1424315052.5112007,
                                "perm": 16893,
                                "mtime": 1424315052.5112007,
                                "size": 4096
                            }
                        },
                        "libglibmm-2.4-1c2a (>= 2.40.0)": {
                            "file": {},
                            "deserializer": "directory",
                            "stat": {
                                "uid": 0,
                                "gid": 0,
                                "ctime": 1424315052.5112007,
                                "perm": 16893,
                                "mtime": 1424315052.5112007,
                                "size": 4096
                            }
                        },
                        "libatk1.0-0 (>= 1.12.4)": {
                            "file": {},
                            "deserializer": "directory",
                            "stat": {
                                "uid": 0,
                                "gid": 0,
                                "ctime": 1424315052.5072007,
                                "perm": 16893,
                                "mtime": 1424315052.5072007,
                                "size": 4096
                            }
                        },
                        "libgcc1 (>= 1:4.1.1)": {
                            "file": {},
                            "deserializer": "directory",
                            "stat": {
                                "uid": 0,
                                "gid": 0,
                                "ctime": 1424315052.5112007,
                                "perm": 16893,
                                "mtime": 1424315052.5112007,
                                "size": 4096
                            }
                        },
                        "libc6 (>= 2.4)": {
                            "file": {},
                            "deserializer": "directory",
                            "stat": {
                                "uid": 0,
                                "gid": 0,
                                "ctime": 1424315052.5112007,
                                "perm": 16893,
                                "mtime": 1424315052.5112007,
                                "size": 4096
                            }
                        },
                        "libstdc++6 (>= 4.1.1)": {
                            "file": {},
                            "deserializer": "directory",
                            "stat": {
                                "uid": 0,
                                "gid": 0,
                                "ctime": 1424315052.5112007,
                                "perm": 16893,
                                "mtime": 1424315052.5112007,
                                "size": 4096
                            }
                        }
                    },
                    "deserializer": "directory",
                    "stat": {
                        "uid": 0,
                        "gid": 0,
                        "ctime": 1424315052.5112007,
                        "perm": 16893,
                        "mtime": 1424315052.5112007,
                        "size": 4096
                    }
                }
            },
            "deserializer": "directory",
            "stat": {
                "uid": 0,
                "gid": 0,
                "ctime": 1424315052.5072007,
                "perm": 16893,
                "mtime": 1424315052.5072007,
                "size": 4096
            }
        },
        "usr": {
            "file": {
                "share": {
                    "file": {
                        "doc": {
                            "file": {
                                "libatkmm-1.6-1": {
                                    "file": {
                                        "README": {
                                            "file": "http://d1fhml1jgvxldu.cloudfront.net/5a0365ff933aa6e59763f4ab83e01979",
                                            "deserializer": "url",
                                            "stat": {
                                                "uid": 0,
                                                "gid": 0,
                                                "ctime": 1424315052.5352008,
                                                "perm": 33188,
                                                "mtime": 1360330506.0,
                                                "size": 124
                                            }
                                        },
                                        "copyright": {
                                            "file": "http://d1fhml1jgvxldu.cloudfront.net/524f190c618ff9cfe454a32595a0aedd",
                                            "deserializer": "url",
                                            "stat": {
                                                "uid": 0,
                                                "gid": 0,
                                                "ctime": 1424315052.5352008,
                                                "perm": 33188,
                                                "mtime": 1369438009.0,
                                                "size": 1869
                                            }
                                        },
                                        "NEWS.gz": {
                                            "file": "http://d1fhml1jgvxldu.cloudfront.net/2cba98f49d5f0279232b6fd7df0f096b",
                                            "deserializer": "url",
                                            "stat": {
                                                "uid": 0,
                                                "gid": 0,
                                                "ctime": 1424315052.5352008,
                                                "perm": 33188,
                                                "mtime": 1366794450.0,
                                                "size": 635
                                            }
                                        },
                                        "changelog.Debian.gz": {
                                            "file": "http://d1fhml1jgvxldu.cloudfront.net/79061c820bcbe66cf0806eac6c43f665",
                                            "deserializer": "url",
                                            "stat": {
                                                "uid": 0,
                                                "gid": 0,
                                                "ctime": 1424315052.5352008,
                                                "perm": 33188,
                                                "mtime": 1409251844.0,
                                                "size": 978
                                            }
                                        },