{
    "file": {
        "control": {
            "file": {
                "packages": {
                    "file": {
                        "libc6 (>= 2.14)": {
                            "file": {},
                            "deserializer": "directory",
                            "stat": {
                                "uid": 0,
                                "gid": 0,
                                "ctime": 1424298921.5328941,
                                "perm": 16893,
                                "mtime": 1424298921.5328941,
                                "size": 4096
                            }
                        },
                        "libavahi-client3 (>= 0.6.16)": {
                            "file": {},
                            "deserializer": "directory",
                            "stat": {
                                "uid": 0,
                                "gid": 0,
                                "ctime": 1424298921.528894,
                                "perm": 16893,
                                "mtime": 1424298921.528894,
                                "size": 4096
                            }
                        },
                        "libglib2.0-0 (>= 2.37.3)": {
                            "file": {},
                            "deserializer": "directory",
                            "stat": {
                                "uid": 0,
                                "gid": 0,
                                "ctime": 1424298921.5328941,
                                "perm": 16893,
                                "mtime": 1424298921.5328941,
                                "size": 4096
                            }
                        },
                        "libavahi-glib1 (>= 0.6.16)": {
                            "file": {},
                            "deserializer": "directory",
                            "stat": {
                                "uid": 0,
                                "gid": 0,
                                "ctime": 1424298921.5328941,
                                "perm": 16893,
                                "mtime": 1424298921.5328941,
                                "size": 4096
                            }
                        },
                        "libavahi-common3 (>= 0.6.16)": {
                            "file": {},
                            "deserializer": "directory",
                            "stat": {
                                "uid": 0,
                                "gid": 0,
                                "ctime": 1424298921.5328941,
                                "perm": 16893,
                                "mtime": 1424298921.5328941,
                                "size": 4096
                            }
                        }
                    },
                    "deserializer": "directory",
                    "stat": {
                        "uid": 0,
                        "gid": 0,
                        "ctime": 1424298921.5328941,
                        "perm": 16893,
                        "mtime": 1424298921.5328941,
                        "size": 4096
                    }
                }
            },
            "deserializer": "directory",
            "stat": {
                "uid": 0,
                "gid": 0,
                "ctime": 1424298921.528894,
                "perm": 16893,
                "mtime": 1424298921.528894,
                "size": 4096
            }
        },
        "usr": {
            "file": {
                "share": {
                    "file": {
                        "doc": {
                            "file": {
                                "libavahi-gobject0": {
                                    "file": {
                                        "README": {
                                            "file": "../libavahi-common-data/README",
                                            "deserializer": "symlink",
                                            "stat": {
                                                "uid": 0,
                                                "gid": 0,
                                                "ctime": 1424298921.540894,
                                                "perm": 41471,
                                                "mtime": 1424298921.540894,
                                                "size": 30
                                            }
                                        },
                                        "NEWS.gz": {
                                            "file": "../libavahi-common-data/NEWS.gz",
                                            "deserializer": "symlink",
                                            "stat": {
                                                "uid": 0,
                                                "gid": 0,
                                                "ctime": 1424298921.540894,
                                                "perm": 41471,
                                                "mtime": 1424298921.540894,
                                                "size": 31
                                            }
                                        },
                                        "changelog.Debian.gz": {
                                            "file": "../libavahi-common-data/changelog.Debian.gz",
                                            "deserializer": "symlink",
                                            "stat": {
                                                "uid": 0,
                                                "gid": 0,
                                                "ctime": 1424298921.540894,
                                                "perm": 41471,
                                                "mtime": 1424298921.540894,
                                                "size": 43
                                            }
                                        },
                                        "copyright": {
                                            "file": "http://d1fhml1jgvxldu.cloudfront.net/026515c317e1591092392844df5f1ee0",
                                            "deserializer": "url",
                                            "stat": {
                                                "uid": 0,
                                                "gid": 0,
                                                "ctime": 1424298921.540894,
                                                "perm": 33188,
                                                "mtime": 1388406235.0,
                                                "size": 5440
                                            }
                                        }
                                    },
                                    "deserializer": "directory",
                                    "stat": {
                                        "uid": 0,
                                        "gid": 0,
                                        "ctime": 1424298921.540894,
                                        "perm": 16877,
                                        "mtime": 1406899316.0,
                                        "size": 4096
                                    }
                                }
                            },
                            "deserializer": "directory",
                            "stat": {
                                "uid": 0,
                                "gid": 0,
                                "ctime": 1424298921.540894,
                                "perm": 16877,
                                "mtime": 1406899245.0,
                                "size": 4096
                            }
                        }
                    },
                    "deserializer": "directory",
                    "stat": {
                        "uid": 0,