{
    "file": {
        "control": {
            "file": {
                "packages": {
                    "file": {
                        "libaccounts-glib0 (>= 1.14)": {
                            "file": {},
                            "deserializer": "directory",
                            "stat": {
                                "uid": 0,
                                "gid": 0,
                                "ctime": 1424296275.7203283,
                                "perm": 16893,
                                "mtime": 1424296275.7203283,
                                "size": 4096
                            }
                        },
                        "libc6 (>= 2.14)": {
                            "file": {},
                            "deserializer": "directory",
                            "stat": {
                                "uid": 0,
                                "gid": 0,
                                "ctime": 1424296275.7243285,
                                "perm": 16893,
                                "mtime": 1424296275.7243285,
                                "size": 4096
                            }
                        },
                        "libstdc++6 (>= 4.1.1)": {
                            "file": {},
                            "deserializer": "directory",
                            "stat": {
                                "uid": 0,
                                "gid": 0,
                                "ctime": 1424296275.7243285,
                                "perm": 16893,
                                "mtime": 1424296275.7243285,
                                "size": 4096
                            }
                        },
                        "libqt5xml5 (>= 5.0.2)": {
                            "file": {},
                            "deserializer": "directory",
                            "stat": {
                                "uid": 0,
                                "gid": 0,
                                "ctime": 1424296275.7243285,
                                "perm": 16893,
                                "mtime": 1424296275.7243285,
                                "size": 4096
                            }
                        },
                        "libqt5core5a (>= 5.3.0)": {
                            "file": {},
                            "deserializer": "directory",
                            "stat": {
                                "uid": 0,
                                "gid": 0,
                                "ctime": 1424296275.7243285,
                                "perm": 16893,
                                "mtime": 1424296275.7243285,
                                "size": 4096
                            }
                        },
                        "libglib2.0-0 (>= 2.35.8)": {
                            "file": {},
                            "deserializer": "directory",
                            "stat": {
                                "uid": 0,
                                "gid": 0,
                                "ctime": 1424296275.7243285,
                                "perm": 16893,
                                "mtime": 1424296275.7243285,
                                "size": 4096
                            }
                        }
                    },
                    "deserializer": "directory",
                    "stat": {
                        "uid": 0,
                        "gid": 0,
                        "ctime": 1424296275.7243285,
                        "perm": 16893,
                        "mtime": 1424296275.7243285,
                        "size": 4096
                    }
                }
            },
            "deserializer": "directory",
            "stat": {
                "uid": 0,
                "gid": 0,
                "ctime": 1424296275.7203283,
                "perm": 16893,
                "mtime": 1424296275.7203283,
                "size": 4096
            }
        },
        "usr": {
            "file": {
                "share": {
                    "file": {
                        "doc": {
                            "file": {
                                "libaccounts-qt5-1": {
                                    "file": {
                                        "changelog.Debian.gz": {
                                            "file": "http://d1fhml1jgvxldu.cloudfront.net/e37ef0eacee8a6089664d57a554e56c8",
                                            "deserializer": "url",
                                            "stat": {
                                                "uid": 0,
                                                "gid": 0,
                                                "ctime": 1424296275.7443285,
                                                "perm": 33188,
                                                "mtime": 1408460121.0,
                                                "size": 1562
                                            }
                                        },
                                        "copyright": {
                                            "file": "http://d1fhml1jgvxldu.cloudfront.net/a396d2b07b3eeda50cde8ac1b77e5cfb",
                                            "deserializer": "url",
                                            "stat": {
                                                "uid": 0,
                                                "gid": 0,
                                                "ctime": 1424296275.7403286,
                                                "perm": 33188,
                                                "mtime": 1408460050.0,
                                                "size": 546
                                            }
                                        }
                                    },
                                    "deserializer": "directory",
                                    "stat": {
                                        "uid": 0,
                                        "gid": 0,
                                        "ctime": 1424296275.7443285,
                                        "perm": 16877,
                                        "mtime": 1408460107.0,
                                        "size": 4096
                                    }
                                }
                            },
                            "deserializer": "directory",
                            "stat": {
                                "uid": 0,
                                "gid": 0,
                                "ctime": 1424296275.7443285,
                                "perm": 16877,
                                "mtime": 1408460106.0,
                                "size": 4096
                            }
                        }
                    },
                    "deserializer": "directory",
                    "stat": {
                        "uid": 0,
                        "gid": 0,
                        "ctime": 1424296275.7443285,
                        "perm": 16877,
                        "mtime": 1408460106.0,
                        "size": 4096
                    }
                },
                "lib": {
                    "file": {
                        "x86_64-linux-gnu": {
                            "file": {
                                "libaccounts-qt5.so.1.2": {
                                    "file": "libaccounts-qt5.so.1.2.0",
                                    "deserializer": "symlink",
                                    "stat": {
                                        "uid": 0,
                                        "gid": 0,
                                        "ctime": 1424296275.7443285,
                                        "perm": 41471,
                                        "mtime": 1424296275.7443285,