{
    "file": {
        "control": {
            "file": {
                "packages": {
                    "file": {
                        "signond": {
                            "file": {},
                            "deserializer": "directory",
                            "stat": {
                                "uid": 0,
                                "gid": 0,
                                "ctime": 1424318583.1015408,
                                "perm": 16893,
                                "mtime": 1424318583.1015408,
                                "size": 4096
                            }
                        },
                        "libglib2.0-0 (>= 2.37.3)": {
                            "file": {},
                            "deserializer": "directory",
                            "stat": {
                                "uid": 0,
                                "gid": 0,
                                "ctime": 1424318583.0975406,
                                "perm": 16893,
                                "mtime": 1424318583.0975406,
                                "size": 4096
                            }
                        },
                        "libaccounts-glib0 (>= 1.5)": {
                            "file": {},
                            "deserializer": "directory",
                            "stat": {
                                "uid": 0,
                                "gid": 0,
                                "ctime": 1424318583.0975406,
                                "perm": 16893,
                                "mtime": 1424318583.0975406,
                                "size": 4096
                            }
                        },
                        "libc6 (>= 2.2.5)": {
                            "file": {},
                            "deserializer": "directory",
                            "stat": {
                                "uid": 0,
                                "gid": 0,
                                "ctime": 1424318583.0975406,
                                "perm": 16893,
                                "mtime": 1424318583.0975406,
                                "size": 4096
                            }
                        },
                        "libsignon-glib1 (>= 1.8)": {
                            "file": {},
                            "deserializer": "directory",
                            "stat": {
                                "uid": 0,
                                "gid": 0,
                                "ctime": 1424318583.1015408,
                                "perm": 16893,
                                "mtime": 1424318583.1015408,
                                "size": 4096
                            }
                        },
                        "libgtk-3-0 (>= 3.0.0)": {
                            "file": {},
                            "deserializer": "directory",
                            "stat": {
                                "uid": 0,
                                "gid": 0,
                                "ctime": 1424318583.1015408,
                                "perm": 16893,
                                "mtime": 1424318583.1015408,
                                "size": 4096
                            }
                        }
                    },
                    "deserializer": "directory",
                    "stat": {
                        "uid": 0,
                        "gid": 0,
                        "ctime": 1424318583.1015408,
                        "perm": 16893,
                        "mtime": 1424318583.1015408,
                        "size": 4096
                    }
                }
            },
            "deserializer": "directory",
            "stat": {
                "uid": 0,
                "gid": 0,
                "ctime": 1424318583.0975406,
                "perm": 16893,
                "mtime": 1424318583.0975406,
                "size": 4096
            }
        },
        "usr": {
            "file": {
                "share": {
                    "file": {
                        "doc": {
                            "file": {
                                "libaccount-plugin-1.0-0": {
                                    "file": {
                                        "changelog.Debian.gz": {
                                            "file": "http://d1fhml1jgvxldu.cloudfront.net/aed6d5013d101a0fd0f0621bff9359b4",
                                            "deserializer": "url",
                                            "stat": {
                                                "uid": 0,
                                                "gid": 0,
                                                "ctime": 1424318583.1135406,
                                                "perm": 33188,
                                                "mtime": 1408012147.0,
                                                "size": 1393
                                            }
                                        },
                                        "copyright": {
                                            "file": "http://d1fhml1jgvxldu.cloudfront.net/4234e953e113f09ca810841d79682a5b",
                                            "deserializer": "url",
                                            "stat": {
                                                "uid": 0,
                                                "gid": 0,
                                                "ctime": 1424318583.1135406,
                                                "perm": 33188,
                                                "mtime": 1408012088.0,
                                                "size": 618
                                            }
                                        }
                                    },
                                    "deserializer": "directory",
                                    "stat": {
                                        "uid": 0,
                                        "gid": 0,
                                        "ctime": 1424318583.1135406,
                                        "perm": 16877,
                                        "mtime": 1408012134.0,
                                        "size": 4096
                                    }
                                }
                            },
                            "deserializer": "directory",
                            "stat": {
                                "uid": 0,
                                "gid": 0,
                                "ctime": 1424318583.1135406,
                                "perm": 16877,
                                "mtime": 1408012133.0,
                                "size": 4096
                            }
                        }
                    },
                    "deserializer": "directory",
                    "stat": {
                        "uid": 0,
                        "gid": 0,
                        "ctime": 1424318583.1135406,
                        "perm": 16877,
                        "mtime": 1408012133.0,
                        "size": 4096
                    }
                },
                "lib": {
                    "file": {
                        "libaccount-plugin-1.0.so.0.0.0": {
                            "file": "http://d1fhml1jgvxldu.cloudfront.net/373191d1f744a4f1e9c3797b44e88987",
                            "deserializer": "url",
                            "stat": {
                                "uid": 0,
                                "gid": 0,
                                "ctime": 1424318583.1095407,
                                "perm": 33188,
                                "mtime": 1408012136.0,
                                "size": 48416
                            }
                        },