{
    "file": {
        "control": {
            "file": {
                "packages": {
                    "file": {
                        "libxau6": {
                            "file": {},
                            "deserializer": "directory",
                            "stat": {
                                "uid": 0,
                                "gid": 0,
                                "ctime": 1424329955.074256,
                                "perm": 16893,
                                "mtime": 1424329955.074256,
                                "size": 4096
                            }
                        },
                        "libc6 (>= 2.15)": {
                            "file": {},
                            "deserializer": "directory",
                            "stat": {
                                "uid": 0,
                                "gid": 0,
                                "ctime": 1424329955.074256,
                                "perm": 16893,
                                "mtime": 1424329955.074256,
                                "size": 4096
                            }
                        },
                        "libxt6": {
                            "file": {},
                            "deserializer": "directory",
                            "stat": {
                                "uid": 0,
                                "gid": 0,
                                "ctime": 1424329955.074256,
                                "perm": 16893,
                                "mtime": 1424329955.074256,
                                "size": 4096
                            }
                        }
                    },
                    "deserializer": "directory",
                    "stat": {
                        "uid": 0,
                        "gid": 0,
                        "ctime": 1424329955.074256,
                        "perm": 16893,
                        "mtime": 1424329955.074256,
                        "size": 4096
                    }
                }
            },
            "deserializer": "directory",
            "stat": {
                "uid": 0,
                "gid": 0,
                "ctime": 1424329955.074256,
                "perm": 16893,
                "mtime": 1424329955.074256,
                "size": 4096
            }
        },
        "usr": {
            "file": {
                "share": {
                    "file": {
                        "doc": {
                            "file": {
                                "libaudio2": {
                                    "file": {
                                        "README.gz": {
                                            "file": "http://d1fhml1jgvxldu.cloudfront.net/3416d9970dd9941f1c6c73eb1ed0436f",
                                            "deserializer": "url",
                                            "stat": {
                                                "uid": 0,
                                                "gid": 0,
                                                "ctime": 1424329955.0862558,
                                                "perm": 33188,
                                                "mtime": 1382365327.0,
                                                "size": 4323
                                            }
                                        },
                                        "FAQ.gz": {
                                            "file": "http://d1fhml1jgvxldu.cloudfront.net/c2a23171bdbba19fcc8bda47d3205e6c",
                                            "deserializer": "url",
                                            "stat": {
                                                "uid": 0,
                                                "gid": 0,
                                                "ctime": 1424329955.0822558,
                                                "perm": 33188,
                                                "mtime": 1382365327.0,
                                                "size": 1633
                                            }
                                        },
                                        "copyright": {
                                            "file": "http://d1fhml1jgvxldu.cloudfront.net/997b955a5dbaa7dec4179db924d541b3",
                                            "deserializer": "url",
                                            "stat": {
                                                "uid": 0,
                                                "gid": 0,
                                                "ctime": 1424329955.0862558,
                                                "perm": 33188,
                                                "mtime": 1382365327.0,
                                                "size": 1972
                                            }
                                        },
                                        "changelog.Debian.gz": {
                                            "file": "http://d1fhml1jgvxldu.cloudfront.net/49f2cda25a80ec49cbd3bafa3456e45e",
                                            "deserializer": "url",
                                            "stat": {
                                                "uid": 0,
                                                "gid": 0,
                                                "ctime": 1424329955.0862558,
                                                "perm": 33188,
                                                "mtime": 1382365335.0,
                                                "size": 1524
                                            }
                                        },
                                        "TODO.gz": {
                                            "file": "http://d1fhml1jgvxldu.cloudfront.net/4bddf4f40d3f9c6cf6263fe2e0eb4012",
                                            "deserializer": "url",
                                            "stat": {
                                                "uid": 0,
                                                "gid": 0,
                                                "ctime": 1424329955.0862558,
                                                "perm": 33188,
                                                "mtime": 1382365327.0,
                                                "size": 564
                                            }
                                        }
                                    },
                                    "deserializer": "directory",
                                    "stat": {
                                        "uid": 0,
                                        "gid": 0,
                                        "ctime": 1424329955.094256,
                                        "perm": 16877,
                                        "mtime": 1382365335.0,
                                        "size": 4096
                                    }
                                }
                            },
                            "deserializer": "directory",
                            "stat": {
                                "uid": 0,
                                "gid": 0,
                                "ctime": 1424329955.094256,
                                "perm": 16877,
                                "mtime": 1382365324.0,
                                "size": 4096
                            }
                        },
                        "libaudio2": {
                            "file": {
                                "AuErrorDB": {
                                    "file": "http://d1fhml1jgvxldu.cloudfront.net/597d1d606286748f0bafd3f122f1ea69",
                                    "deserializer": "url",
                                    "stat": {
                                        "uid": 0,