{
    "file": {
        "control": {
            "file": {
                "packages": {
                    "file": {
                        "perlapi-5.20.0": {
                            "file": {},
                            "deserializer": "directory",
                            "stat": {
                                "uid": 0,
                                "gid": 0,
                                "ctime": 1424304316.1235955,
                                "perm": 16893,
                                "mtime": 1424304316.1235955,
                                "size": 4096
                            }
                        },
                        "libc6 (>= 2.14)": {
                            "file": {},
                            "deserializer": "directory",
                            "stat": {
                                "uid": 0,
                                "gid": 0,
                                "ctime": 1424304316.1235955,
                                "perm": 16893,
                                "mtime": 1424304316.1235955,
                                "size": 4096
                            }
                        },
                        "libalgorithm-diff-perl": {
                            "file": {},
                            "deserializer": "directory",
                            "stat": {
                                "uid": 0,
                                "gid": 0,
                                "ctime": 1424304316.1235955,
                                "perm": 16893,
                                "mtime": 1424304316.1235955,
                                "size": 4096
                            }
                        },
                        "perl (>= 5.20.0-4)": {
                            "file": {},
                            "deserializer": "directory",
                            "stat": {
                                "uid": 0,
                                "gid": 0,
                                "ctime": 1424304316.1235955,
                                "perm": 16893,
                                "mtime": 1424304316.1235955,
                                "size": 4096
                            }
                        }
                    },
                    "deserializer": "directory",
                    "stat": {
                        "uid": 0,
                        "gid": 0,
                        "ctime": 1424304316.1235955,
                        "perm": 16893,
                        "mtime": 1424304316.1235955,
                        "size": 4096
                    }
                }
            },
            "deserializer": "directory",
            "stat": {
                "uid": 0,
                "gid": 0,
                "ctime": 1424304316.1235955,
                "perm": 16893,
                "mtime": 1424304316.1235955,
                "size": 4096
            }
        },
        "usr": {
            "file": {
                "share": {
                    "file": {
                        "doc": {
                            "file": {
                                "libalgorithm-diff-xs-perl": {
                                    "file": {
                                        "changelog.Debian.gz": {
                                            "file": "http://d1fhml1jgvxldu.cloudfront.net/17e9e02b8fb74f48302687818cd4e13c",
                                            "deserializer": "url",
                                            "stat": {
                                                "uid": 0,
                                                "gid": 0,
                                                "ctime": 1424304316.1355956,
                                                "perm": 33188,
                                                "mtime": 1408467023.0,
                                                "size": 840
                                            }
                                        },
                                        "copyright": {
                                            "file": "http://d1fhml1jgvxldu.cloudfront.net/bcd0815a038944c5243c5e85d4c75786",
                                            "deserializer": "url",
                                            "stat": {
                                                "uid": 0,
                                                "gid": 0,
                                                "ctime": 1424304316.1355956,
                                                "perm": 33188,
                                                "mtime": 1393928907.0,
                                                "size": 1604
                                            }
                                        }
                                    },
                                    "deserializer": "directory",
                                    "stat": {
                                        "uid": 0,
                                        "gid": 0,
                                        "ctime": 1424304316.1395955,
                                        "perm": 16877,
                                        "mtime": 1408467384.0,
                                        "size": 4096
                                    }
                                }
                            },
                            "deserializer": "directory",
                            "stat": {
                                "uid": 0,
                                "gid": 0,
                                "ctime": 1424304316.1395955,
                                "perm": 16877,
                                "mtime": 1408467383.0,
                                "size": 4096
                            }
                        },
                        "man": {
                            "file": {
                                "man3": {
                                    "file": {
                                        "Algorithm::Diff::XS.3pm.gz": {
                                            "file": "http://d1fhml1jgvxldu.cloudfront.net/8f08f73ef2b94506d24add56676b5bda",
                                            "deserializer": "url",
                                            "stat": {
                                                "uid": 0,
                                                "gid": 0,
                                                "ctime": 1424304316.1395955,
                                                "perm": 33188,
                                                "mtime": 1408467383.0,
                                                "size": 2560
                                            }
                                        }
                                    },
                                    "deserializer": "directory",
                                    "stat": {
                                        "uid": 0,
                                        "gid": 0,
                                        "ctime": 1424304316.1395955,
                                        "perm": 16877,
                                        "mtime": 1408467384.0,
                                        "size": 4096
                                    }
                                }
                            },
                            "deserializer": "directory",
                            "stat": {
                                "uid": 0,
                                "gid": 0,
                                "ctime": 1424304316.1395955,
                                "perm": 16877,
                                "mtime": 1408467383.0,
                                "size": 4096
                            }
                        }
                    },
                    "deserializer": "directory",
                    "stat": {
                        "uid": 0,
                        "gid": 0,