{
    "file": {
        "control": {
            "file": {
                "packages": {
                    "file": {
                        "libatk1.0-data (= 2.12.0-1ubuntu2)": {
                            "file": {},
                            "deserializer": "directory",
                            "stat": {
                                "uid": 0,
                                "gid": 0,
                                "ctime": 1424297084.9624512,
                                "perm": 16893,
                                "mtime": 1424297084.9624512,
                                "size": 4096
                            }
                        },
                        "libglib2.0-0 (>= 2.41.1)": {
                            "file": {},
                            "deserializer": "directory",
                            "stat": {
                                "uid": 0,
                                "gid": 0,
                                "ctime": 1424297084.9624512,
                                "perm": 16893,
                                "mtime": 1424297084.9624512,
                                "size": 4096
                            }
                        },
                        "libc6 (>= 2.4)": {
                            "file": {},
                            "deserializer": "directory",
                            "stat": {
                                "uid": 0,
                                "gid": 0,
                                "ctime": 1424297084.9624512,
                                "perm": 16893,
                                "mtime": 1424297084.9624512,
                                "size": 4096
                            }
                        }
                    },
                    "deserializer": "directory",
                    "stat": {
                        "uid": 0,
                        "gid": 0,
                        "ctime": 1424297084.9624512,
                        "perm": 16893,
                        "mtime": 1424297084.9624512,
                        "size": 4096
                    }
                }
            },
            "deserializer": "directory",
            "stat": {
                "uid": 0,
                "gid": 0,
                "ctime": 1424297084.9624512,
                "perm": 16893,
                "mtime": 1424297084.9624512,
                "size": 4096
            }
        },
        "usr": {
            "file": {
                "share": {
                    "file": {
                        "doc": {
                            "file": {
                                "libatk1.0-0": {
                                    "file": {
                                        "README": {
                                            "file": "http://d1fhml1jgvxldu.cloudfront.net/17231178a2d7228a7e82746f0acd116f",
                                            "deserializer": "url",
                                            "stat": {
                                                "uid": 0,
                                                "gid": 0,
                                                "ctime": 1424297084.9904513,
                                                "perm": 33188,
                                                "mtime": 1384797417.0,
                                                "size": 1639
                                            }
                                        },
                                        "copyright": {
                                            "file": "http://d1fhml1jgvxldu.cloudfront.net/b9cccf47a1700092620a0e6579806e84",
                                            "deserializer": "url",
                                            "stat": {
                                                "uid": 0,
                                                "gid": 0,
                                                "ctime": 1424297084.9904513,
                                                "perm": 33188,
                                                "mtime": 1401837065.0,
                                                "size": 1158
                                            }
                                        },
                                        "NEWS.gz": {
                                            "file": "http://d1fhml1jgvxldu.cloudfront.net/200047e331ca721db2c82fdbaecc73a1",
                                            "deserializer": "url",
                                            "stat": {
                                                "uid": 0,
                                                "gid": 0,
                                                "ctime": 1424297084.9904513,
                                                "perm": 33188,
                                                "mtime": 1395680901.0,
                                                "size": 11520
                                            }
                                        },
                                        "changelog.Debian.gz": {
                                            "file": "http://d1fhml1jgvxldu.cloudfront.net/837d877862d8109a7c79545a47a15931",
                                            "deserializer": "url",
                                            "stat": {
                                                "uid": 0,
                                                "gid": 0,
                                                "ctime": 1424297084.9864514,
                                                "perm": 33188,
                                                "mtime": 1413924285.0,
                                                "size": 927
                                            }
                                        },
                                        "AUTHORS": {
                                            "file": "http://d1fhml1jgvxldu.cloudfront.net/958da912e7806f047a9d5ae48ca3d54f",
                                            "deserializer": "url",
                                            "stat": {
                                                "uid": 0,
                                                "gid": 0,
                                                "ctime": 1424297084.9904513,
                                                "perm": 33188,
                                                "mtime": 1386606798.0,
                                                "size": 534
                                            }
                                        }
                                    },
                                    "deserializer": "directory",
                                    "stat": {
                                        "uid": 0,
                                        "gid": 0,
                                        "ctime": 1424297084.9904513,
                                        "perm": 16877,
                                        "mtime": 1413924285.0,
                                        "size": 4096
                                    }
                                }
                            },
                            "deserializer": "directory",
                            "stat": {
                                "uid": 0,
                                "gid": 0,
                                "ctime": 1424297084.9904513,
                                "perm": 16877,
                                "mtime": 1413924266.0,
                                "size": 4096
                            }
                        }
                    },
                    "deserializer": "directory",
                    "stat": {
                        "uid": 0,
                        "gid": 0,
                        "ctime": 1424297084.9904513,
                        "perm": 16877,
                        "mtime": 1413924266.0,