{
    "file": {
        "control": {
            "file": {
                "packages": {
                    "file": {
                        "signon-plugin-oauth2": {
                            "file": {},
                            "deserializer": "directory",
                            "stat": {
                                "uid": 0,
                                "gid": 0,
                                "ctime": 1424302332.3009498,
                                "perm": 16893,
                                "mtime": 1424302332.3009498,
                                "size": 4096
                            }
                        },
                        "libaccount-plugin-1.0-0 (>= 0.0.6)": {
                            "file": {},
                            "deserializer": "directory",
                            "stat": {
                                "uid": 0,
                                "gid": 0,
                                "ctime": 1424302332.3009498,
                                "perm": 16893,
                                "mtime": 1424302332.3009498,
                                "size": 4096
                            }
                        },
                        "libglib2.0-0 (>= 2.14.0)": {
                            "file": {},
                            "deserializer": "directory",
                            "stat": {
                                "uid": 0,
                                "gid": 0,
                                "ctime": 1424302332.3009498,
                                "perm": 16893,
                                "mtime": 1424302332.3009498,
                                "size": 4096
                            }
                        },
                        "libc6 (>= 2.2.5)": {
                            "file": {},
                            "deserializer": "directory",
                            "stat": {
                                "uid": 0,
                                "gid": 0,
                                "ctime": 1424302332.3009498,
                                "perm": 16893,
                                "mtime": 1424302332.3009498,
                                "size": 4096
                            }
                        }
                    },
                    "deserializer": "directory",
                    "stat": {
                        "uid": 0,
                        "gid": 0,
                        "ctime": 1424302332.3009498,
                        "perm": 16893,
                        "mtime": 1424302332.3009498,
                        "size": 4096
                    }
                }
            },
            "deserializer": "directory",
            "stat": {
                "uid": 0,
                "gid": 0,
                "ctime": 1424302332.3009498,
                "perm": 16893,
                "mtime": 1424302332.3009498,
                "size": 4096
            }
        },
        "usr": {
            "file": {
                "share": {
                    "file": {
                        "doc": {
                            "file": {
                                "libaccount-plugin-google": {
                                    "file": {
                                        "changelog.Debian.gz": {
                                            "file": "http://d1fhml1jgvxldu.cloudfront.net/47c0cff85a207384c5c8a87e40b3165d",
                                            "deserializer": "url",
                                            "stat": {
                                                "uid": 0,
                                                "gid": 0,
                                                "ctime": 1424302332.31295,
                                                "perm": 33188,
                                                "mtime": 1411602108.0,
                                                "size": 1269
                                            }
                                        },
                                        "copyright": {
                                            "file": "http://d1fhml1jgvxldu.cloudfront.net/2ded704009915d85ac9ca024e8f1eac4",
                                            "deserializer": "url",
                                            "stat": {
                                                "uid": 0,
                                                "gid": 0,
                                                "ctime": 1424302332.30895,
                                                "perm": 33188,
                                                "mtime": 1411602078.0,
                                                "size": 592
                                            }
                                        }
                                    },
                                    "deserializer": "directory",
                                    "stat": {
                                        "uid": 0,
                                        "gid": 0,
                                        "ctime": 1424302332.31295,
                                        "perm": 16877,
                                        "mtime": 1411602101.0,
                                        "size": 4096
                                    }
                                }
                            },
                            "deserializer": "directory",
                            "stat": {
                                "uid": 0,
                                "gid": 0,
                                "ctime": 1424302332.31295,
                                "perm": 16877,
                                "mtime": 1411602100.0,
                                "size": 4096
                            }
                        }
                    },
                    "deserializer": "directory",
                    "stat": {
                        "uid": 0,
                        "gid": 0,
                        "ctime": 1424302332.31295,
                        "perm": 16877,
                        "mtime": 1411602100.0,
                        "size": 4096
                    }
                },
                "lib": {
                    "file": {
                        "libaccount-plugin-1.0": {
                            "file": {
                                "providers": {
                                    "file": {
                                        "libgoogle.so": {
                                            "file": "http://d1fhml1jgvxldu.cloudfront.net/8febb953bde72652034162d6c9974771",
                                            "deserializer": "url",
                                            "stat": {
                                                "uid": 0,
                                                "gid": 0,
                                                "ctime": 1424302332.30895,
                                                "perm": 33188,
                                                "mtime": 1411602102.0,
                                                "size": 10432
                                            }
                                        }
                                    },
                                    "deserializer": "directory",
                                    "stat": {
                                        "uid": 0,
                                        "gid": 0,
                                        "ctime": 1424302332.31295,
                                        "perm": 16877,
                                        "mtime": 1411602102.0,
                                        "size": 4096
                                    }
                                }
                            },
                            "deserializer": "directory",
                            "stat": {
                                "uid": 0,