{
    "stat": {
        "perm": 16877,
        "uid": 0,
        "gid": 0,
        "ctime": 1777906376.6112134,
        "mtime": 1730127772.0,
        "size": 20
    },
    "deserializer": "directory",
    "file": {
        "control": {
            "stat": {
                "perm": 16893,
                "uid": 0,
                "gid": 0,
                "ctime": 1777906376.6072133,
                "mtime": 1777906376.6072133,
                "size": 16
            },
            "deserializer": "directory",
            "file": {
                "packages": {
                    "stat": {
                        "perm": 16893,
                        "uid": 0,
                        "gid": 0,
                        "ctime": 1777906376.6072133,
                        "mtime": 1777906376.6072133,
                        "size": 30
                    },
                    "deserializer": "directory",
                    "file": {
                        "libc6 (>= 2.38)": {
                            "stat": {
                                "perm": 16893,
                                "uid": 0,
                                "gid": 0,
                                "ctime": 1777906376.6072133,
                                "mtime": 1777906376.6072133,
                                "size": 0
                            },
                            "deserializer": "directory",
                            "file": {}
                        }
                    }
                }
            }
        },
        "usr": {
            "stat": {
                "perm": 16877,
                "uid": 0,
                "gid": 0,
                "ctime": 1777906376.6112134,
                "mtime": 1730127772.0,
                "size": 16
            },
            "deserializer": "directory",
            "file": {
                "lib": {
                    "stat": {
                        "perm": 16877,
                        "uid": 0,
                        "gid": 0,
                        "ctime": 1777906376.6112134,
                        "mtime": 1730127772.0,
                        "size": 32
                    },
                    "deserializer": "directory",
                    "file": {
                        "x86_64-linux-gnu": {
                            "stat": {
                                "perm": 16877,
                                "uid": 0,
                                "gid": 0,
                                "ctime": 1777906376.6112134,
                                "mtime": 1730127772.0,
                                "size": 58
                            },
                            "deserializer": "directory",
                            "file": {
                                "libacl.so.1.1.2302": {
                                    "stat": {
                                        "perm": 33188,
                                        "uid": 0,
                                        "gid": 0,
                                        "ctime": 1777906376.6072133,
                                        "mtime": 1730127772.0,
                                        "size": 38832
                                    },
                                    "deserializer": "url",
                                    "file": "/blobs/3c03774961231d8485a4dba36ec359a95939a84719799c58cd26173e44bbde90"
                                },
                                "libacl.so.1": {
                                    "stat": {
                                        "perm": 41471,
                                        "uid": 0,
                                        "gid": 0,
                                        "ctime": 1777906376.6112134,
                                        "mtime": 1777906376.6112134,
                                        "size": 18
                                    },
                                    "deserializer": "symlink",
                                    "file": "libacl.so.1.1.2302"
                                }
                            }
                        }
                    }
                },
                "share": {
                    "stat": {
                        "perm": 16877,
                        "uid": 0,
                        "gid": 0,
                        "ctime": 1777906376.6112134,
                        "mtime": 1730127772.0,
                        "size": 20
                    },
                    "deserializer": "directory",
                    "file": {
                        "doc": {
                            "stat": {
                                "perm": 16877,
                                "uid": 0,
                                "gid": 0,
                                "ctime": 1777906376.6112134,
                                "mtime": 1730127772.0,
                                "size": 14
                            },
                            "deserializer": "directory",
                            "file": {
                                "libacl1": {
                                    "stat": {
                                        "perm": 16877,
                                        "uid": 0,
                                        "gid": 0,
                                        "ctime": 1777906376.6112134,
                                        "mtime": 1730127772.0,
                                        "size": 130
                                    },
                                    "deserializer": "directory",
                                    "file": {
                                        "changelog.Debian.amd64.gz": {
                                            "stat": {
                                                "perm": 33188,
                                                "uid": 0,
                                                "gid": 0,
                                                "ctime": 1777906376.6112134,
                                                "mtime": 1730127772.0,
                                                "size": 224
                                            },
                                            "deserializer": "url",
                                            "file": "/blobs/a85535e01535afed208fffd92080a77fc14a144c89e57123addc1a1a1e51e764"
                                        },
                                        "changelog.Debian.gz": {
                                            "stat": {
                                                "perm": 33188,
                                                "uid": 0,
                                                "gid": 0,
                                                "ctime": 1777906376.6112134,
                                                "mtime": 1730127772.0,
                                                "size": 7925
                                            },
                                            "deserializer": "url",
                                            "file": "/blobs/b8a1631956b2142ba5010d0371afb530eac85cef5e06b31d5db1598a955230a5"
                                        },
                                        "changelog.gz": {
                                            "stat": {
                                                "perm": 33188,
                                                "uid": 0,
                                                "gid": 0,
                                                "ctime": 1777906376.6112134,
                                                "mtime": 1262999080.0,
                                                "size": 8296
                                            },
                                            "deserializer": "url",