{
    "file": {
        "control": {
            "file": {
                "packages": {
                    "file": {
                        "libatk-bridge2.0-0 (>= 2.5.3)": {
                            "file": {},
                            "deserializer": "directory",
                            "stat": {
                                "uid": 0,
                                "gid": 0,
                                "ctime": 1424315254.0879955,
                                "perm": 16893,
                                "mtime": 1424315254.0879955,
                                "size": 4096
                            }
                        },
                        "libc6 (>= 2.2.5)": {
                            "file": {},
                            "deserializer": "directory",
                            "stat": {
                                "uid": 0,
                                "gid": 0,
                                "ctime": 1424315254.0879955,
                                "perm": 16893,
                                "mtime": 1424315254.0879955,
                                "size": 4096
                            }
                        },
                        "libglib2.0-0 (>= 2.12.0)": {
                            "file": {},
                            "deserializer": "directory",
                            "stat": {
                                "uid": 0,
                                "gid": 0,
                                "ctime": 1424315254.0879955,
                                "perm": 16893,
                                "mtime": 1424315254.0879955,
                                "size": 4096
                            }
                        }
                    },
                    "deserializer": "directory",
                    "stat": {
                        "uid": 0,
                        "gid": 0,
                        "ctime": 1424315254.0879955,
                        "perm": 16893,
                        "mtime": 1424315254.0879955,
                        "size": 4096
                    }
                }
            },
            "deserializer": "directory",
            "stat": {
                "uid": 0,
                "gid": 0,
                "ctime": 1424315254.0879955,
                "perm": 16893,
                "mtime": 1424315254.0879955,
                "size": 4096
            }
        },
        "usr": {
            "file": {
                "share": {
                    "file": {
                        "doc": {
                            "file": {
                                "libatk-adaptor": {
                                    "file": {
                                        "README": {
                                            "file": "http://d1fhml1jgvxldu.cloudfront.net/916e996389758209422477140187ac44",
                                            "deserializer": "url",
                                            "stat": {
                                                "uid": 0,
                                                "gid": 0,
                                                "ctime": 1424315254.1039956,
                                                "perm": 33188,
                                                "mtime": 1380310436.0,
                                                "size": 2754
                                            }
                                        },
                                        "NEWS.gz": {
                                            "file": "http://d1fhml1jgvxldu.cloudfront.net/9a083cecc18b02f90117e1b9128016e6",
                                            "deserializer": "url",
                                            "stat": {
                                                "uid": 0,
                                                "gid": 0,
                                                "ctime": 1424315254.1039956,
                                                "perm": 33188,
                                                "mtime": 1397511748.0,
                                                "size": 4966
                                            }
                                        },
                                        "changelog.Debian.gz": {
                                            "file": "../libatk-bridge2.0-0/changelog.Debian.gz",
                                            "deserializer": "symlink",
                                            "stat": {
                                                "uid": 0,
                                                "gid": 0,
                                                "ctime": 1424315254.1039956,
                                                "perm": 41471,
                                                "mtime": 1424315254.1039956,
                                                "size": 41
                                            }
                                        },
                                        "copyright": {
                                            "file": "http://d1fhml1jgvxldu.cloudfront.net/62e9131aa4dc2b1567d917bfa94eacda",
                                            "deserializer": "url",
                                            "stat": {
                                                "uid": 0,
                                                "gid": 0,
                                                "ctime": 1424315254.1039956,
                                                "perm": 33188,
                                                "mtime": 1413259698.0,
                                                "size": 6379
                                            }
                                        }
                                    },
                                    "deserializer": "directory",
                                    "stat": {
                                        "uid": 0,
                                        "gid": 0,
                                        "ctime": 1424315254.1039956,
                                        "perm": 16877,
                                        "mtime": 1413282485.0,
                                        "size": 4096
                                    }
                                }
                            },
                            "deserializer": "directory",
                            "stat": {
                                "uid": 0,
                                "gid": 0,
                                "ctime": 1424315254.1039956,
                                "perm": 16877,
                                "mtime": 1413282474.0,
                                "size": 4096
                            }
                        }
                    },
                    "deserializer": "directory",
                    "stat": {
                        "uid": 0,
                        "gid": 0,
                        "ctime": 1424315254.1039956,
                        "perm": 16877,
                        "mtime": 1413282474.0,
                        "size": 4096
                    }
                },
                "lib": {
                    "file": {
                        "unity-settings-daemon-1.0": {
                            "file": {
                                "gtk-modules": {
                                    "file": {
                                        "at-spi2-atk.desktop": {
                                            "file": "http://d1fhml1jgvxldu.cloudfront.net/34900bd11562f427776ed2c05ba6002d",
                                            "deserializer": "url",
                                            "stat": {
                                                "uid": 0,
                                                "gid": 0,
                                                "ctime": 1424315254.0999956,