{
    "file": {
        "control": {
            "file": {
                "packages": {
                    "file": {
                        "zlib1g (>= 1:1.1.4)": {
                            "file": {},
                            "deserializer": "directory",
                            "stat": {
                                "uid": 0,
                                "gid": 0,
                                "ctime": 1424302405.5411777,
                                "perm": 16893,
                                "mtime": 1424302405.5411777,
                                "size": 4096
                            }
                        },
                        "liblzma5 (>= 5.1.1alpha+20120614)": {
                            "file": {},
                            "deserializer": "directory",
                            "stat": {
                                "uid": 0,
                                "gid": 0,
                                "ctime": 1424302405.5411777,
                                "perm": 16893,
                                "mtime": 1424302405.5411777,
                                "size": 4096
                            }
                        },
                        "libnettle4 (>= 2.3)": {
                            "file": {},
                            "deserializer": "directory",
                            "stat": {
                                "uid": 0,
                                "gid": 0,
                                "ctime": 1424302405.5411777,
                                "perm": 16893,
                                "mtime": 1424302405.5411777,
                                "size": 4096
                            }
                        },
                        "liblzo2-2": {
                            "file": {},
                            "deserializer": "directory",
                            "stat": {
                                "uid": 0,
                                "gid": 0,
                                "ctime": 1424302405.5411777,
                                "perm": 16893,
                                "mtime": 1424302405.5411777,
                                "size": 4096
                            }
                        },
                        "libattr1 (>= 1:2.4.46-8)": {
                            "file": {},
                            "deserializer": "directory",
                            "stat": {
                                "uid": 0,
                                "gid": 0,
                                "ctime": 1424302405.5411777,
                                "perm": 16893,
                                "mtime": 1424302405.5411777,
                                "size": 4096
                            }
                        },
                        "libbz2-1.0": {
                            "file": {},
                            "deserializer": "directory",
                            "stat": {
                                "uid": 0,
                                "gid": 0,
                                "ctime": 1424302405.5411777,
                                "perm": 16893,
                                "mtime": 1424302405.5411777,
                                "size": 4096
                            }
                        },
                        "libxml2 (>= 2.7.4)": {
                            "file": {},
                            "deserializer": "directory",
                            "stat": {
                                "uid": 0,
                                "gid": 0,
                                "ctime": 1424302405.5411777,
                                "perm": 16893,
                                "mtime": 1424302405.5411777,
                                "size": 4096
                            }
                        },
                        "libc6 (>= 2.16)": {
                            "file": {},
                            "deserializer": "directory",
                            "stat": {
                                "uid": 0,
                                "gid": 0,
                                "ctime": 1424302405.5411777,
                                "perm": 16893,
                                "mtime": 1424302405.5411777,
                                "size": 4096
                            }
                        }
                    },
                    "deserializer": "directory",
                    "stat": {
                        "uid": 0,
                        "gid": 0,
                        "ctime": 1424302405.5411777,
                        "perm": 16893,
                        "mtime": 1424302405.5411777,
                        "size": 4096
                    }
                }
            },
            "deserializer": "directory",
            "stat": {
                "uid": 0,
                "gid": 0,
                "ctime": 1424302405.5411777,
                "perm": 16893,
                "mtime": 1424302405.5411777,
                "size": 4096
            }
        },
        "usr": {
            "file": {
                "share": {
                    "file": {
                        "lintian": {
                            "file": {
                                "overrides": {
                                    "file": {
                                        "libarchive13": {
                                            "file": "http://d1fhml1jgvxldu.cloudfront.net/26ddfed9857b0b377cf8a19ca255cd3c",
                                            "deserializer": "url",
                                            "stat": {
                                                "uid": 0,
                                                "gid": 0,
                                                "ctime": 1424302405.6091778,
                                                "perm": 33188,
                                                "mtime": 1407531338.0,
                                                "size": 124
                                            }
                                        }
                                    },
                                    "deserializer": "directory",
                                    "stat": {
                                        "uid": 0,
                                        "gid": 0,
                                        "ctime": 1424302405.6091778,
                                        "perm": 16877,
                                        "mtime": 1409223869.0,
                                        "size": 4096
                                    }
                                }
                            },
                            "deserializer": "directory",
                            "stat": {
                                "uid": 0,
                                "gid": 0,
                                "ctime": 1424302405.6091778,
                                "perm": 16877,
                                "mtime": 1409223869.0,
                                "size": 4096
                            }
                        },
                        "doc": {
                            "file": {
                                "libarchive13": {
                                    "file": {
                                        "changelog.Debian.gz": {
                                            "file": "http://d1fhml1jgvxldu.cloudfront.net/79da716a918359637906311b83da2c4e",
                                            "deserializer": "url",
                                            "stat": {
                                                "uid": 0,
                                                "gid": 0,
                                                "ctime": 1424302405.6091778,
                                                "perm": 33188,