{
    "file": {
        "control": {
            "file": {
                "packages": {
                    "file": {
                        "signon-plugin-oauth2": {
                            "file": {},
                            "deserializer": "directory",
                            "stat": {
                                "uid": 0,
                                "gid": 0,
                                "ctime": 1424324076.675133,
                                "perm": 16893,
                                "mtime": 1424324076.675133,
                                "size": 4096
                            }
                        },
                        "libaccount-plugin-1.0-0 (>= 0.0.1)": {
                            "file": {},
                            "deserializer": "directory",
                            "stat": {
                                "uid": 0,
                                "gid": 0,
                                "ctime": 1424324076.675133,
                                "perm": 16893,
                                "mtime": 1424324076.675133,
                                "size": 4096
                            }
                        },
                        "libglib2.0-0 (>= 2.14.0)": {
                            "file": {},
                            "deserializer": "directory",
                            "stat": {
                                "uid": 0,
                                "gid": 0,
                                "ctime": 1424324076.675133,
                                "perm": 16893,
                                "mtime": 1424324076.675133,
                                "size": 4096
                            }
                        },
                        "libc6 (>= 2.2.5)": {
                            "file": {},
                            "deserializer": "directory",
                            "stat": {
                                "uid": 0,
                                "gid": 0,
                                "ctime": 1424324076.675133,
                                "perm": 16893,
                                "mtime": 1424324076.675133,
                                "size": 4096
                            }
                        }
                    },
                    "deserializer": "directory",
                    "stat": {
                        "uid": 0,
                        "gid": 0,
                        "ctime": 1424324076.675133,
                        "perm": 16893,
                        "mtime": 1424324076.675133,
                        "size": 4096
                    }
                }
            },
            "deserializer": "directory",
            "stat": {
                "uid": 0,
                "gid": 0,
                "ctime": 1424324076.675133,
                "perm": 16893,
                "mtime": 1424324076.675133,
                "size": 4096
            }
        },
        "usr": {
            "file": {
                "share": {
                    "file": {
                        "doc": {
                            "file": {
                                "libaccount-plugin-generic-oauth": {
                                    "file": {
                                        "changelog.Debian.gz": {
                                            "file": "http://d1fhml1jgvxldu.cloudfront.net/b32e7c94bf91939d70f0b94d921d2e4c",
                                            "deserializer": "url",
                                            "stat": {
                                                "uid": 0,
                                                "gid": 0,
                                                "ctime": 1424324076.687133,
                                                "perm": 33188,
                                                "mtime": 1411602106.0,
                                                "size": 1274
                                            }
                                        },
                                        "copyright": {
                                            "file": "http://d1fhml1jgvxldu.cloudfront.net/2ded704009915d85ac9ca024e8f1eac4",
                                            "deserializer": "url",
                                            "stat": {
                                                "uid": 0,
                                                "gid": 0,
                                                "ctime": 1424324076.687133,
                                                "perm": 33188,
                                                "mtime": 1411602078.0,
                                                "size": 592
                                            }
                                        }
                                    },
                                    "deserializer": "directory",
                                    "stat": {
                                        "uid": 0,
                                        "gid": 0,
                                        "ctime": 1424324076.687133,
                                        "perm": 16877,
                                        "mtime": 1411602101.0,
                                        "size": 4096
                                    }
                                }
                            },
                            "deserializer": "directory",
                            "stat": {
                                "uid": 0,
                                "gid": 0,
                                "ctime": 1424324076.687133,
                                "perm": 16877,
                                "mtime": 1411602100.0,
                                "size": 4096
                            }
                        }
                    },
                    "deserializer": "directory",
                    "stat": {
                        "uid": 0,
                        "gid": 0,
                        "ctime": 1424324076.687133,
                        "perm": 16877,
                        "mtime": 1411602100.0,
                        "size": 4096
                    }
                },
                "lib": {
                    "file": {
                        "libaccount-plugin-1.0": {
                            "file": {
                                "providers": {
                                    "file": {
                                        "libgeneric-oauth.so": {
                                            "file": "http://d1fhml1jgvxldu.cloudfront.net/aa1812d8d2fc624d8743f7a1bfcdf6cf",
                                            "deserializer": "url",
                                            "stat": {
                                                "uid": 0,
                                                "gid": 0,
                                                "ctime": 1424324076.6831331,
                                                "perm": 33188,
                                                "mtime": 1411602102.0,
                                                "size": 6232
                                            }
                                        }
                                    },
                                    "deserializer": "directory",
                                    "stat": {
                                        "uid": 0,
                                        "gid": 0,
                                        "ctime": 1424324076.687133,
                                        "perm": 16877,
                                        "mtime": 1411602102.0,
                                        "size": 4096
                                    }
                                }
                            },
                            "deserializer": "directory",
                            "stat": {
                                "uid": 0,