{
    "stat": {
        "perm": 16877,
        "uid": 0,
        "gid": 0,
        "ctime": 1777906376.6712165,
        "mtime": 1740133751.0,
        "size": 26
    },
    "deserializer": "directory",
    "file": {
        "control": {
            "stat": {
                "perm": 16893,
                "uid": 0,
                "gid": 0,
                "ctime": 1777906376.6672163,
                "mtime": 1777906376.6672163,
                "size": 16
            },
            "deserializer": "directory",
            "file": {
                "packages": {
                    "stat": {
                        "perm": 16893,
                        "uid": 0,
                        "gid": 0,
                        "ctime": 1777906376.6672163,
                        "mtime": 1777906376.6672163,
                        "size": 28
                    },
                    "deserializer": "directory",
                    "file": {
                        "libc6 (>= 2.4)": {
                            "stat": {
                                "perm": 16893,
                                "uid": 0,
                                "gid": 0,
                                "ctime": 1777906376.6672163,
                                "mtime": 1777906376.6672163,
                                "size": 0
                            },
                            "deserializer": "directory",
                            "file": {}
                        }
                    }
                }
            }
        },
        "etc": {
            "stat": {
                "perm": 16877,
                "uid": 0,
                "gid": 0,
                "ctime": 1777906376.6712165,
                "mtime": 1740133751.0,
                "size": 20
            },
            "deserializer": "directory",
            "file": {
                "xattr.conf": {
                    "stat": {
                        "perm": 33188,
                        "uid": 0,
                        "gid": 0,
                        "ctime": 1777906376.6672163,
                        "mtime": 1740133751.0,
                        "size": 681
                    },
                    "deserializer": "url",
                    "file": "/blobs/0fc794a9826011c88b118c5ff4e30dfcbebd73518e64b0cda7aaec3ad7e578bd"
                }
            }
        },
        "usr": {
            "stat": {
                "perm": 16877,
                "uid": 0,
                "gid": 0,
                "ctime": 1777906376.6712165,
                "mtime": 1740133751.0,
                "size": 16
            },
            "deserializer": "directory",
            "file": {
                "lib": {
                    "stat": {
                        "perm": 16877,
                        "uid": 0,
                        "gid": 0,
                        "ctime": 1777906376.6712165,
                        "mtime": 1740133751.0,
                        "size": 32
                    },
                    "deserializer": "directory",
                    "file": {
                        "x86_64-linux-gnu": {
                            "stat": {
                                "perm": 16877,
                                "uid": 0,
                                "gid": 0,
                                "ctime": 1777906376.6712165,
                                "mtime": 1740133751.0,
                                "size": 62
                            },
                            "deserializer": "directory",
                            "file": {
                                "libattr.so.1.1.2502": {
                                    "stat": {
                                        "perm": 33188,
                                        "uid": 0,
                                        "gid": 0,
                                        "ctime": 1777906376.6672163,
                                        "mtime": 1740133751.0,
                                        "size": 26544
                                    },
                                    "deserializer": "url",
                                    "file": "/blobs/126e29f16f4a6da5cad9a0d9cf1cc817089ee41645a8581d19691a1b9a581172"
                                },
                                "libattr.so.1": {
                                    "stat": {
                                        "perm": 41471,
                                        "uid": 0,
                                        "gid": 0,
                                        "ctime": 1777906376.6712165,
                                        "mtime": 1777906376.6712165,
                                        "size": 19
                                    },
                                    "deserializer": "symlink",
                                    "file": "libattr.so.1.1.2502"
                                }
                            }
                        }
                    }
                },
                "share": {
                    "stat": {
                        "perm": 16877,
                        "uid": 0,
                        "gid": 0,
                        "ctime": 1777906376.6712165,
                        "mtime": 1740133751.0,
                        "size": 20
                    },
                    "deserializer": "directory",
                    "file": {
                        "doc": {
                            "stat": {
                                "perm": 16877,
                                "uid": 0,
                                "gid": 0,
                                "ctime": 1777906376.6712165,
                                "mtime": 1740133751.0,
                                "size": 16
                            },
                            "deserializer": "directory",
                            "file": {
                                "libattr1": {
                                    "stat": {
                                        "perm": 16877,
                                        "uid": 0,
                                        "gid": 0,
                                        "ctime": 1777906376.6712165,
                                        "mtime": 1740133751.0,
                                        "size": 80
                                    },
                                    "deserializer": "directory",
                                    "file": {
                                        "changelog.Debian.gz": {
                                            "stat": {
                                                "perm": 33188,
                                                "uid": 0,
                                                "gid": 0,
                                                "ctime": 1777906376.6712165,
                                                "mtime": 1740133751.0,
                                                "size": 8404
                                            },
                                            "deserializer": "url",
                                            "file": "/blobs/97a08babe5ab4e645caf23ae7f7bcc8e92903dd7dfb79f9e44153824fe9136c8"
                                        },
                                        "changelog.gz": {
                                            "stat": {
                                                "perm": 33188,
                                                "uid": 0,
                                                "gid": 0,
                                                "ctime": 1777906376.6712165,
                                                "mtime": 1235518630.0,
                                                "size": 5039
                                            },
                                            "deserializer": "url",