{
    "file": {
        "control": {
            "file": {
                "packages": {
                    "file": {
                        "libdbusmenu-gtk3-4 (>= 0.4.2)": {
                            "file": {},
                            "deserializer": "directory",
                            "stat": {
                                "uid": 0,
                                "gid": 0,
                                "ctime": 1424318086.4514294,
                                "perm": 16893,
                                "mtime": 1424318086.4514294,
                                "size": 4096
                            }
                        },
                        "libgtk-3-0 (>= 3.0.0)": {
                            "file": {},
                            "deserializer": "directory",
                            "stat": {
                                "uid": 0,
                                "gid": 0,
                                "ctime": 1424318086.4514294,
                                "perm": 16893,
                                "mtime": 1424318086.4514294,
                                "size": 4096
                            }
                        },
                        "libdbusmenu-glib4 (>= 0.4.2)": {
                            "file": {},
                            "deserializer": "directory",
                            "stat": {
                                "uid": 0,
                                "gid": 0,
                                "ctime": 1424318086.4514294,
                                "perm": 16893,
                                "mtime": 1424318086.4514294,
                                "size": 4096
                            }
                        },
                        "libglib2.0-0 (>= 2.37.3)": {
                            "file": {},
                            "deserializer": "directory",
                            "stat": {
                                "uid": 0,
                                "gid": 0,
                                "ctime": 1424318086.4514294,
                                "perm": 16893,
                                "mtime": 1424318086.4514294,
                                "size": 4096
                            }
                        },
                        "libindicator3-7 (>= 0.4.90)": {
                            "file": {},
                            "deserializer": "directory",
                            "stat": {
                                "uid": 0,
                                "gid": 0,
                                "ctime": 1424318086.4554296,
                                "perm": 16893,
                                "mtime": 1424318086.4554296,
                                "size": 4096
                            }
                        },
                        "libc6 (>= 2.4)": {
                            "file": {},
                            "deserializer": "directory",
                            "stat": {
                                "uid": 0,
                                "gid": 0,
                                "ctime": 1424318086.4514294,
                                "perm": 16893,
                                "mtime": 1424318086.4514294,
                                "size": 4096
                            }
                        }
                    },
                    "deserializer": "directory",
                    "stat": {
                        "uid": 0,
                        "gid": 0,
                        "ctime": 1424318086.4554296,
                        "perm": 16893,
                        "mtime": 1424318086.4554296,
                        "size": 4096
                    }
                }
            },
            "deserializer": "directory",
            "stat": {
                "uid": 0,
                "gid": 0,
                "ctime": 1424318086.4514294,
                "perm": 16893,
                "mtime": 1424318086.4514294,
                "size": 4096
            }
        },
        "usr": {
            "file": {
                "share": {
                    "file": {
                        "doc": {
                            "file": {
                                "libappindicator3-1": {
                                    "file": {
                                        "changelog.Debian.gz": {
                                            "file": "http://d1fhml1jgvxldu.cloudfront.net/8a6b73e03581135585232ee5a4547ec9",
                                            "deserializer": "url",
                                            "stat": {
                                                "uid": 0,
                                                "gid": 0,
                                                "ctime": 1424318086.4674294,
                                                "perm": 33188,
                                                "mtime": 1416330799.0,
                                                "size": 1043
                                            }
                                        },
                                        "copyright": {
                                            "file": "http://d1fhml1jgvxldu.cloudfront.net/d594c96fc90ee8c8134a0b63c78d506b",
                                            "deserializer": "url",
                                            "stat": {
                                                "uid": 0,
                                                "gid": 0,
                                                "ctime": 1424318086.4674294,
                                                "perm": 33188,
                                                "mtime": 1416330647.0,
                                                "size": 675
                                            }
                                        }
                                    },
                                    "deserializer": "directory",
                                    "stat": {
                                        "uid": 0,
                                        "gid": 0,
                                        "ctime": 1424318086.4674294,
                                        "perm": 16877,
                                        "mtime": 1416330777.0,
                                        "size": 4096
                                    }
                                }
                            },
                            "deserializer": "directory",
                            "stat": {
                                "uid": 0,
                                "gid": 0,
                                "ctime": 1424318086.4674294,
                                "perm": 16877,
                                "mtime": 1416330776.0,
                                "size": 4096
                            }
                        }
                    },
                    "deserializer": "directory",
                    "stat": {
                        "uid": 0,
                        "gid": 0,
                        "ctime": 1424318086.4674294,
                        "perm": 16877,
                        "mtime": 1416330776.0,
                        "size": 4096
                    }
                },
                "lib": {
                    "file": {
                        "x86_64-linux-gnu": {
                            "file": {
                                "libappindicator3.so.1.0.0": {
                                    "file": "http://d1fhml1jgvxldu.cloudfront.net/cec2787e5768a120368602f796dd6055",
                                    "deserializer": "url",
                                    "stat": {
                                        "uid": 0,
                                        "gid": 0,
                                        "ctime": 1424318086.4634295,
                                        "perm": 33188,