{
    "file": {
        "control": {
            "file": {
                "packages": {
                    "file": {
                        "libslang2 (>= 2.2.4)": {
                            "file": {},
                            "deserializer": "directory",
                            "stat": {
                                "uid": 0,
                                "gid": 0,
                                "ctime": 1424327662.6586103,
                                "perm": 16893,
                                "mtime": 1424327662.6586103,
                                "size": 4096
                            }
                        },
                        "libtinfo5": {
                            "file": {},
                            "deserializer": "directory",
                            "stat": {
                                "uid": 0,
                                "gid": 0,
                                "ctime": 1424327662.6586103,
                                "perm": 16893,
                                "mtime": 1424327662.6586103,
                                "size": 4096
                            }
                        },
                        "libncurses5 (>= 5.5-5~)": {
                            "file": {},
                            "deserializer": "directory",
                            "stat": {
                                "uid": 0,
                                "gid": 0,
                                "ctime": 1424327662.6586103,
                                "perm": 16893,
                                "mtime": 1424327662.6586103,
                                "size": 4096
                            }
                        },
                        "libgpm2 (>= 1.20.4)": {
                            "file": {},
                            "deserializer": "directory",
                            "stat": {
                                "uid": 0,
                                "gid": 0,
                                "ctime": 1424327662.6586103,
                                "perm": 16893,
                                "mtime": 1424327662.6586103,
                                "size": 4096
                            }
                        },
                        "libx11-6": {
                            "file": {},
                            "deserializer": "directory",
                            "stat": {
                                "uid": 0,
                                "gid": 0,
                                "ctime": 1424327662.6586103,
                                "perm": 16893,
                                "mtime": 1424327662.6586103,
                                "size": 4096
                            }
                        },
                        "libc6 (>= 2.15)": {
                            "file": {},
                            "deserializer": "directory",
                            "stat": {
                                "uid": 0,
                                "gid": 0,
                                "ctime": 1424327662.6586103,
                                "perm": 16893,
                                "mtime": 1424327662.6586103,
                                "size": 4096
                            }
                        }
                    },
                    "deserializer": "directory",
                    "stat": {
                        "uid": 0,
                        "gid": 0,
                        "ctime": 1424327662.6586103,
                        "perm": 16893,
                        "mtime": 1424327662.6586103,
                        "size": 4096
                    }
                }
            },
            "deserializer": "directory",
            "stat": {
                "uid": 0,
                "gid": 0,
                "ctime": 1424327662.6586103,
                "perm": 16893,
                "mtime": 1424327662.6586103,
                "size": 4096
            }
        },
        "usr": {
            "file": {
                "share": {
                    "file": {
                        "doc": {
                            "file": {
                                "libaa1": {
                                    "file": {
                                        "README": {
                                            "file": "http://d1fhml1jgvxldu.cloudfront.net/32ac0a498a751c3b85b3b9922702ac7d",
                                            "deserializer": "url",
                                            "stat": {
                                                "uid": 0,
                                                "gid": 0,
                                                "ctime": 1424327662.6786106,
                                                "perm": 33188,
                                                "mtime": 988295851.0,
                                                "size": 3604
                                            }
                                        },
                                        "copyright": {
                                            "file": "http://d1fhml1jgvxldu.cloudfront.net/7fec45270953e5e2f7b061047b84530b",
                                            "deserializer": "url",
                                            "stat": {
                                                "uid": 0,
                                                "gid": 0,
                                                "ctime": 1424327662.6786106,
                                                "perm": 33188,
                                                "mtime": 1406412604.0,
                                                "size": 1929
                                            }
                                        },
                                        "NEWS.gz": {
                                            "file": "http://d1fhml1jgvxldu.cloudfront.net/f032c6e36186f6c5f4635be2a316736e",
                                            "deserializer": "url",
                                            "stat": {
                                                "uid": 0,
                                                "gid": 0,
                                                "ctime": 1424327662.6786106,
                                                "perm": 33188,
                                                "mtime": 988295872.0,
                                                "size": 449
                                            }
                                        },
                                        "changelog.Debian.gz": {
                                            "file": "http://d1fhml1jgvxldu.cloudfront.net/b6f3cd86c058b0a48ed70f57c0d51ab3",
                                            "deserializer": "url",
                                            "stat": {
                                                "uid": 0,
                                                "gid": 0,
                                                "ctime": 1424327662.6786106,
                                                "perm": 33188,
                                                "mtime": 1406437979.0,
                                                "size": 1263
                                            }
                                        },
                                        "AUTHORS": {
                                            "file": "http://d1fhml1jgvxldu.cloudfront.net/793af2083bd6c22c08f32d920b6efdc3",
                                            "deserializer": "url",
                                            "stat": {
                                                "uid": 0,
                                                "gid": 0,
                                                "ctime": 1424327662.6786106,
                                                "perm": 33188,