{
    "stat": {
        "perm": 16877,
        "uid": 0,
        "gid": 0,
        "ctime": 1777906377.3832526,
        "mtime": 1724082111.0,
        "size": 20
    },
    "deserializer": "directory",
    "file": {
        "control": {
            "stat": {
                "perm": 16893,
                "uid": 0,
                "gid": 0,
                "ctime": 1777906377.3792524,
                "mtime": 1777906377.3792524,
                "size": 16
            },
            "deserializer": "directory",
            "file": {
                "packages": {
                    "stat": {
                        "perm": 16893,
                        "uid": 0,
                        "gid": 0,
                        "ctime": 1777906377.3792524,
                        "mtime": 1777906377.3792524,
                        "size": 28
                    },
                    "deserializer": "directory",
                    "file": {
                        "libc6 (>= 2.4)": {
                            "stat": {
                                "perm": 16893,
                                "uid": 0,
                                "gid": 0,
                                "ctime": 1777906377.3792524,
                                "mtime": 1777906377.3792524,
                                "size": 0
                            },
                            "deserializer": "directory",
                            "file": {}
                        }
                    }
                }
            }
        },
        "usr": {
            "stat": {
                "perm": 16877,
                "uid": 0,
                "gid": 0,
                "ctime": 1777906377.3832526,
                "mtime": 1724082111.0,
                "size": 16
            },
            "deserializer": "directory",
            "file": {
                "lib": {
                    "stat": {
                        "perm": 16877,
                        "uid": 0,
                        "gid": 0,
                        "ctime": 1777906377.3832526,
                        "mtime": 1724082111.0,
                        "size": 32
                    },
                    "deserializer": "directory",
                    "file": {
                        "x86_64-linux-gnu": {
                            "stat": {
                                "perm": 16877,
                                "uid": 0,
                                "gid": 0,
                                "ctime": 1777906377.3832526,
                                "mtime": 1724082111.0,
                                "size": 78
                            },
                            "deserializer": "directory",
                            "file": {
                                "libbz2.so.1.0.4": {
                                    "stat": {
                                        "perm": 33188,
                                        "uid": 0,
                                        "gid": 0,
                                        "ctime": 1777906377.3792524,
                                        "mtime": 1724082111.0,
                                        "size": 74688
                                    },
                                    "deserializer": "url",
                                    "file": "/blobs/c630f057efedc12f848710d71f40283895591e5b4608539f387895c64e0553da"
                                },
                                "libbz2.so.1": {
                                    "stat": {
                                        "perm": 41471,
                                        "uid": 0,
                                        "gid": 0,
                                        "ctime": 1777906377.3792524,
                                        "mtime": 1777906377.3792524,
                                        "size": 15
                                    },
                                    "deserializer": "symlink",
                                    "file": "libbz2.so.1.0.4"
                                },
                                "libbz2.so.1.0": {
                                    "stat": {
                                        "perm": 41471,
                                        "uid": 0,
                                        "gid": 0,
                                        "ctime": 1777906377.3792524,
                                        "mtime": 1777906377.3792524,
                                        "size": 15
                                    },
                                    "deserializer": "symlink",
                                    "file": "libbz2.so.1.0.4"
                                }
                            }
                        }
                    }
                },
                "share": {
                    "stat": {
                        "perm": 16877,
                        "uid": 0,
                        "gid": 0,
                        "ctime": 1777906377.3792524,
                        "mtime": 1724082111.0,
                        "size": 6
                    },
                    "deserializer": "directory",
                    "file": {
                        "doc": {
                            "stat": {
                                "perm": 16877,
                                "uid": 0,
                                "gid": 0,
                                "ctime": 1777906377.3792524,
                                "mtime": 1724082111.0,
                                "size": 20
                            },
                            "deserializer": "directory",
                            "file": {
                                "libbz2-1.0": {
                                    "stat": {
                                        "perm": 16877,
                                        "uid": 0,
                                        "gid": 0,
                                        "ctime": 1777906377.3792524,
                                        "mtime": 1724082111.0,
                                        "size": 80
                                    },
                                    "deserializer": "directory",
                                    "file": {
                                        "changelog.Debian.gz": {
                                            "stat": {
                                                "perm": 33188,
                                                "uid": 0,
                                                "gid": 0,
                                                "ctime": 1777906377.3792524,
                                                "mtime": 1724082111.0,
                                                "size": 1463
                                            },
                                            "deserializer": "url",
                                            "file": "/blobs/675c010cb688d8518c8ec297bae1a972eab21760a8008b9ee1a07431b62a03e1"
                                        },
                                        "changelog.gz": {
                                            "stat": {
                                                "perm": 33188,
                                                "uid": 0,
                                                "gid": 0,
                                                "ctime": 1777906377.3792524,
                                                "mtime": 1563040205.0,
                                                "size": 5624
                                            },
                                            "deserializer": "url",
                                            "file": "/blobs/33da383b2e4ee02eb5c955a60d49927a1e79ce24b22371414e3ba3f33469480b"
                                        },