{
    "file": {
        "control": {
            "file": {
                "packages": {
                    "file": {
                        "libgcc1 (>= 1:4.1.1)": {
                            "file": {},
                            "deserializer": "directory",
                            "stat": {
                                "uid": 0,
                                "gid": 0,
                                "ctime": 1424327876.2482457,
                                "perm": 16893,
                                "mtime": 1424327876.2482457,
                                "size": 4096
                            }
                        },
                        "libc6 (>= 2.4)": {
                            "file": {},
                            "deserializer": "directory",
                            "stat": {
                                "uid": 0,
                                "gid": 0,
                                "ctime": 1424327876.2482457,
                                "perm": 16893,
                                "mtime": 1424327876.2482457,
                                "size": 4096
                            }
                        },
                        "libstdc++6 (>= 4.1.1)": {
                            "file": {},
                            "deserializer": "directory",
                            "stat": {
                                "uid": 0,
                                "gid": 0,
                                "ctime": 1424327876.2482457,
                                "perm": 16893,
                                "mtime": 1424327876.2482457,
                                "size": 4096
                            }
                        }
                    },
                    "deserializer": "directory",
                    "stat": {
                        "uid": 0,
                        "gid": 0,
                        "ctime": 1424327876.2482457,
                        "perm": 16893,
                        "mtime": 1424327876.2482457,
                        "size": 4096
                    }
                }
            },
            "deserializer": "directory",
            "stat": {
                "uid": 0,
                "gid": 0,
                "ctime": 1424327876.2482457,
                "perm": 16893,
                "mtime": 1424327876.2482457,
                "size": 4096
            }
        },
        "usr": {
            "file": {
                "share": {
                    "file": {
                        "lintian": {
                            "file": {
                                "overrides": {
                                    "file": {
                                        "libboost-system1.54.0": {
                                            "file": "http://d1fhml1jgvxldu.cloudfront.net/ff7477005cde43fd2e19055921cdb9b8",
                                            "deserializer": "url",
                                            "stat": {
                                                "uid": 0,
                                                "gid": 0,
                                                "ctime": 1424327876.2602458,
                                                "perm": 33188,
                                                "mtime": 1399132993.0,
                                                "size": 57
                                            }
                                        }
                                    },
                                    "deserializer": "directory",
                                    "stat": {
                                        "uid": 0,
                                        "gid": 0,
                                        "ctime": 1424327876.2642457,
                                        "perm": 16877,
                                        "mtime": 1399133476.0,
                                        "size": 4096
                                    }
                                }
                            },
                            "deserializer": "directory",
                            "stat": {
                                "uid": 0,
                                "gid": 0,
                                "ctime": 1424327876.2642457,
                                "perm": 16877,
                                "mtime": 1399133476.0,
                                "size": 4096
                            }
                        },
                        "doc": {
                            "file": {
                                "libboost-system1.54.0": {
                                    "file": {
                                        "changelog.Debian.gz": {
                                            "file": "http://d1fhml1jgvxldu.cloudfront.net/5d3f2ed40ba251a73c852c07d35c2795",
                                            "deserializer": "url",
                                            "stat": {
                                                "uid": 0,
                                                "gid": 0,
                                                "ctime": 1424327876.2642457,
                                                "perm": 33188,
                                                "mtime": 1399133900.0,
                                                "size": 2245
                                            }
                                        },
                                        "copyright": {
                                            "file": "http://d1fhml1jgvxldu.cloudfront.net/e66425771863c34de39265516529d049",
                                            "deserializer": "url",
                                            "stat": {
                                                "uid": 0,
                                                "gid": 0,
                                                "ctime": 1424327876.2602458,
                                                "perm": 33188,
                                                "mtime": 1393643161.0,
                                                "size": 6883
                                            }
                                        }
                                    },
                                    "deserializer": "directory",
                                    "stat": {
                                        "uid": 0,
                                        "gid": 0,
                                        "ctime": 1424327876.2642457,
                                        "perm": 16877,
                                        "mtime": 1399133482.0,
                                        "size": 4096
                                    }
                                }
                            },
                            "deserializer": "directory",
                            "stat": {
                                "uid": 0,
                                "gid": 0,
                                "ctime": 1424327876.2642457,
                                "perm": 16877,
                                "mtime": 1399133473.0,
                                "size": 4096
                            }
                        }
                    },
                    "deserializer": "directory",
                    "stat": {
                        "uid": 0,
                        "gid": 0,
                        "ctime": 1424327876.2642457,
                        "perm": 16877,
                        "mtime": 1399133476.0,
                        "size": 4096
                    }
                },
                "lib": {
                    "file": {
                        "x86_64-linux-gnu": {
                            "file": {
                                "libboost_system.so.1.54.0": {
                                    "file": "http://d1fhml1jgvxldu.cloudfront.net/3401e4ae089a46aa254995f16d8b642b",