{
    "file": {
        "control": {
            "file": {
                "packages": {
                    "file": {
                        "libstdc++6 (>= 4.6)": {
                            "file": {},
                            "deserializer": "directory",
                            "stat": {
                                "uid": 0,
                                "gid": 0,
                                "ctime": 1424320598.630951,
                                "perm": 16893,
                                "mtime": 1424320598.630951,
                                "size": 4096
                            }
                        },
                        "libgcc1 (>= 1:4.1.1)": {
                            "file": {},
                            "deserializer": "directory",
                            "stat": {
                                "uid": 0,
                                "gid": 0,
                                "ctime": 1424320598.630951,
                                "perm": 16893,
                                "mtime": 1424320598.630951,
                                "size": 4096
                            }
                        },
                        "libc6 (>= 2.2.5)": {
                            "file": {},
                            "deserializer": "directory",
                            "stat": {
                                "uid": 0,
                                "gid": 0,
                                "ctime": 1424320598.630951,
                                "perm": 16893,
                                "mtime": 1424320598.630951,
                                "size": 4096
                            }
                        }
                    },
                    "deserializer": "directory",
                    "stat": {
                        "uid": 0,
                        "gid": 0,
                        "ctime": 1424320598.630951,
                        "perm": 16893,
                        "mtime": 1424320598.630951,
                        "size": 4096
                    }
                }
            },
            "deserializer": "directory",
            "stat": {
                "uid": 0,
                "gid": 0,
                "ctime": 1424320598.630951,
                "perm": 16893,
                "mtime": 1424320598.630951,
                "size": 4096
            }
        },
        "usr": {
            "file": {
                "share": {
                    "file": {
                        "lintian": {
                            "file": {
                                "overrides": {
                                    "file": {
                                        "libboost-date-time1.54.0": {
                                            "file": "http://d1fhml1jgvxldu.cloudfront.net/500e1452f08a34e612bd8371ae94bc21",
                                            "deserializer": "url",
                                            "stat": {
                                                "uid": 0,
                                                "gid": 0,
                                                "ctime": 1424320598.6469512,
                                                "perm": 33188,
                                                "mtime": 1399132993.0,
                                                "size": 60
                                            }
                                        }
                                    },
                                    "deserializer": "directory",
                                    "stat": {
                                        "uid": 0,
                                        "gid": 0,
                                        "ctime": 1424320598.6509511,
                                        "perm": 16877,
                                        "mtime": 1399133476.0,
                                        "size": 4096
                                    }
                                }
                            },
                            "deserializer": "directory",
                            "stat": {
                                "uid": 0,
                                "gid": 0,
                                "ctime": 1424320598.6509511,
                                "perm": 16877,
                                "mtime": 1399133476.0,
                                "size": 4096
                            }
                        },
                        "doc": {
                            "file": {
                                "libboost-date-time1.54.0": {
                                    "file": {
                                        "changelog.Debian.gz": {
                                            "file": "http://d1fhml1jgvxldu.cloudfront.net/da93d0657757e11e7dbd66c2eb9771c3",
                                            "deserializer": "url",
                                            "stat": {
                                                "uid": 0,
                                                "gid": 0,
                                                "ctime": 1424320598.6509511,
                                                "perm": 33188,
                                                "mtime": 1399133751.0,
                                                "size": 2248
                                            }
                                        },
                                        "copyright": {
                                            "file": "http://d1fhml1jgvxldu.cloudfront.net/e66425771863c34de39265516529d049",
                                            "deserializer": "url",
                                            "stat": {
                                                "uid": 0,
                                                "gid": 0,
                                                "ctime": 1424320598.6469512,
                                                "perm": 33188,
                                                "mtime": 1393643161.0,
                                                "size": 6883
                                            }
                                        }
                                    },
                                    "deserializer": "directory",
                                    "stat": {
                                        "uid": 0,
                                        "gid": 0,
                                        "ctime": 1424320598.6509511,
                                        "perm": 16877,
                                        "mtime": 1399133481.0,
                                        "size": 4096
                                    }
                                }
                            },
                            "deserializer": "directory",
                            "stat": {
                                "uid": 0,
                                "gid": 0,
                                "ctime": 1424320598.6509511,
                                "perm": 16877,
                                "mtime": 1399133472.0,
                                "size": 4096
                            }
                        }
                    },
                    "deserializer": "directory",
                    "stat": {
                        "uid": 0,
                        "gid": 0,
                        "ctime": 1424320598.6509511,
                        "perm": 16877,
                        "mtime": 1399133476.0,
                        "size": 4096
                    }
                },
                "lib": {
                    "file": {
                        "x86_64-linux-gnu": {
                            "file": {
                                "libboost_date_time.so.1.54.0": {
                                    "file": "http://d1fhml1jgvxldu.cloudfront.net/50a5d60294d96013d3553ee9071f7f06",