{
    "file": {
        "control": {
            "file": {
                "packages": {
                    "file": {
                        "libisccfg90": {
                            "file": {},
                            "deserializer": "directory",
                            "stat": {
                                "uid": 0,
                                "gid": 0,
                                "ctime": 1424303583.1615105,
                                "perm": 16893,
                                "mtime": 1424303583.1615105,
                                "size": 4096
                            }
                        },
                        "libdns100": {
                            "file": {},
                            "deserializer": "directory",
                            "stat": {
                                "uid": 0,
                                "gid": 0,
                                "ctime": 1424303583.1615105,
                                "perm": 16893,
                                "mtime": 1424303583.1615105,
                                "size": 4096
                            }
                        },
                        "libc6 (>= 2.4)": {
                            "file": {},
                            "deserializer": "directory",
                            "stat": {
                                "uid": 0,
                                "gid": 0,
                                "ctime": 1424303583.1615105,
                                "perm": 16893,
                                "mtime": 1424303583.1615105,
                                "size": 4096
                            }
                        },
                        "libisc95": {
                            "file": {},
                            "deserializer": "directory",
                            "stat": {
                                "uid": 0,
                                "gid": 0,
                                "ctime": 1424303583.1615105,
                                "perm": 16893,
                                "mtime": 1424303583.1615105,
                                "size": 4096
                            }
                        }
                    },
                    "deserializer": "directory",
                    "stat": {
                        "uid": 0,
                        "gid": 0,
                        "ctime": 1424303583.1615105,
                        "perm": 16893,
                        "mtime": 1424303583.1615105,
                        "size": 4096
                    }
                }
            },
            "deserializer": "directory",
            "stat": {
                "uid": 0,
                "gid": 0,
                "ctime": 1424303583.1615105,
                "perm": 16893,
                "mtime": 1424303583.1615105,
                "size": 4096
            }
        },
        "usr": {
            "file": {
                "share": {
                    "file": {
                        "doc": {
                            "file": {
                                "libbind9-90": {
                                    "file": {
                                        "changelog.Debian.gz": {
                                            "file": "../libdns100/changelog.Debian.gz",
                                            "deserializer": "symlink",
                                            "stat": {
                                                "uid": 0,
                                                "gid": 0,
                                                "ctime": 1424303583.1775105,
                                                "perm": 41471,
                                                "mtime": 1424303583.1775105,
                                                "size": 32
                                            }
                                        },
                                        "copyright": {
                                            "file": "http://d1fhml1jgvxldu.cloudfront.net/892bf811938a6b4767f4dc54c8dd1d2d",
                                            "deserializer": "url",
                                            "stat": {
                                                "uid": 0,
                                                "gid": 0,
                                                "ctime": 1424303583.1775105,
                                                "perm": 33188,
                                                "mtime": 1418151474.0,
                                                "size": 5927
                                            }
                                        }
                                    },
                                    "deserializer": "directory",
                                    "stat": {
                                        "uid": 0,
                                        "gid": 0,
                                        "ctime": 1424303583.1775105,
                                        "perm": 16877,
                                        "mtime": 1418152017.0,
                                        "size": 4096
                                    }
                                }
                            },
                            "deserializer": "directory",
                            "stat": {
                                "uid": 0,
                                "gid": 0,
                                "ctime": 1424303583.1775105,
                                "perm": 16877,
                                "mtime": 1418151976.0,
                                "size": 4096
                            }
                        }
                    },
                    "deserializer": "directory",
                    "stat": {
                        "uid": 0,
                        "gid": 0,
                        "ctime": 1424303583.1775105,
                        "perm": 16877,
                        "mtime": 1418151976.0,
                        "size": 4096
                    }
                },
                "lib": {
                    "file": {
                        "libbind9.so.90": {
                            "file": "libbind9.so.90.0.9",
                            "deserializer": "symlink",
                            "stat": {
                                "uid": 0,
                                "gid": 0,
                                "ctime": 1424303583.1775105,
                                "perm": 41471,
                                "mtime": 1424303583.1775105,
                                "size": 18
                            }
                        },
                        "libbind9.so.90.0.9": {
                            "file": "http://d1fhml1jgvxldu.cloudfront.net/e65e6a6a0e3b8edf4d5a51e44d356056",
                            "deserializer": "url",
                            "stat": {
                                "uid": 0,
                                "gid": 0,
                                "ctime": 1424303583.1775105,
                                "perm": 33188,
                                "mtime": 1418151982.0,
                                "size": 55080
                            }
                        }
                    },
                    "deserializer": "directory",
                    "stat": {
                        "uid": 0,
                        "gid": 0,
                        "ctime": 1424303583.1775105,
                        "perm": 16877,
                        "mtime": 1418151982.0,
                        "size": 4096
                    }
                }
            },
            "deserializer": "directory",
            "stat": {
                "uid": 0,
                "gid": 0,
                "ctime": 1424303583.1775105,
                "perm": 16877,
                "mtime": 1418151977.0,