{
    "stat": {
        "perm": 16877,
        "uid": 0,
        "gid": 0,
        "ctime": 1777906380.5194101,
        "mtime": 1746831247.0,
        "size": 20
    },
    "deserializer": "directory",
    "file": {
        "control": {
            "stat": {
                "perm": 16893,
                "uid": 0,
                "gid": 0,
                "ctime": 1777906380.5114098,
                "mtime": 1777906380.5114098,
                "size": 16
            },
            "deserializer": "directory",
            "file": {
                "packages": {
                    "stat": {
                        "perm": 16893,
                        "uid": 0,
                        "gid": 0,
                        "ctime": 1777906380.5114098,
                        "mtime": 1777906380.5114098,
                        "size": 30
                    },
                    "deserializer": "directory",
                    "file": {
                        "libc6 (>= 2.38)": {
                            "stat": {
                                "perm": 16893,
                                "uid": 0,
                                "gid": 0,
                                "ctime": 1777906380.5114098,
                                "mtime": 1777906380.5114098,
                                "size": 0
                            },
                            "deserializer": "directory",
                            "file": {}
                        }
                    }
                }
            }
        },
        "usr": {
            "stat": {
                "perm": 16877,
                "uid": 0,
                "gid": 0,
                "ctime": 1777906380.5194101,
                "mtime": 1746831247.0,
                "size": 16
            },
            "deserializer": "directory",
            "file": {
                "lib": {
                    "stat": {
                        "perm": 16877,
                        "uid": 0,
                        "gid": 0,
                        "ctime": 1777906380.5194101,
                        "mtime": 1746831247.0,
                        "size": 32
                    },
                    "deserializer": "directory",
                    "file": {
                        "x86_64-linux-gnu": {
                            "stat": {
                                "perm": 16877,
                                "uid": 0,
                                "gid": 0,
                                "ctime": 1777906380.5194101,
                                "mtime": 1746831247.0,
                                "size": 60
                            },
                            "deserializer": "directory",
                            "file": {
                                "libblkid.so.1.1.0": {
                                    "stat": {
                                        "perm": 33188,
                                        "uid": 0,
                                        "gid": 0,
                                        "ctime": 1777906380.51541,
                                        "mtime": 1746831247.0,
                                        "size": 392160
                                    },
                                    "deserializer": "url",
                                    "file": "/blobs/23247e0f669d5cfe0ad0deeeabfb90ee8163a6163508e88bf04715c9a41174c9"
                                },
                                "libblkid.so.1": {
                                    "stat": {
                                        "perm": 41471,
                                        "uid": 0,
                                        "gid": 0,
                                        "ctime": 1777906380.5194101,
                                        "mtime": 1777906380.5194101,
                                        "size": 17
                                    },
                                    "deserializer": "symlink",
                                    "file": "libblkid.so.1.1.0"
                                }
                            }
                        }
                    }
                },
                "share": {
                    "stat": {
                        "perm": 16877,
                        "uid": 0,
                        "gid": 0,
                        "ctime": 1777906380.5194101,
                        "mtime": 1746831247.0,
                        "size": 20
                    },
                    "deserializer": "directory",
                    "file": {
                        "doc": {
                            "stat": {
                                "perm": 16877,
                                "uid": 0,
                                "gid": 0,
                                "ctime": 1777906380.5194101,
                                "mtime": 1746831247.0,
                                "size": 18
                            },
                            "deserializer": "directory",
                            "file": {
                                "libblkid1": {
                                    "stat": {
                                        "perm": 16877,
                                        "uid": 0,
                                        "gid": 0,
                                        "ctime": 1777906380.5194101,
                                        "mtime": 1746831247.0,
                                        "size": 108
                                    },
                                    "deserializer": "directory",
                                    "file": {
                                        "NEWS.Debian.gz": {
                                            "stat": {
                                                "perm": 33188,
                                                "uid": 0,
                                                "gid": 0,
                                                "ctime": 1777906380.51541,
                                                "mtime": 1746831247.0,
                                                "size": 465
                                            },
                                            "deserializer": "url",
                                            "file": "/blobs/ef07ba8b9e6bcc88029a15494ae958dd1195ab7a2f0c4c26098edd5f7fa1ee80"
                                        },
                                        "changelog.Debian.gz": {
                                            "stat": {
                                                "perm": 33188,
                                                "uid": 0,
                                                "gid": 0,
                                                "ctime": 1777906380.51541,
                                                "mtime": 1746831247.0,
                                                "size": 13567
                                            },
                                            "deserializer": "url",
                                            "file": "/blobs/067c79dfbbcf61d34b916d9983785746a340aa1e89cb82cd7780b2d461c42a6c"
                                        },
                                        "changelog.gz": {
                                            "stat": {
                                                "perm": 33188,
                                                "uid": 0,
                                                "gid": 0,
                                                "ctime": 1777906380.51541,
                                                "mtime": 1742302565.0,
                                                "size": 111
                                            },
                                            "deserializer": "url",