{
    "stat": {
        "perm": 16877,
        "uid": 0,
        "gid": 0,
        "ctime": 1777906378.7473214,
        "mtime": 1727856746.0,
        "size": 20
    },
    "deserializer": "directory",
    "file": {
        "control": {
            "stat": {
                "perm": 16893,
                "uid": 0,
                "gid": 0,
                "ctime": 1777906378.7433212,
                "mtime": 1777906378.7433212,
                "size": 16
            },
            "deserializer": "directory",
            "file": {
                "packages": {
                    "stat": {
                        "perm": 16893,
                        "uid": 0,
                        "gid": 0,
                        "ctime": 1777906378.7433212,
                        "mtime": 1777906378.7433212,
                        "size": 68
                    },
                    "deserializer": "directory",
                    "file": {
                        "libc6 (>= 2.38)": {
                            "stat": {
                                "perm": 16893,
                                "uid": 0,
                                "gid": 0,
                                "ctime": 1777906378.7433212,
                                "mtime": 1777906378.7433212,
                                "size": 0
                            },
                            "deserializer": "directory",
                            "file": {}
                        },
                        "libmd0 (>= 1.0.3-2)": {
                            "stat": {
                                "perm": 16893,
                                "uid": 0,
                                "gid": 0,
                                "ctime": 1777906378.7433212,
                                "mtime": 1777906378.7433212,
                                "size": 0
                            },
                            "deserializer": "directory",
                            "file": {}
                        }
                    }
                }
            }
        },
        "usr": {
            "stat": {
                "perm": 16877,
                "uid": 0,
                "gid": 0,
                "ctime": 1777906378.7473214,
                "mtime": 1727856746.0,
                "size": 16
            },
            "deserializer": "directory",
            "file": {
                "lib": {
                    "stat": {
                        "perm": 16877,
                        "uid": 0,
                        "gid": 0,
                        "ctime": 1777906378.7473214,
                        "mtime": 1727856746.0,
                        "size": 32
                    },
                    "deserializer": "directory",
                    "file": {
                        "x86_64-linux-gnu": {
                            "stat": {
                                "perm": 16877,
                                "uid": 0,
                                "gid": 0,
                                "ctime": 1777906378.7473214,
                                "mtime": 1727856746.0,
                                "size": 54
                            },
                            "deserializer": "directory",
                            "file": {
                                "libbsd.so.0.12.2": {
                                    "stat": {
                                        "perm": 33188,
                                        "uid": 0,
                                        "gid": 0,
                                        "ctime": 1777906378.7473214,
                                        "mtime": 1727856746.0,
                                        "size": 84904
                                    },
                                    "deserializer": "url",
                                    "file": "/blobs/167e3fa2b6320ce61534a48002e6d0921f61d61eae88a669c117e23ed3de9f37"
                                },
                                "libbsd.so.0": {
                                    "stat": {
                                        "perm": 41471,
                                        "uid": 0,
                                        "gid": 0,
                                        "ctime": 1777906378.7473214,
                                        "mtime": 1777906378.7473214,
                                        "size": 16
                                    },
                                    "deserializer": "symlink",
                                    "file": "libbsd.so.0.12.2"
                                }
                            }
                        }
                    }
                },
                "share": {
                    "stat": {
                        "perm": 16877,
                        "uid": 0,
                        "gid": 0,
                        "ctime": 1777906378.7473214,
                        "mtime": 1727856746.0,
                        "size": 20
                    },
                    "deserializer": "directory",
                    "file": {
                        "doc": {
                            "stat": {
                                "perm": 16877,
                                "uid": 0,
                                "gid": 0,
                                "ctime": 1777906378.7473214,
                                "mtime": 1727856746.0,
                                "size": 14
                            },
                            "deserializer": "directory",
                            "file": {
                                "libbsd0": {
                                    "stat": {
                                        "perm": 16877,
                                        "uid": 0,
                                        "gid": 0,
                                        "ctime": 1777906378.7473214,
                                        "mtime": 1727856746.0,
                                        "size": 80
                                    },
                                    "deserializer": "directory",
                                    "file": {
                                        "changelog.Debian.gz": {
                                            "stat": {
                                                "perm": 33188,
                                                "uid": 0,
                                                "gid": 0,
                                                "ctime": 1777906378.7473214,
                                                "mtime": 1727856746.0,
                                                "size": 8159
                                            },
                                            "deserializer": "url",
                                            "file": "/blobs/133a4c1d65434d0503c3d8845854fce0340192212503d511f258ebc9ddc49e93"
                                        },
                                        "changelog.gz": {
                                            "stat": {
                                                "perm": 33188,
                                                "uid": 0,
                                                "gid": 0,
                                                "ctime": 1777906378.7473214,
                                                "mtime": 1710728308.0,
                                                "size": 84925
                                            },
                                            "deserializer": "url",
                                            "file": "/blobs/40167df99b5df847b4518e0dbb1811e644a86027cbf3d3aa1e55111fb0fe7011"
                                        },
                                        "copyright": {
                                            "stat": {
                                                "perm": 33188,
                                                "uid": 0,