{
    "file": {
        "control": {
            "file": {
                "packages": {
                    "file": {
                        "libbz2-1.0": {
                            "file": {},
                            "deserializer": "directory",
                            "stat": {
                                "uid": 0,
                                "gid": 0,
                                "ctime": 1424323423.6434174,
                                "perm": 16893,
                                "mtime": 1424323423.6434174,
                                "size": 4096
                            }
                        },
                        "zlib1g (>= 1:1.1.4)": {
                            "file": {},
                            "deserializer": "directory",
                            "stat": {
                                "uid": 0,
                                "gid": 0,
                                "ctime": 1424323423.6434174,
                                "perm": 16893,
                                "mtime": 1424323423.6434174,
                                "size": 4096
                            }
                        },
                        "libstdc++6 (>= 4.2.1)": {
                            "file": {},
                            "deserializer": "directory",
                            "stat": {
                                "uid": 0,
                                "gid": 0,
                                "ctime": 1424323423.6434174,
                                "perm": 16893,
                                "mtime": 1424323423.6434174,
                                "size": 4096
                            }
                        },
                        "libgcc1 (>= 1:4.1.1)": {
                            "file": {},
                            "deserializer": "directory",
                            "stat": {
                                "uid": 0,
                                "gid": 0,
                                "ctime": 1424323423.6434174,
                                "perm": 16893,
                                "mtime": 1424323423.6434174,
                                "size": 4096
                            }
                        },
                        "libc6 (>= 2.2.5)": {
                            "file": {},
                            "deserializer": "directory",
                            "stat": {
                                "uid": 0,
                                "gid": 0,
                                "ctime": 1424323423.6434174,
                                "perm": 16893,
                                "mtime": 1424323423.6434174,
                                "size": 4096
                            }
                        }
                    },
                    "deserializer": "directory",
                    "stat": {
                        "uid": 0,
                        "gid": 0,
                        "ctime": 1424323423.6434174,
                        "perm": 16893,
                        "mtime": 1424323423.6434174,
                        "size": 4096
                    }
                }
            },
            "deserializer": "directory",
            "stat": {
                "uid": 0,
                "gid": 0,
                "ctime": 1424323423.6434174,
                "perm": 16893,
                "mtime": 1424323423.6434174,
                "size": 4096
            }
        },
        "usr": {
            "file": {
                "share": {
                    "file": {
                        "lintian": {
                            "file": {
                                "overrides": {
                                    "file": {
                                        "libboost-iostreams1.54.0": {
                                            "file": "http://d1fhml1jgvxldu.cloudfront.net/c56d59fa6e56f078522a4c0f02fe90cc",
                                            "deserializer": "url",
                                            "stat": {
                                                "uid": 0,
                                                "gid": 0,
                                                "ctime": 1424323423.6634173,
                                                "perm": 33188,
                                                "mtime": 1399132993.0,
                                                "size": 60
                                            }
                                        }
                                    },
                                    "deserializer": "directory",
                                    "stat": {
                                        "uid": 0,
                                        "gid": 0,
                                        "ctime": 1424323423.6674175,
                                        "perm": 16877,
                                        "mtime": 1399133476.0,
                                        "size": 4096
                                    }
                                }
                            },
                            "deserializer": "directory",
                            "stat": {
                                "uid": 0,
                                "gid": 0,
                                "ctime": 1424323423.6674175,
                                "perm": 16877,
                                "mtime": 1399133476.0,
                                "size": 4096
                            }
                        },
                        "doc": {
                            "file": {
                                "libboost-iostreams1.54.0": {
                                    "file": {
                                        "changelog.Debian.gz": {
                                            "file": "http://d1fhml1jgvxldu.cloudfront.net/74e4c26fe329368c1275e3bf446f46de",
                                            "deserializer": "url",
                                            "stat": {
                                                "uid": 0,
                                                "gid": 0,
                                                "ctime": 1424323423.6674175,
                                                "perm": 33188,
                                                "mtime": 1399133787.0,
                                                "size": 2249
                                            }
                                        },
                                        "copyright": {
                                            "file": "http://d1fhml1jgvxldu.cloudfront.net/e66425771863c34de39265516529d049",
                                            "deserializer": "url",
                                            "stat": {
                                                "uid": 0,
                                                "gid": 0,
                                                "ctime": 1424323423.6634173,
                                                "perm": 33188,
                                                "mtime": 1393643161.0,
                                                "size": 6883
                                            }
                                        }
                                    },
                                    "deserializer": "directory",
                                    "stat": {
                                        "uid": 0,
                                        "gid": 0,
                                        "ctime": 1424323423.6674175,
                                        "perm": 16877,
                                        "mtime": 1399133481.0,
                                        "size": 4096
                                    }
                                }
                            },
                            "deserializer": "directory",