{
    "file": {
        "control": {
            "file": {
                "packages": {
                    "file": {
                        "libcanberra0 (>= 0.12)": {
                            "file": {},
                            "deserializer": "directory",
                            "stat": {
                                "uid": 0,
                                "gid": 0,
                                "ctime": 1424327758.5353463,
                                "perm": 16893,
                                "mtime": 1424327758.5353463,
                                "size": 4096
                            }
                        },
                        "libx11-6": {
                            "file": {},
                            "deserializer": "directory",
                            "stat": {
                                "uid": 0,
                                "gid": 0,
                                "ctime": 1424327758.5353463,
                                "perm": 16893,
                                "mtime": 1424327758.5353463,
                                "size": 4096
                            }
                        },
                        "libgtk2.0-0 (>= 2.24.0)": {
                            "file": {},
                            "deserializer": "directory",
                            "stat": {
                                "uid": 0,
                                "gid": 0,
                                "ctime": 1424327758.5353463,
                                "perm": 16893,
                                "mtime": 1424327758.5353463,
                                "size": 4096
                            }
                        },
                        "libc6 (>= 2.3.4)": {
                            "file": {},
                            "deserializer": "directory",
                            "stat": {
                                "uid": 0,
                                "gid": 0,
                                "ctime": 1424327758.5353463,
                                "perm": 16893,
                                "mtime": 1424327758.5353463,
                                "size": 4096
                            }
                        },
                        "libglib2.0-0 (>= 2.32)": {
                            "file": {},
                            "deserializer": "directory",
                            "stat": {
                                "uid": 0,
                                "gid": 0,
                                "ctime": 1424327758.5353463,
                                "perm": 16893,
                                "mtime": 1424327758.5353463,
                                "size": 4096
                            }
                        }
                    },
                    "deserializer": "directory",
                    "stat": {
                        "uid": 0,
                        "gid": 0,
                        "ctime": 1424327758.5353463,
                        "perm": 16893,
                        "mtime": 1424327758.5353463,
                        "size": 4096
                    }
                }
            },
            "deserializer": "directory",
            "stat": {
                "uid": 0,
                "gid": 0,
                "ctime": 1424327758.5353463,
                "perm": 16893,
                "mtime": 1424327758.5353463,
                "size": 4096
            }
        },
        "usr": {
            "file": {
                "share": {
                    "file": {
                        "doc": {
                            "file": {
                                "libcanberra-gtk0": {
                                    "file": {
                                        "README.gz": {
                                            "file": "../libcanberra0/README.gz",
                                            "deserializer": "symlink",
                                            "stat": {
                                                "uid": 0,
                                                "gid": 0,
                                                "ctime": 1424327758.5433464,
                                                "perm": 41471,
                                                "mtime": 1424327758.5433464,
                                                "size": 25
                                            }
                                        },
                                        "changelog.Debian.gz": {
                                            "file": "../libcanberra0/changelog.Debian.gz",
                                            "deserializer": "symlink",
                                            "stat": {
                                                "uid": 0,
                                                "gid": 0,
                                                "ctime": 1424327758.5433464,
                                                "perm": 41471,
                                                "mtime": 1424327758.5433464,
                                                "size": 35
                                            }
                                        },
                                        "copyright": {
                                            "file": "http://d1fhml1jgvxldu.cloudfront.net/ee9552e21635b25ba74d5069d5df57f3",
                                            "deserializer": "url",
                                            "stat": {
                                                "uid": 0,
                                                "gid": 0,
                                                "ctime": 1424327758.5433464,
                                                "perm": 33188,
                                                "mtime": 1399437266.0,
                                                "size": 921
                                            }
                                        }
                                    },
                                    "deserializer": "directory",
                                    "stat": {
                                        "uid": 0,
                                        "gid": 0,
                                        "ctime": 1424327758.5433464,
                                        "perm": 16877,
                                        "mtime": 1399438721.0,
                                        "size": 4096
                                    }
                                }
                            },
                            "deserializer": "directory",
                            "stat": {
                                "uid": 0,
                                "gid": 0,
                                "ctime": 1424327758.5473464,
                                "perm": 16877,
                                "mtime": 1399438646.0,
                                "size": 4096
                            }
                        }
                    },
                    "deserializer": "directory",
                    "stat": {
                        "uid": 0,
                        "gid": 0,
                        "ctime": 1424327758.5473464,
                        "perm": 16877,
                        "mtime": 1399438646.0,
                        "size": 4096
                    }
                },
                "lib": {
                    "file": {
                        "x86_64-linux-gnu": {
                            "file": {
                                "libcanberra-gtk.so.0.1.9": {
                                    "file": "http://d1fhml1jgvxldu.cloudfront.net/d3a6fd96c7d8cd2201e42d6e3ecf4e2a",
                                    "deserializer": "url",
                                    "stat": {
                                        "uid": 0,
                                        "gid": 0,