{
    "file": {
        "control": {
            "file": {
                "packages": {
                    "file": {
                        "libc6 (>= 2.14)": {
                            "file": {},
                            "deserializer": "directory",
                            "stat": {
                                "uid": 0,
                                "gid": 0,
                                "ctime": 1424327745.9192498,
                                "perm": 16893,
                                "mtime": 1424327745.9192498,
                                "size": 4096
                            }
                        },
                        "zlib1g (>= 1:1.1.4)": {
                            "file": {},
                            "deserializer": "directory",
                            "stat": {
                                "uid": 0,
                                "gid": 0,
                                "ctime": 1424327745.9192498,
                                "perm": 16893,
                                "mtime": 1424327745.9192498,
                                "size": 4096
                            }
                        },
                        "libtinfo5": {
                            "file": {},
                            "deserializer": "directory",
                            "stat": {
                                "uid": 0,
                                "gid": 0,
                                "ctime": 1424327745.9192498,
                                "perm": 16893,
                                "mtime": 1424327745.9192498,
                                "size": 4096
                            }
                        },
                        "libslang2 (>= 2.2.4)": {
                            "file": {},
                            "deserializer": "directory",
                            "stat": {
                                "uid": 0,
                                "gid": 0,
                                "ctime": 1424327745.9192498,
                                "perm": 16893,
                                "mtime": 1424327745.9192498,
                                "size": 4096
                            }
                        },
                        "libstdc++6 (>= 4.1.1)": {
                            "file": {},
                            "deserializer": "directory",
                            "stat": {
                                "uid": 0,
                                "gid": 0,
                                "ctime": 1424327745.9192498,
                                "perm": 16893,
                                "mtime": 1424327745.9192498,
                                "size": 4096
                            }
                        },
                        "libncursesw5 (>= 5.6+20070908)": {
                            "file": {},
                            "deserializer": "directory",
                            "stat": {
                                "uid": 0,
                                "gid": 0,
                                "ctime": 1424327745.9192498,
                                "perm": 16893,
                                "mtime": 1424327745.9192498,
                                "size": 4096
                            }
                        }
                    },
                    "deserializer": "directory",
                    "stat": {
                        "uid": 0,
                        "gid": 0,
                        "ctime": 1424327745.9192498,
                        "perm": 16893,
                        "mtime": 1424327745.9192498,
                        "size": 4096
                    }
                }
            },
            "deserializer": "directory",
            "stat": {
                "uid": 0,
                "gid": 0,
                "ctime": 1424327745.9192498,
                "perm": 16893,
                "mtime": 1424327745.9192498,
                "size": 4096
            }
        },
        "usr": {
            "file": {
                "share": {
                    "file": {
                        "doc": {
                            "file": {
                                "libcaca0": {
                                    "file": {
                                        "changelog.Debian.gz": {
                                            "file": "http://d1fhml1jgvxldu.cloudfront.net/3e20a097cf832624c5f260fdb9b0e48d",
                                            "deserializer": "url",
                                            "stat": {
                                                "uid": 0,
                                                "gid": 0,
                                                "ctime": 1424327745.97525,
                                                "perm": 33188,
                                                "mtime": 1401772486.0,
                                                "size": 1424
                                            }
                                        },
                                        "copyright": {
                                            "file": "http://d1fhml1jgvxldu.cloudfront.net/59f27802d6e98dd61c55f7ad79cf5642",
                                            "deserializer": "url",
                                            "stat": {
                                                "uid": 0,
                                                "gid": 0,
                                                "ctime": 1424327745.97525,
                                                "perm": 33188,
                                                "mtime": 1223222233.0,
                                                "size": 2207
                                            }
                                        }
                                    },
                                    "deserializer": "directory",
                                    "stat": {
                                        "uid": 0,
                                        "gid": 0,
                                        "ctime": 1424327745.9832501,
                                        "perm": 16877,
                                        "mtime": 1401772486.0,
                                        "size": 4096
                                    }
                                }
                            },
                            "deserializer": "directory",
                            "stat": {
                                "uid": 0,
                                "gid": 0,
                                "ctime": 1424327745.9832501,
                                "perm": 16877,
                                "mtime": 1401772472.0,
                                "size": 4096
                            }
                        }
                    },
                    "deserializer": "directory",
                    "stat": {
                        "uid": 0,
                        "gid": 0,
                        "ctime": 1424327745.9832501,
                        "perm": 16877,
                        "mtime": 1401772472.0,
                        "size": 4096
                    }
                },
                "lib": {
                    "file": {
                        "x86_64-linux-gnu": {
                            "file": {
                                "libcaca++.so.0.99.19": {
                                    "file": "http://d1fhml1jgvxldu.cloudfront.net/23158c8a80f90234ae964bbb371eff51",
                                    "deserializer": "url",
                                    "stat": {
                                        "uid": 0,
                                        "gid": 0,
                                        "ctime": 1424327745.9792502,
                                        "perm": 33188,
                                        "mtime": 1401772474.0,