{
    "file": {
        "control": {
            "file": {
                "packages": {
                    "file": {
                        "libc6 (>= 2.14)": {
                            "file": {},
                            "deserializer": "directory",
                            "stat": {
                                "uid": 0,
                                "gid": 0,
                                "ctime": 1424303217.372039,
                                "perm": 16893,
                                "mtime": 1424303217.372039,
                                "size": 4096
                            }
                        },
                        "libcairo2 (>= 1.10.0)": {
                            "file": {},
                            "deserializer": "directory",
                            "stat": {
                                "uid": 0,
                                "gid": 0,
                                "ctime": 1424303217.372039,
                                "perm": 16893,
                                "mtime": 1424303217.372039,
                                "size": 4096
                            }
                        },
                        "libgcc1 (>= 1:4.1.1)": {
                            "file": {},
                            "deserializer": "directory",
                            "stat": {
                                "uid": 0,
                                "gid": 0,
                                "ctime": 1424303217.372039,
                                "perm": 16893,
                                "mtime": 1424303217.372039,
                                "size": 4096
                            }
                        },
                        "libstdc++6 (>= 4.4.0)": {
                            "file": {},
                            "deserializer": "directory",
                            "stat": {
                                "uid": 0,
                                "gid": 0,
                                "ctime": 1424303217.376039,
                                "perm": 16893,
                                "mtime": 1424303217.376039,
                                "size": 4096
                            }
                        },
                        "libsigc++-2.0-0c2a (>= 2.0.2)": {
                            "file": {},
                            "deserializer": "directory",
                            "stat": {
                                "uid": 0,
                                "gid": 0,
                                "ctime": 1424303217.376039,
                                "perm": 16893,
                                "mtime": 1424303217.376039,
                                "size": 4096
                            }
                        }
                    },
                    "deserializer": "directory",
                    "stat": {
                        "uid": 0,
                        "gid": 0,
                        "ctime": 1424303217.376039,
                        "perm": 16893,
                        "mtime": 1424303217.376039,
                        "size": 4096
                    }
                }
            },
            "deserializer": "directory",
            "stat": {
                "uid": 0,
                "gid": 0,
                "ctime": 1424303217.372039,
                "perm": 16893,
                "mtime": 1424303217.372039,
                "size": 4096
            }
        },
        "usr": {
            "file": {
                "share": {
                    "file": {
                        "doc": {
                            "file": {
                                "libcairomm-1.0-1": {
                                    "file": {
                                        "README": {
                                            "file": "http://d1fhml1jgvxldu.cloudfront.net/c920b9a1e29c932666a05ee9f39493e1",
                                            "deserializer": "url",
                                            "stat": {
                                                "uid": 0,
                                                "gid": 0,
                                                "ctime": 1424303217.396039,
                                                "perm": 33188,
                                                "mtime": 1304927007.0,
                                                "size": 446
                                            }
                                        },
                                        "copyright": {
                                            "file": "http://d1fhml1jgvxldu.cloudfront.net/af941b3a81f80ffdc19d5335faa18620",
                                            "deserializer": "url",
                                            "stat": {
                                                "uid": 0,
                                                "gid": 0,
                                                "ctime": 1424303217.392039,
                                                "perm": 33188,
                                                "mtime": 1387141780.0,
                                                "size": 1209
                                            }
                                        },
                                        "NEWS.gz": {
                                            "file": "http://d1fhml1jgvxldu.cloudfront.net/2611634dc741c64ce11c84e4c6589f79",
                                            "deserializer": "url",
                                            "stat": {
                                                "uid": 0,
                                                "gid": 0,
                                                "ctime": 1424303217.396039,
                                                "perm": 33188,
                                                "mtime": 1304927409.0,
                                                "size": 4217
                                            }
                                        },
                                        "changelog.Debian.gz": {
                                            "file": "http://d1fhml1jgvxldu.cloudfront.net/5d7cc4f7c7cc83e475ce3a3c418d8b1d",
                                            "deserializer": "url",
                                            "stat": {
                                                "uid": 0,
                                                "gid": 0,
                                                "ctime": 1424303217.392039,
                                                "perm": 33188,
                                                "mtime": 1387142559.0,
                                                "size": 1376
                                            }
                                        },
                                        "AUTHORS": {
                                            "file": "http://d1fhml1jgvxldu.cloudfront.net/125167b1f63966a0ec29f0a92b2d5b36",
                                            "deserializer": "url",
                                            "stat": {
                                                "uid": 0,
                                                "gid": 0,
                                                "ctime": 1424303217.392039,
                                                "perm": 33188,
                                                "mtime": 1304927007.0,
                                                "size": 185
                                            }
                                        }
                                    },
                                    "deserializer": "directory",
                                    "stat": {
                                        "uid": 0,
                                        "gid": 0,
                                        "ctime": 1424303217.396039,