{
    "file": {
        "control": {
            "file": {
                "packages": {
                    "file": {
                        "libc6 (>= 2.14)": {
                            "file": {},
                            "deserializer": "directory",
                            "stat": {
                                "uid": 0,
                                "gid": 0,
                                "ctime": 1424307191.8778884,
                                "perm": 16893,
                                "mtime": 1424307191.8778884,
                                "size": 4096
                            }
                        },
                        "libvorbisfile3 (>= 1.1.2)": {
                            "file": {},
                            "deserializer": "directory",
                            "stat": {
                                "uid": 0,
                                "gid": 0,
                                "ctime": 1424307191.8778884,
                                "perm": 16893,
                                "mtime": 1424307191.8778884,
                                "size": 4096
                            }
                        },
                        "libasound2 (>= 1.0.16)": {
                            "file": {},
                            "deserializer": "directory",
                            "stat": {
                                "uid": 0,
                                "gid": 0,
                                "ctime": 1424307191.8778884,
                                "perm": 16893,
                                "mtime": 1424307191.8778884,
                                "size": 4096
                            }
                        },
                        "libtdb1 (>= 1.2.7+git20101214)": {
                            "file": {},
                            "deserializer": "directory",
                            "stat": {
                                "uid": 0,
                                "gid": 0,
                                "ctime": 1424307191.8778884,
                                "perm": 16893,
                                "mtime": 1424307191.8778884,
                                "size": 4096
                            }
                        },
                        "sound-theme-freedesktop": {
                            "file": {},
                            "deserializer": "directory",
                            "stat": {
                                "uid": 0,
                                "gid": 0,
                                "ctime": 1424307191.8778884,
                                "perm": 16893,
                                "mtime": 1424307191.8778884,
                                "size": 4096
                            }
                        },
                        "libltdl7 (>= 2.4.2)": {
                            "file": {},
                            "deserializer": "directory",
                            "stat": {
                                "uid": 0,
                                "gid": 0,
                                "ctime": 1424307191.8778884,
                                "perm": 16893,
                                "mtime": 1424307191.8778884,
                                "size": 4096
                            }
                        }
                    },
                    "deserializer": "directory",
                    "stat": {
                        "uid": 0,
                        "gid": 0,
                        "ctime": 1424307191.8778884,
                        "perm": 16893,
                        "mtime": 1424307191.8778884,
                        "size": 4096
                    }
                }
            },
            "deserializer": "directory",
            "stat": {
                "uid": 0,
                "gid": 0,
                "ctime": 1424307191.8778884,
                "perm": 16893,
                "mtime": 1424307191.8778884,
                "size": 4096
            }
        },
        "usr": {
            "file": {
                "share": {
                    "file": {
                        "lintian": {
                            "file": {
                                "overrides": {
                                    "file": {
                                        "libcanberra0": {
                                            "file": "http://d1fhml1jgvxldu.cloudfront.net/1605ce86605ad8ad28d6340eb4b0ceed",
                                            "deserializer": "url",
                                            "stat": {
                                                "uid": 0,
                                                "gid": 0,
                                                "ctime": 1424307191.8978887,
                                                "perm": 33188,
                                                "mtime": 1399437266.0,
                                                "size": 54
                                            }
                                        }
                                    },
                                    "deserializer": "directory",
                                    "stat": {
                                        "uid": 0,
                                        "gid": 0,
                                        "ctime": 1424307191.9018886,
                                        "perm": 16877,
                                        "mtime": 1399438638.0,
                                        "size": 4096
                                    }
                                }
                            },
                            "deserializer": "directory",
                            "stat": {
                                "uid": 0,
                                "gid": 0,
                                "ctime": 1424307191.9018886,
                                "perm": 16877,
                                "mtime": 1399438638.0,
                                "size": 4096
                            }
                        },
                        "doc": {
                            "file": {
                                "libcanberra0": {
                                    "file": {
                                        "README.gz": {
                                            "file": "http://d1fhml1jgvxldu.cloudfront.net/b70806e71cde511ad40751b08bf21bca",
                                            "deserializer": "url",
                                            "stat": {
                                                "uid": 0,
                                                "gid": 0,
                                                "ctime": 1424307191.8978887,
                                                "perm": 33188,
                                                "mtime": 1348532862.0,
                                                "size": 3698
                                            }
                                        },
                                        "README.Debian": {
                                            "file": "http://d1fhml1jgvxldu.cloudfront.net/f011d3c88113ca69a5e093c8d050e48e",
                                            "deserializer": "url",
                                            "stat": {
                                                "uid": 0,
                                                "gid": 0,
                                                "ctime": 1424307191.8978887,
                                                "perm": 33188,
                                                "mtime": 1399437266.0,
                                                "size": 993
                                            }
                                        },