{
    "file": {
        "control": {
            "file": {
                "packages": {
                    "file": {
                        "libxcb1": {
                            "file": {},
                            "stat": {
                                "perm": 16893,
                                "size": 4096,
                                "uid": 0,
                                "mtime": 1424389375.2469451,
                                "ctime": 1424389375.2469451,
                                "gid": 0
                            },
                            "deserializer": "directory"
                        },
                        "libx11-xcb1": {
                            "file": {},
                            "stat": {
                                "perm": 16893,
                                "size": 4096,
                                "uid": 0,
                                "mtime": 1424389375.2469451,
                                "ctime": 1424389375.2469451,
                                "gid": 0
                            },
                            "deserializer": "directory"
                        },
                        "libxcb-xfixes0": {
                            "file": {},
                            "stat": {
                                "perm": 16893,
                                "size": 4096,
                                "uid": 0,
                                "mtime": 1424389375.2469451,
                                "ctime": 1424389375.2469451,
                                "gid": 0
                            },
                            "deserializer": "directory"
                        },
                        "libgl1-mesa-dri (= 10.3.2-0ubuntu0.1)": {
                            "file": {},
                            "stat": {
                                "perm": 16893,
                                "size": 4096,
                                "uid": 0,
                                "mtime": 1424389375.2469451,
                                "ctime": 1424389375.2469451,
                                "gid": 0
                            },
                            "deserializer": "directory"
                        },
                        "libexpat1 (>= 2.0.1)": {
                            "file": {},
                            "stat": {
                                "perm": 16893,
                                "size": 4096,
                                "uid": 0,
                                "mtime": 1424389375.2469451,
                                "ctime": 1424389375.2469451,
                                "gid": 0
                            },
                            "deserializer": "directory"
                        },
                        "libdrm2 (>= 2.4.25)": {
                            "file": {},
                            "stat": {
                                "perm": 16893,
                                "size": 4096,
                                "uid": 0,
                                "mtime": 1424389375.2469451,
                                "ctime": 1424389375.2469451,
                                "gid": 0
                            },
                            "deserializer": "directory"
                        },
                        "libudev1": {
                            "file": {},
                            "stat": {
                                "perm": 16893,
                                "size": 4096,
                                "uid": 0,
                                "mtime": 1424389375.2469451,
                                "ctime": 1424389375.2469451,
                                "gid": 0
                            },
                            "deserializer": "directory"
                        },
                        "libwayland-client0 (>= 1.3.92)": {
                            "file": {},
                            "stat": {
                                "perm": 16893,
                                "size": 4096,
                                "uid": 0,
                                "mtime": 1424389375.2469451,
                                "ctime": 1424389375.2469451,
                                "gid": 0
                            },
                            "deserializer": "directory"
                        },
                        "libwayland-server0 (>= 1.2.0)": {
                            "file": {},
                            "stat": {
                                "perm": 16893,
                                "size": 4096,
                                "uid": 0,
                                "mtime": 1424389375.2469451,
                                "ctime": 1424389375.2469451,
                                "gid": 0
                            },
                            "deserializer": "directory"
                        },
                        "libgbm1 (>= 8.1~0)": {
                            "file": {},
                            "stat": {
                                "perm": 16893,
                                "size": 4096,
                                "uid": 0,
                                "mtime": 1424389375.2469451,
                                "ctime": 1424389375.2469451,
                                "gid": 0
                            },
                            "deserializer": "directory"
                        },
                        "libc6 (>= 2.14)": {
                            "file": {},
                            "stat": {
                                "perm": 16893,
                                "size": 4096,
                                "uid": 0,
                                "mtime": 1424389375.2469451,
                                "ctime": 1424389375.2469451,
                                "gid": 0
                            },
                            "deserializer": "directory"
                        },
                        "libxcb-dri2-0 (>= 1.8)": {
                            "file": {},
                            "stat": {
                                "perm": 16893,
                                "size": 4096,
                                "uid": 0,
                                "mtime": 1424389375.2469451,
                                "ctime": 1424389375.2469451,
                                "gid": 0
                            },
                            "deserializer": "directory"
                        }
                    },
                    "stat": {
                        "perm": 16893,
                        "size": 4096,
                        "uid": 0,
                        "mtime": 1424389375.2469451,
                        "ctime": 1424389375.2469451,
                        "gid": 0
                    },
                    "deserializer": "directory"
                }
            },
            "stat": {
                "perm": 16893,
                "size": 4096,
                "uid": 0,
                "mtime": 1424389375.2469451,
                "ctime": 1424389375.2469451,
                "gid": 0
            },
            "deserializer": "directory"
        },
        "usr": {
            "file": {
                "lib": {
                    "file": {
                        "x86_64-linux-gnu": {
                            "file": {
                                "mesa-egl": {
                                    "file": {
                                        "libEGL.so.1": {
                                            "file": "libEGL.so.1.0.0",
                                            "stat": {
                                                "perm": 41471,
                                                "size": 15,
                                                "uid": 0,
                                                "mtime": 1424389375.2669454,