{
    "stat": {
        "perm": 16877,
        "uid": 0,
        "gid": 0,
        "ctime": 1777906378.775323,
        "mtime": 1737113550.0,
        "size": 20
    },
    "deserializer": "directory",
    "file": {
        "control": {
            "stat": {
                "perm": 16893,
                "uid": 0,
                "gid": 0,
                "ctime": 1777906378.7673223,
                "mtime": 1777906378.7673223,
                "size": 16
            },
            "deserializer": "directory",
            "file": {
                "packages": {
                    "stat": {
                        "perm": 16893,
                        "uid": 0,
                        "gid": 0,
                        "ctime": 1777906378.7673223,
                        "mtime": 1777906378.7673223,
                        "size": 98
                    },
                    "deserializer": "directory",
                    "file": {
                        "libbsd0 (>= 0.1.3)": {
                            "stat": {
                                "perm": 16893,
                                "uid": 0,
                                "gid": 0,
                                "ctime": 1777906378.7673223,
                                "mtime": 1777906378.7673223,
                                "size": 0
                            },
                            "deserializer": "directory",
                            "file": {}
                        },
                        "libc6 (>= 2.38)": {
                            "stat": {
                                "perm": 16893,
                                "uid": 0,
                                "gid": 0,
                                "ctime": 1777906378.7673223,
                                "mtime": 1777906378.7673223,
                                "size": 0
                            },
                            "deserializer": "directory",
                            "file": {}
                        },
                        "libtinfo6 (>= 6)": {
                            "stat": {
                                "perm": 16893,
                                "uid": 0,
                                "gid": 0,
                                "ctime": 1777906378.7673223,
                                "mtime": 1777906378.7673223,
                                "size": 0
                            },
                            "deserializer": "directory",
                            "file": {}
                        }
                    }
                }
            }
        },
        "usr": {
            "stat": {
                "perm": 16877,
                "uid": 0,
                "gid": 0,
                "ctime": 1777906378.775323,
                "mtime": 1737113550.0,
                "size": 16
            },
            "deserializer": "directory",
            "file": {
                "lib": {
                    "stat": {
                        "perm": 16877,
                        "uid": 0,
                        "gid": 0,
                        "ctime": 1777906378.775323,
                        "mtime": 1737113550.0,
                        "size": 32
                    },
                    "deserializer": "directory",
                    "file": {
                        "x86_64-linux-gnu": {
                            "stat": {
                                "perm": 16877,
                                "uid": 0,
                                "gid": 0,
                                "ctime": 1777906378.775323,
                                "mtime": 1737113550.0,
                                "size": 58
                            },
                            "deserializer": "directory",
                            "file": {
                                "libedit.so.2.0.75": {
                                    "stat": {
                                        "perm": 33188,
                                        "uid": 0,
                                        "gid": 0,
                                        "ctime": 1777906378.7713227,
                                        "mtime": 1737113550.0,
                                        "size": 220752
                                    },
                                    "deserializer": "url",
                                    "file": "/blobs/4cde661dc336a1a835e605532086c629f6279a312374c91795215b8489ad4bcf"
                                },
                                "libedit.so.2": {
                                    "stat": {
                                        "perm": 41471,
                                        "uid": 0,
                                        "gid": 0,
                                        "ctime": 1777906378.7713227,
                                        "mtime": 1777906378.7713227,
                                        "size": 17
                                    },
                                    "deserializer": "symlink",
                                    "file": "libedit.so.2.0.75"
                                }
                            }
                        }
                    }
                },
                "share": {
                    "stat": {
                        "perm": 16877,
                        "uid": 0,
                        "gid": 0,
                        "ctime": 1777906378.775323,
                        "mtime": 1737113550.0,
                        "size": 26
                    },
                    "deserializer": "directory",
                    "file": {
                        "doc": {
                            "stat": {
                                "perm": 16877,
                                "uid": 0,
                                "gid": 0,
                                "ctime": 1777906378.775323,
                                "mtime": 1737113550.0,
                                "size": 16
                            },
                            "deserializer": "directory",
                            "file": {
                                "libedit2": {
                                    "stat": {
                                        "perm": 16877,
                                        "uid": 0,
                                        "gid": 0,
                                        "ctime": 1777906378.775323,
                                        "mtime": 1737113550.0,
                                        "size": 102
                                    },
                                    "deserializer": "directory",
                                    "file": {
                                        "TODO.Debian": {
                                            "stat": {
                                                "perm": 33188,
                                                "uid": 0,
                                                "gid": 0,
                                                "ctime": 1777906378.7713227,
                                                "mtime": 1737113516.0,
                                                "size": 44
                                            },
                                            "deserializer": "url",
                                            "file": "/blobs/53538838b5baa5302f6ec60e7733c753812452a34dbb950409670d68215d2af7"
                                        },
                                        "changelog.Debian.gz": {
                                            "stat": {
                                                "perm": 33188,
                                                "uid": 0,
                                                "gid": 0,
                                                "ctime": 1777906378.7713227,
                                                "mtime": 1737113550.0,