{
    "deserializer": "directory",
    "file": {
        "control": {
            "deserializer": "directory",
            "file": {
                "packages": {
                    "deserializer": "directory",
                    "file": {
                        "libc6 (>= 2.14)": {
                            "deserializer": "directory",
                            "file": {},
                            "stat": {
                                "perm": 16893,
                                "mtime": 1424384713.5271454,
                                "size": 4096,
                                "ctime": 1424384713.5271454,
                                "uid": 0,
                                "gid": 0
                            }
                        },
                        "libpng12-0 (>= 1.2.13-4)": {
                            "deserializer": "directory",
                            "file": {},
                            "stat": {
                                "perm": 16893,
                                "mtime": 1424384713.5271454,
                                "size": 4096,
                                "ctime": 1424384713.5271454,
                                "uid": 0,
                                "gid": 0
                            }
                        },
                        "zlib1g (>= 1:1.1.4)": {
                            "deserializer": "directory",
                            "file": {},
                            "stat": {
                                "perm": 16893,
                                "mtime": 1424384713.5271454,
                                "size": 4096,
                                "ctime": 1424384713.5271454,
                                "uid": 0,
                                "gid": 0
                            }
                        }
                    },
                    "stat": {
                        "perm": 16893,
                        "mtime": 1424384713.5271454,
                        "size": 4096,
                        "ctime": 1424384713.5271454,
                        "uid": 0,
                        "gid": 0
                    }
                }
            },
            "stat": {
                "perm": 16893,
                "mtime": 1424384713.5271454,
                "size": 4096,
                "ctime": 1424384713.5271454,
                "uid": 0,
                "gid": 0
            }
        },
        "usr": {
            "deserializer": "directory",
            "file": {
                "share": {
                    "deserializer": "directory",
                    "file": {
                        "doc": {
                            "deserializer": "directory",
                            "file": {
                                "libfreetype6": {
                                    "deserializer": "directory",
                                    "file": {
                                        "FTL.TXT.gz": {
                                            "deserializer": "url",
                                            "file": "http://d1fhml1jgvxldu.cloudfront.net/b151de82cf1c4372024399e145de382a",
                                            "stat": {
                                                "perm": 33188,
                                                "mtime": 1237038326.0,
                                                "size": 2872,
                                                "ctime": 1424384713.5951457,
                                                "uid": 0,
                                                "gid": 0
                                            }
                                        },
                                        "TODO": {
                                            "deserializer": "url",
                                            "file": "http://d1fhml1jgvxldu.cloudfront.net/d1b0952ac68ff77f64da7140dc5bbae0",
                                            "stat": {
                                                "perm": 33188,
                                                "mtime": 1237038326.0,
                                                "size": 1391,
                                                "ctime": 1424384713.5951457,
                                                "uid": 0,
                                                "gid": 0
                                            }
                                        },
                                        "ft2faq.html": {
                                            "deserializer": "url",
                                            "file": "http://d1fhml1jgvxldu.cloudfront.net/963b071f53ab0104e62ad676acce4bd1",
                                            "stat": {
                                                "perm": 33188,
                                                "mtime": 1375861764.0,
                                                "size": 24694,
                                                "ctime": 1424384713.5951457,
                                                "uid": 0,
                                                "gid": 0
                                            }
                                        },
                                        "changelog.Debian.gz": {
                                            "deserializer": "url",
                                            "file": "http://d1fhml1jgvxldu.cloudfront.net/7b5d31ce77e654743f1ebf059454973b",
                                            "stat": {
                                                "perm": 33188,
                                                "mtime": 1411148316.0,
                                                "size": 1989,
                                                "ctime": 1424384713.5951457,
                                                "uid": 0,
                                                "gid": 0
                                            }
                                        },
                                        "pcf": {
                                            "deserializer": "directory",
                                            "file": {
                                                "README": {
                                                    "deserializer": "url",
                                                    "file": "http://d1fhml1jgvxldu.cloudfront.net/118e06ed92eb2c4264855375715b3515",
                                                    "stat": {
                                                        "perm": 33188,
                                                        "mtime": 1369774803.0,
                                                        "size": 3310,
                                                        "ctime": 1424384713.5951457,
                                                        "uid": 0,
                                                        "gid": 0
                                                    }
                                                }
                                            },
                                            "stat": {
                                                "perm": 16877,
                                                "mtime": 1411148302.0,
                                                "size": 4096,
                                                "ctime": 1424384713.5951457,
                                                "uid": 0,
                                                "gid": 0
                                            }
                                        },
                                        "copyright": {
                                            "deserializer": "url",
                                            "file": "http://d1fhml1jgvxldu.cloudfront.net/2919603802bcd2fba75b2e77d59701b2",