{
    "stat": {
        "gid": 0,
        "uid": 0,
        "perm": 16877,
        "mtime": 1415654904.0,
        "ctime": 1424733983.9247913,
        "size": 4096
    },
    "file": {
        "control": {
            "stat": {
                "gid": 0,
                "uid": 0,
                "perm": 16893,
                "mtime": 1424733983.8647912,
                "ctime": 1424733983.8647912,
                "size": 4096
            },
            "file": {
                "packages": {
                    "stat": {
                        "gid": 0,
                        "uid": 0,
                        "perm": 16893,
                        "mtime": 1424733983.8647912,
                        "ctime": 1424733983.8647912,
                        "size": 4096
                    },
                    "file": {
                        "libnettle4 (>= 2.7)": {
                            "stat": {
                                "gid": 0,
                                "uid": 0,
                                "perm": 16893,
                                "mtime": 1424733983.8647912,
                                "ctime": 1424733983.8647912,
                                "size": 4096
                            },
                            "file": {},
                            "deserializer": "directory"
                        },
                        "libgmp10 (>= 2:6)": {
                            "stat": {
                                "gid": 0,
                                "uid": 0,
                                "perm": 16893,
                                "mtime": 1424733983.8647912,
                                "ctime": 1424733983.8647912,
                                "size": 4096
                            },
                            "file": {},
                            "deserializer": "directory"
                        },
                        "libc6 (>= 2.17)": {
                            "stat": {
                                "gid": 0,
                                "uid": 0,
                                "perm": 16893,
                                "mtime": 1424733983.8647912,
                                "ctime": 1424733983.8647912,
                                "size": 4096
                            },
                            "file": {},
                            "deserializer": "directory"
                        },
                        "libhogweed2 (>= 2.7)": {
                            "stat": {
                                "gid": 0,
                                "uid": 0,
                                "perm": 16893,
                                "mtime": 1424733983.8647912,
                                "ctime": 1424733983.8647912,
                                "size": 4096
                            },
                            "file": {},
                            "deserializer": "directory"
                        },
                        "libp11-kit0 (>= 0.20.0)": {
                            "stat": {
                                "gid": 0,
                                "uid": 0,
                                "perm": 16893,
                                "mtime": 1424733983.8647912,
                                "ctime": 1424733983.8647912,
                                "size": 4096
                            },
                            "file": {},
                            "deserializer": "directory"
                        },
                        "libtasn1-6 (>= 4.0-0)": {
                            "stat": {
                                "gid": 0,
                                "uid": 0,
                                "perm": 16893,
                                "mtime": 1424733983.8647912,
                                "ctime": 1424733983.8647912,
                                "size": 4096
                            },
                            "file": {},
                            "deserializer": "directory"
                        },
                        "zlib1g (>= 1:1.1.4)": {
                            "stat": {
                                "gid": 0,
                                "uid": 0,
                                "perm": 16893,
                                "mtime": 1424733983.8647912,
                                "ctime": 1424733983.8647912,
                                "size": 4096
                            },
                            "file": {},
                            "deserializer": "directory"
                        }
                    },
                    "deserializer": "directory"
                }
            },
            "deserializer": "directory"
        },
        "usr": {
            "stat": {
                "gid": 0,
                "uid": 0,
                "perm": 16877,
                "mtime": 1415654894.0,
                "ctime": 1424733983.9247913,
                "size": 4096
            },
            "file": {
                "share": {
                    "stat": {
                        "gid": 0,
                        "uid": 0,
                        "perm": 16877,
                        "mtime": 1415654917.0,
                        "ctime": 1424733983.9247913,
                        "size": 4096
                    },
                    "file": {
                        "doc": {
                            "stat": {
                                "gid": 0,
                                "uid": 0,
                                "perm": 16877,
                                "mtime": 1415654894.0,
                                "ctime": 1424733983.9247913,
                                "size": 4096
                            },
                            "file": {
                                "libgnutls-deb0-28": {
                                    "stat": {
                                        "gid": 0,
                                        "uid": 0,
                                        "perm": 16877,
                                        "mtime": 1415654896.0,
                                        "ctime": 1424733983.9247913,
                                        "size": 4096
                                    },
                                    "file": {
                                        "NEWS.gz": {
                                            "stat": {
                                                "gid": 0,
                                                "uid": 0,
                                                "perm": 33188,
                                                "mtime": 1406100126.0,
                                                "ctime": 1424733983.9247913,
                                                "size": 82001
                                            },
                                            "file": "http://d1fhml1jgvxldu.cloudfront.net/96bd9eadc69b6d7bf6c057769bec1812",
                                            "deserializer": "url"
                                        },
                                        "THANKS.gz": {
                                            "stat": {
                                                "gid": 0,
                                                "uid": 0,
                                                "perm": 33188,
                                                "mtime": 1384106353.0,
                                                "ctime": 1424733983.9247913,
                                                "size": 3446
                                            },
                                            "file": "http://d1fhml1jgvxldu.cloudfront.net/399c37c4a930a80ea5489f7cf88f5cc7",
                                            "deserializer": "url"
                                        },