{
    "stat": {
        "perm": 16877,
        "uid": 0,
        "gid": 0,
        "ctime": 1777906377.3632517,
        "mtime": 1741035682.0,
        "size": 20
    },
    "deserializer": "directory",
    "file": {
        "control": {
            "stat": {
                "perm": 16893,
                "uid": 0,
                "gid": 0,
                "ctime": 1777906377.3352501,
                "mtime": 1777906377.3352501,
                "size": 16
            },
            "deserializer": "directory",
            "file": {
                "packages": {
                    "stat": {
                        "perm": 16893,
                        "uid": 0,
                        "gid": 0,
                        "ctime": 1777906377.3352501,
                        "mtime": 1777906377.3352501,
                        "size": 188
                    },
                    "deserializer": "directory",
                    "file": {
                        "libbinutils (= 2.44-3)": {
                            "stat": {
                                "perm": 16893,
                                "uid": 0,
                                "gid": 0,
                                "ctime": 1777906377.3352501,
                                "mtime": 1777906377.3352501,
                                "size": 0
                            },
                            "deserializer": "directory",
                            "file": {}
                        },
                        "libc6 (>= 2.38)": {
                            "stat": {
                                "perm": 16893,
                                "uid": 0,
                                "gid": 0,
                                "ctime": 1777906377.3352501,
                                "mtime": 1777906377.3352501,
                                "size": 0
                            },
                            "deserializer": "directory",
                            "file": {}
                        },
                        "libgcc-s1 (>= 3.3.1)": {
                            "stat": {
                                "perm": 16893,
                                "uid": 0,
                                "gid": 0,
                                "ctime": 1777906377.3352501,
                                "mtime": 1777906377.3352501,
                                "size": 0
                            },
                            "deserializer": "directory",
                            "file": {}
                        },
                        "libstdc++6 (>= 14)": {
                            "stat": {
                                "perm": 16893,
                                "uid": 0,
                                "gid": 0,
                                "ctime": 1777906377.3352501,
                                "mtime": 1777906377.3352501,
                                "size": 0
                            },
                            "deserializer": "directory",
                            "file": {}
                        },
                        "zlib1g (>= 1:1.1.4)": {
                            "stat": {
                                "perm": 16893,
                                "uid": 0,
                                "gid": 0,
                                "ctime": 1777906377.3352501,
                                "mtime": 1777906377.3352501,
                                "size": 0
                            },
                            "deserializer": "directory",
                            "file": {}
                        }
                    }
                }
            }
        },
        "usr": {
            "stat": {
                "perm": 16877,
                "uid": 0,
                "gid": 0,
                "ctime": 1777906377.3632517,
                "mtime": 1741035682.0,
                "size": 16
            },
            "deserializer": "directory",
            "file": {
                "lib": {
                    "stat": {
                        "perm": 16877,
                        "uid": 0,
                        "gid": 0,
                        "ctime": 1777906377.3632517,
                        "mtime": 1741035682.0,
                        "size": 32
                    },
                    "deserializer": "directory",
                    "file": {
                        "x86_64-linux-gnu": {
                            "stat": {
                                "perm": 16877,
                                "uid": 0,
                                "gid": 0,
                                "ctime": 1777906377.3632517,
                                "mtime": 1741035682.0,
                                "size": 82
                            },
                            "deserializer": "directory",
                            "file": {
                                "gprofng": {
                                    "stat": {
                                        "perm": 16877,
                                        "uid": 0,
                                        "gid": 0,
                                        "ctime": 1777906377.3632517,
                                        "mtime": 1741035682.0,
                                        "size": 162
                                    },
                                    "deserializer": "directory",
                                    "file": {
                                        "libgp-collector.so": {
                                            "stat": {
                                                "perm": 33188,
                                                "uid": 0,
                                                "gid": 0,
                                                "ctime": 1777906377.3432505,
                                                "mtime": 1741035682.0,
                                                "size": 1403552
                                            },
                                            "deserializer": "url",
                                            "file": "/blobs/b2e399ec0264575402fa7dcd83e4db656741f69cccb2f63b15d6833abe121afe"
                                        },
                                        "libgp-collectorAPI.so": {
                                            "stat": {
                                                "perm": 33188,
                                                "uid": 0,
                                                "gid": 0,
                                                "ctime": 1777906377.3432505,
                                                "mtime": 1741035682.0,
                                                "size": 14456
                                            },
                                            "deserializer": "url",
                                            "file": "/blobs/da37cf3a67f26b44fbdae5f28ad690be452b521f03c6b014fe481c943bd58459"
                                        },
                                        "libgp-heap.so": {
                                            "stat": {
                                                "perm": 33188,
                                                "uid": 0,
                                                "gid": 0,
                                                "ctime": 1777906377.3432505,
                                                "mtime": 1741035682.0,
                                                "size": 14640
                                            },
                                            "deserializer": "url",
                                            "file": "/blobs/a9759d0648ed780573658965a4508f982964208494ac14ff64b8812deaf69c3e"
                                        },