{
    "stat": {
        "perm": 16877,
        "uid": 0,
        "gid": 0,
        "ctime": 1777906378.7153199,
        "mtime": 1740330734.0,
        "size": 26
    },
    "deserializer": "directory",
    "file": {
        "control": {
            "stat": {
                "perm": 16893,
                "uid": 0,
                "gid": 0,
                "ctime": 1777906378.7113197,
                "mtime": 1777906378.7113197,
                "size": 16
            },
            "deserializer": "directory",
            "file": {
                "packages": {
                    "stat": {
                        "perm": 16893,
                        "uid": 0,
                        "gid": 0,
                        "ctime": 1777906378.7113197,
                        "mtime": 1777906378.7113197,
                        "size": 220
                    },
                    "deserializer": "directory",
                    "file": {
                        "libkrb5-3 (= 1.21.3-5)": {
                            "stat": {
                                "perm": 16893,
                                "uid": 0,
                                "gid": 0,
                                "ctime": 1777906378.7113197,
                                "mtime": 1777906378.7113197,
                                "size": 0
                            },
                            "deserializer": "directory",
                            "file": {}
                        },
                        "libc6 (>= 2.38)": {
                            "stat": {
                                "perm": 16893,
                                "uid": 0,
                                "gid": 0,
                                "ctime": 1777906378.7113197,
                                "mtime": 1777906378.7113197,
                                "size": 0
                            },
                            "deserializer": "directory",
                            "file": {}
                        },
                        "libcom-err2 (>= 1.43.9)": {
                            "stat": {
                                "perm": 16893,
                                "uid": 0,
                                "gid": 0,
                                "ctime": 1777906378.7113197,
                                "mtime": 1777906378.7113197,
                                "size": 0
                            },
                            "deserializer": "directory",
                            "file": {}
                        },
                        "libk5crypto3 (>= 1.20)": {
                            "stat": {
                                "perm": 16893,
                                "uid": 0,
                                "gid": 0,
                                "ctime": 1777906378.7113197,
                                "mtime": 1777906378.7113197,
                                "size": 0
                            },
                            "deserializer": "directory",
                            "file": {}
                        },
                        "libkrb5support0 (= 1.21.3-5)": {
                            "stat": {
                                "perm": 16893,
                                "uid": 0,
                                "gid": 0,
                                "ctime": 1777906378.7113197,
                                "mtime": 1777906378.7113197,
                                "size": 0
                            },
                            "deserializer": "directory",
                            "file": {}
                        }
                    }
                }
            }
        },
        "etc": {
            "stat": {
                "perm": 16877,
                "uid": 0,
                "gid": 0,
                "ctime": 1777906378.7153199,
                "mtime": 1740330734.0,
                "size": 6
            },
            "deserializer": "directory",
            "file": {
                "gss": {
                    "stat": {
                        "perm": 16877,
                        "uid": 0,
                        "gid": 0,
                        "ctime": 1777906378.7153199,
                        "mtime": 1740330734.0,
                        "size": 12
                    },
                    "deserializer": "directory",
                    "file": {
                        "mech.d": {
                            "stat": {
                                "perm": 16877,
                                "uid": 0,
                                "gid": 0,
                                "ctime": 1777906378.7153199,
                                "mtime": 1740330734.0,
                                "size": 0
                            },
                            "deserializer": "directory",
                            "file": {}
                        }
                    }
                }
            }
        },
        "usr": {
            "stat": {
                "perm": 16877,
                "uid": 0,
                "gid": 0,
                "ctime": 1777906378.7153199,
                "mtime": 1740330734.0,
                "size": 16
            },
            "deserializer": "directory",
            "file": {
                "lib": {
                    "stat": {
                        "perm": 16877,
                        "uid": 0,
                        "gid": 0,
                        "ctime": 1777906378.7153199,
                        "mtime": 1740330734.0,
                        "size": 32
                    },
                    "deserializer": "directory",
                    "file": {
                        "x86_64-linux-gnu": {
                            "stat": {
                                "perm": 16877,
                                "uid": 0,
                                "gid": 0,
                                "ctime": 1777906378.7153199,
                                "mtime": 1740330734.0,
                                "size": 80
                            },
                            "deserializer": "directory",
                            "file": {
                                "libgssapi_krb5.so.2.2": {
                                    "stat": {
                                        "perm": 33188,
                                        "uid": 0,
                                        "gid": 0,
                                        "ctime": 1777906378.7153199,
                                        "mtime": 1740330734.0,
                                        "size": 346904
                                    },
                                    "deserializer": "url",
                                    "file": "/blobs/ef4232a33e02a73bc808aad409a1c3deeb30db2c93054782f2845e5523ff688f"
                                },
                                "libgssapi_krb5.so.2": {
                                    "stat": {
                                        "perm": 41471,
                                        "uid": 0,
                                        "gid": 0,
                                        "ctime": 1777906378.7153199,
                                        "mtime": 1777906378.7153199,
                                        "size": 21
                                    },
                                    "deserializer": "symlink",
                                    "file": "libgssapi_krb5.so.2.2"
                                }
                            }
                        }
                    }
                },
                "share": {
                    "stat": {
                        "perm": 16877,
                        "uid": 0,
                        "gid": 0,
                        "ctime": 1777906378.7153199,
                        "mtime": 1740330734.0,
                        "size": 20
                    },