{
    "stat": {
        "perm": 16877,
        "uid": 0,
        "gid": 0,
        "ctime": 1777906378.6313155,
        "mtime": 1733098654.0,
        "size": 20
    },
    "deserializer": "directory",
    "file": {
        "control": {
            "stat": {
                "perm": 16893,
                "uid": 0,
                "gid": 0,
                "ctime": 1777906378.623315,
                "mtime": 1777906378.623315,
                "size": 16
            },
            "deserializer": "directory",
            "file": {
                "packages": {
                    "stat": {
                        "perm": 16893,
                        "uid": 0,
                        "gid": 0,
                        "ctime": 1777906378.623315,
                        "mtime": 1777906378.623315,
                        "size": 30
                    },
                    "deserializer": "directory",
                    "file": {
                        "libc6 (>= 2.38)": {
                            "stat": {
                                "perm": 16893,
                                "uid": 0,
                                "gid": 0,
                                "ctime": 1777906378.623315,
                                "mtime": 1777906378.623315,
                                "size": 0
                            },
                            "deserializer": "directory",
                            "file": {}
                        }
                    }
                }
            }
        },
        "usr": {
            "stat": {
                "perm": 16877,
                "uid": 0,
                "gid": 0,
                "ctime": 1777906378.6313155,
                "mtime": 1733098654.0,
                "size": 16
            },
            "deserializer": "directory",
            "file": {
                "lib": {
                    "stat": {
                        "perm": 16877,
                        "uid": 0,
                        "gid": 0,
                        "ctime": 1777906378.6313155,
                        "mtime": 1733098654.0,
                        "size": 32
                    },
                    "deserializer": "directory",
                    "file": {
                        "x86_64-linux-gnu": {
                            "stat": {
                                "perm": 16877,
                                "uid": 0,
                                "gid": 0,
                                "ctime": 1777906378.6313155,
                                "mtime": 1733098654.0,
                                "size": 56
                            },
                            "deserializer": "directory",
                            "file": {
                                "libgmp.so.10.5.0": {
                                    "stat": {
                                        "perm": 33188,
                                        "uid": 0,
                                        "gid": 0,
                                        "ctime": 1777906378.6313155,
                                        "mtime": 1733098654.0,
                                        "size": 566080
                                    },
                                    "deserializer": "url",
                                    "file": "/blobs/d15e1585c6c267296459570c8ac217ca9123044bcd4e896d2f686b32333445d2"
                                },
                                "libgmp.so.10": {
                                    "stat": {
                                        "perm": 41471,
                                        "uid": 0,
                                        "gid": 0,
                                        "ctime": 1777906378.6313155,
                                        "mtime": 1777906378.6313155,
                                        "size": 16
                                    },
                                    "deserializer": "symlink",
                                    "file": "libgmp.so.10.5.0"
                                }
                            }
                        }
                    }
                },
                "share": {
                    "stat": {
                        "perm": 16877,
                        "uid": 0,
                        "gid": 0,
                        "ctime": 1777906378.6313155,
                        "mtime": 1733098654.0,
                        "size": 6
                    },
                    "deserializer": "directory",
                    "file": {
                        "doc": {
                            "stat": {
                                "perm": 16877,
                                "uid": 0,
                                "gid": 0,
                                "ctime": 1777906378.6313155,
                                "mtime": 1733098654.0,
                                "size": 16
                            },
                            "deserializer": "directory",
                            "file": {
                                "libgmp10": {
                                    "stat": {
                                        "perm": 16877,
                                        "uid": 0,
                                        "gid": 0,
                                        "ctime": 1777906378.6313155,
                                        "mtime": 1733098654.0,
                                        "size": 106
                                    },
                                    "deserializer": "directory",
                                    "file": {
                                        "README.Debian": {
                                            "stat": {
                                                "perm": 33188,
                                                "uid": 0,
                                                "gid": 0,
                                                "ctime": 1777906378.6313155,
                                                "mtime": 1733098654.0,
                                                "size": 334
                                            },
                                            "deserializer": "url",
                                            "file": "/blobs/d1775a26bb45dcae5fae14312945a30822706fe992da77296672170e12e82d7d"
                                        },
                                        "changelog.Debian.gz": {
                                            "stat": {
                                                "perm": 33188,
                                                "uid": 0,
                                                "gid": 0,
                                                "ctime": 1777906378.6313155,
                                                "mtime": 1733098654.0,
                                                "size": 1764
                                            },
                                            "deserializer": "url",
                                            "file": "/blobs/eba45acf1c7220c57cf1a1b21a0ed8996de7ac0162f07824df86814694dbcc4d"
                                        },
                                        "changelog.gz": {
                                            "stat": {
                                                "perm": 33188,
                                                "uid": 0,
                                                "gid": 0,
                                                "ctime": 1777906378.6313155,
                                                "mtime": 1690735486.0,
                                                "size": 316684
                                            },
                                            "deserializer": "url",