{
    "deserializer": "directory",
    "stat": {
        "perm": 16877,
        "uid": 0,
        "gid": 0,
        "mtime": 1413926371.0,
        "ctime": 1424734189.4179695,
        "size": 4096
    },
    "file": {
        "usr": {
            "deserializer": "directory",
            "stat": {
                "perm": 16877,
                "uid": 0,
                "gid": 0,
                "mtime": 1413926368.0,
                "ctime": 1424734189.4179695,
                "size": 4096
            },
            "file": {
                "lib": {
                    "deserializer": "directory",
                    "stat": {
                        "perm": 16877,
                        "uid": 0,
                        "gid": 0,
                        "mtime": 1413926366.0,
                        "ctime": 1424734189.4179695,
                        "size": 4096
                    },
                    "file": {
                        "x86_64-linux-gnu": {
                            "deserializer": "directory",
                            "stat": {
                                "perm": 16877,
                                "uid": 0,
                                "gid": 0,
                                "mtime": 1413926371.0,
                                "ctime": 1424734189.4179695,
                                "size": 4096
                            },
                            "file": {
                                "libgmp.so.10": {
                                    "deserializer": "symlink",
                                    "stat": {
                                        "perm": 41471,
                                        "uid": 0,
                                        "gid": 0,
                                        "mtime": 1424734189.4179695,
                                        "ctime": 1424734189.4179695,
                                        "size": 16
                                    },
                                    "file": "libgmp.so.10.2.0"
                                },
                                "libgmp.so.10.2.0": {
                                    "deserializer": "url",
                                    "stat": {
                                        "perm": 33188,
                                        "uid": 0,
                                        "gid": 0,
                                        "mtime": 1413926370.0,
                                        "ctime": 1424734189.4179695,
                                        "size": 522600
                                    },
                                    "file": "http://d1fhml1jgvxldu.cloudfront.net/1d9a42e256c49a8a57731240e89cf600"
                                }
                            }
                        }
                    }
                },
                "share": {
                    "deserializer": "directory",
                    "stat": {
                        "perm": 16877,
                        "uid": 0,
                        "gid": 0,
                        "mtime": 1413926368.0,
                        "ctime": 1424734189.4179695,
                        "size": 4096
                    },
                    "file": {
                        "doc": {
                            "deserializer": "directory",
                            "stat": {
                                "perm": 16877,
                                "uid": 0,
                                "gid": 0,
                                "mtime": 1413926368.0,
                                "ctime": 1424734189.4179695,
                                "size": 4096
                            },
                            "file": {
                                "libgmp10": {
                                    "deserializer": "directory",
                                    "stat": {
                                        "perm": 16877,
                                        "uid": 0,
                                        "gid": 0,
                                        "mtime": 1413926371.0,
                                        "ctime": 1424734189.4179695,
                                        "size": 4096
                                    },
                                    "file": {
                                        "changelog.Debian.gz": {
                                            "deserializer": "url",
                                            "stat": {
                                                "perm": 33188,
                                                "uid": 0,
                                                "gid": 0,
                                                "mtime": 1413926381.0,
                                                "ctime": 1424734189.4179695,
                                                "size": 1267
                                            },
                                            "file": "http://d1fhml1jgvxldu.cloudfront.net/41fc9867818d2b4117cecfc3832b443e"
                                        },
                                        "README.Debian": {
                                            "deserializer": "url",
                                            "stat": {
                                                "perm": 33188,
                                                "uid": 0,
                                                "gid": 0,
                                                "mtime": 1398903313.0,
                                                "ctime": 1424734189.4179695,
                                                "size": 334
                                            },
                                            "file": "http://d1fhml1jgvxldu.cloudfront.net/061786ca72ba56ab851af66f5b4566b4"
                                        },
                                        "copyright": {
                                            "deserializer": "url",
                                            "stat": {
                                                "perm": 33188,
                                                "uid": 0,
                                                "gid": 0,
                                                "mtime": 1398903313.0,
                                                "ctime": 1424734189.4179695,
                                                "size": 2019
                                            },
                                            "file": "http://d1fhml1jgvxldu.cloudfront.net/a2e7dae6af89d823171690778148652b"
                                        }
                                    }
                                }
                            }
                        }
                    }
                }
            }
        },
        "control": {
            "deserializer": "directory",
            "stat": {
                "perm": 16893,
                "uid": 0,
                "gid": 0,
                "mtime": 1424734189.3779693,
                "ctime": 1424734189.3779693,
                "size": 4096
            },
            "file": {
                "packages": {
                    "deserializer": "directory",
                    "stat": {
                        "perm": 16893,
                        "uid": 0,
                        "gid": 0,
                        "mtime": 1424734189.3779693,
                        "ctime": 1424734189.3779693,
                        "size": 4096
                    },
                    "file": {
                        "libc6 (>= 2.14)": {
                            "deserializer": "directory",
                            "stat": {
                                "perm": 16893,
                                "uid": 0,
                                "gid": 0,
                                "mtime": 1424734189.3779693,