{
    "stat": {
        "ctime": 1424389426.6191964,
        "mtime": 1410092183.0,
        "perm": 16877,
        "gid": 0,
        "uid": 0,
        "size": 4096
    },
    "file": {
        "control": {
            "stat": {
                "ctime": 1424389426.6071966,
                "mtime": 1424389426.6071966,
                "perm": 16893,
                "gid": 0,
                "uid": 0,
                "size": 4096
            },
            "file": {
                "packages": {
                    "stat": {
                        "ctime": 1424389426.6071966,
                        "mtime": 1424389426.6071966,
                        "perm": 16893,
                        "gid": 0,
                        "uid": 0,
                        "size": 4096
                    },
                    "file": {
                        "libc6 (>= 2.14)": {
                            "stat": {
                                "ctime": 1424389426.6071966,
                                "mtime": 1424389426.6071966,
                                "perm": 16893,
                                "gid": 0,
                                "uid": 0,
                                "size": 4096
                            },
                            "file": {},
                            "deserializer": "directory"
                        }
                    },
                    "deserializer": "directory"
                }
            },
            "deserializer": "directory"
        },
        "lib": {
            "stat": {
                "ctime": 1424389426.6191964,
                "mtime": 1410092178.0,
                "perm": 16877,
                "gid": 0,
                "uid": 0,
                "size": 4096
            },
            "file": {
                "x86_64-linux-gnu": {
                    "stat": {
                        "ctime": 1424389426.6191964,
                        "mtime": 1410092183.0,
                        "perm": 16877,
                        "gid": 0,
                        "uid": 0,
                        "size": 4096
                    },
                    "file": {
                        "libgpg-error.so.0": {
                            "stat": {
                                "ctime": 1424389426.6191964,
                                "mtime": 1424389426.6191964,
                                "perm": 41471,
                                "gid": 0,
                                "uid": 0,
                                "size": 22
                            },
                            "file": "libgpg-error.so.0.11.0",
                            "deserializer": "symlink"
                        },
                        "libgpg-error.so.0.11.0": {
                            "stat": {
                                "ctime": 1424389426.6151965,
                                "mtime": 1410092183.0,
                                "perm": 33188,
                                "gid": 0,
                                "uid": 0,
                                "size": 18472
                            },
                            "file": "http://d1fhml1jgvxldu.cloudfront.net/525bb97d326556bfe566e956a265fd12",
                            "deserializer": "url"
                        }
                    },
                    "deserializer": "directory"
                }
            },
            "deserializer": "directory"
        },
        "usr": {
            "stat": {
                "ctime": 1424389426.6191964,
                "mtime": 1410092178.0,
                "perm": 16877,
                "gid": 0,
                "uid": 0,
                "size": 4096
            },
            "file": {
                "share": {
                    "stat": {
                        "ctime": 1424389426.6191964,
                        "mtime": 1410092192.0,
                        "perm": 16877,
                        "gid": 0,
                        "uid": 0,
                        "size": 4096
                    },
                    "file": {
                        "doc": {
                            "stat": {
                                "ctime": 1424389426.6191964,
                                "mtime": 1410092179.0,
                                "perm": 16877,
                                "gid": 0,
                                "uid": 0,
                                "size": 4096
                            },
                            "file": {
                                "libgpg-error0": {
                                    "stat": {
                                        "ctime": 1424389426.6191964,
                                        "mtime": 1410092194.0,
                                        "perm": 16877,
                                        "gid": 0,
                                        "uid": 0,
                                        "size": 4096
                                    },
                                    "file": {
                                        "copyright": {
                                            "stat": {
                                                "ctime": 1424389426.6191964,
                                                "mtime": 1409259139.0,
                                                "perm": 33188,
                                                "gid": 0,
                                                "uid": 0,
                                                "size": 1181
                                            },
                                            "file": "http://d1fhml1jgvxldu.cloudfront.net/c712cee0378b94325a746d1828608cff",
                                            "deserializer": "url"
                                        },
                                        "changelog.Debian.gz": {
                                            "stat": {
                                                "ctime": 1424389426.6191964,
                                                "mtime": 1410092194.0,
                                                "perm": 33188,
                                                "gid": 0,
                                                "uid": 0,
                                                "size": 1398
                                            },
                                            "file": "http://d1fhml1jgvxldu.cloudfront.net/18404449457ca94a81c3b968af0aee81",
                                            "deserializer": "url"
                                        },
                                        "README.gz": {
                                            "stat": {
                                                "ctime": 1424389426.6191964,
                                                "mtime": 1389977689.0,
                                                "perm": 33188,
                                                "gid": 0,
                                                "uid": 0,
                                                "size": 2240
                                            },
                                            "file": "http://d1fhml1jgvxldu.cloudfront.net/1f1fa74e52fabbeab30b7c55e016632c",
                                            "deserializer": "url"
                                        }
                                    },
                                    "deserializer": "directory"
                                }
                            },
                            "deserializer": "directory"
                        }
                    },
                    "deserializer": "directory"
                }
            },
            "deserializer": "directory"
        }
    },
    "deserializer": "directory"
}