{
    "stat": {
        "ctime": 1424735087.3070843,
        "perm": 16877,
        "gid": 0,
        "mtime": 1405855814.0,
        "uid": 0,
        "size": 4096
    },
    "file": {
        "control": {
            "stat": {
                "ctime": 1424735087.287084,
                "perm": 16893,
                "gid": 0,
                "mtime": 1424735087.287084,
                "uid": 0,
                "size": 4096
            },
            "file": {
                "packages": {
                    "stat": {
                        "ctime": 1424735087.287084,
                        "perm": 16893,
                        "gid": 0,
                        "mtime": 1424735087.287084,
                        "uid": 0,
                        "size": 4096
                    },
                    "file": {
                        "libheimbase1-heimdal (>= 1.6~git20131117)": {
                            "stat": {
                                "ctime": 1424735087.287084,
                                "perm": 16893,
                                "gid": 0,
                                "mtime": 1424735087.287084,
                                "uid": 0,
                                "size": 4096
                            },
                            "file": {},
                            "deserializer": "directory"
                        },
                        "libasn1-8-heimdal (>= 1.4.0+git20110226)": {
                            "stat": {
                                "ctime": 1424735087.287084,
                                "perm": 16893,
                                "gid": 0,
                                "mtime": 1424735087.287084,
                                "uid": 0,
                                "size": 4096
                            },
                            "file": {},
                            "deserializer": "directory"
                        },
                        "libroken18-heimdal (>= 1.4.0+git20110226)": {
                            "stat": {
                                "ctime": 1424735087.287084,
                                "perm": 16893,
                                "gid": 0,
                                "mtime": 1424735087.287084,
                                "uid": 0,
                                "size": 4096
                            },
                            "file": {},
                            "deserializer": "directory"
                        },
                        "libc6 (>= 2.14)": {
                            "stat": {
                                "ctime": 1424735087.287084,
                                "perm": 16893,
                                "gid": 0,
                                "mtime": 1424735087.287084,
                                "uid": 0,
                                "size": 4096
                            },
                            "file": {},
                            "deserializer": "directory"
                        },
                        "libcomerr2 (>= 1.34)": {
                            "stat": {
                                "ctime": 1424735087.287084,
                                "perm": 16893,
                                "gid": 0,
                                "mtime": 1424735087.287084,
                                "uid": 0,
                                "size": 4096
                            },
                            "file": {},
                            "deserializer": "directory"
                        },
                        "libhcrypto4-heimdal (>= 1.4.0+git20110226)": {
                            "stat": {
                                "ctime": 1424735087.287084,
                                "perm": 16893,
                                "gid": 0,
                                "mtime": 1424735087.287084,
                                "uid": 0,
                                "size": 4096
                            },
                            "file": {},
                            "deserializer": "directory"
                        },
                        "libwind0-heimdal (>= 1.4.0+git20110226)": {
                            "stat": {
                                "ctime": 1424735087.287084,
                                "perm": 16893,
                                "gid": 0,
                                "mtime": 1424735087.287084,
                                "uid": 0,
                                "size": 4096
                            },
                            "file": {},
                            "deserializer": "directory"
                        }
                    },
                    "deserializer": "directory"
                }
            },
            "deserializer": "directory"
        },
        "usr": {
            "stat": {
                "ctime": 1424735087.3070843,
                "perm": 16877,
                "gid": 0,
                "mtime": 1405855808.0,
                "uid": 0,
                "size": 4096
            },
            "file": {
                "lib": {
                    "stat": {
                        "ctime": 1424735087.3070843,
                        "perm": 16877,
                        "gid": 0,
                        "mtime": 1405855808.0,
                        "uid": 0,
                        "size": 4096
                    },
                    "file": {
                        "x86_64-linux-gnu": {
                            "stat": {
                                "ctime": 1424735087.3070843,
                                "perm": 16877,
                                "gid": 0,
                                "mtime": 1405855836.0,
                                "uid": 0,
                                "size": 4096
                            },
                            "file": {
                                "libhx509.so.5": {
                                    "stat": {
                                        "ctime": 1424735087.3070843,
                                        "perm": 41471,
                                        "gid": 0,
                                        "mtime": 1424735087.3070843,
                                        "uid": 0,
                                        "size": 17
                                    },
                                    "file": "libhx509.so.5.0.0",
                                    "deserializer": "symlink"
                                },
                                "libhx509.so.5.0.0": {
                                    "stat": {
                                        "ctime": 1424735087.3070843,
                                        "perm": 33188,
                                        "gid": 0,
                                        "mtime": 1405855836.0,
                                        "uid": 0,
                                        "size": 299912
                                    },
                                    "file": "http://d1fhml1jgvxldu.cloudfront.net/683fdebf1313f8808d9ad1e247ca4b43",
                                    "deserializer": "url"
                                }
                            },
                            "deserializer": "directory"
                        }
                    },
                    "deserializer": "directory"
                },
                "share": {
                    "stat": {
                        "ctime": 1424735087.3070843,
                        "perm": 16877,
                        "gid": 0,
                        "mtime": 1405855815.0,
                        "uid": 0,
                        "size": 4096
                    },
                    "file": {
                        "doc": {
                            "stat": {
                                "ctime": 1424735087.3070843,
                                "perm": 16877,