{
    "stat": {
        "ctime": 1424735318.1283877,
        "size": 4096,
        "gid": 0,
        "perm": 16877,
        "mtime": 1386232192.0,
        "uid": 0
    },
    "file": {
        "control": {
            "stat": {
                "ctime": 1424735318.1043875,
                "size": 4096,
                "gid": 0,
                "perm": 16893,
                "mtime": 1424735318.1043875,
                "uid": 0
            },
            "file": {
                "packages": {
                    "stat": {
                        "ctime": 1424735318.1043875,
                        "size": 4096,
                        "gid": 0,
                        "perm": 16893,
                        "mtime": 1424735318.1043875,
                        "uid": 0
                    },
                    "file": {
                        "libc6 (>= 2.14)": {
                            "stat": {
                                "ctime": 1424735318.1043875,
                                "size": 4096,
                                "gid": 0,
                                "perm": 16893,
                                "mtime": 1424735318.1043875,
                                "uid": 0
                            },
                            "file": {},
                            "deserializer": "directory"
                        }
                    },
                    "deserializer": "directory"
                }
            },
            "deserializer": "directory"
        },
        "usr": {
            "stat": {
                "ctime": 1424735318.1283877,
                "size": 4096,
                "gid": 0,
                "perm": 16877,
                "mtime": 1386232189.0,
                "uid": 0
            },
            "file": {
                "lib": {
                    "stat": {
                        "ctime": 1424735318.1243877,
                        "size": 4096,
                        "gid": 0,
                        "perm": 16877,
                        "mtime": 1386232189.0,
                        "uid": 0
                    },
                    "file": {
                        "x86_64-linux-gnu": {
                            "stat": {
                                "ctime": 1424735318.1243877,
                                "size": 4096,
                                "gid": 0,
                                "perm": 16877,
                                "mtime": 1386232191.0,
                                "uid": 0
                            },
                            "file": {
                                "libidn.so.11.6.11": {
                                    "stat": {
                                        "ctime": 1424735318.1243877,
                                        "size": 207128,
                                        "gid": 0,
                                        "perm": 33188,
                                        "mtime": 1386232191.0,
                                        "uid": 0
                                    },
                                    "file": "http://d1fhml1jgvxldu.cloudfront.net/9e5bd66f97049e5d5b6e77aa19a04597",
                                    "deserializer": "url"
                                },
                                "libidn.so.11": {
                                    "stat": {
                                        "ctime": 1424735318.1243877,
                                        "size": 17,
                                        "gid": 0,
                                        "perm": 41471,
                                        "mtime": 1424735318.1243877,
                                        "uid": 0
                                    },
                                    "file": "libidn.so.11.6.11",
                                    "deserializer": "symlink"
                                }
                            },
                            "deserializer": "directory"
                        }
                    },
                    "deserializer": "directory"
                },
                "share": {
                    "stat": {
                        "ctime": 1424735318.1243877,
                        "size": 4096,
                        "gid": 0,
                        "perm": 16877,
                        "mtime": 1386232189.0,
                        "uid": 0
                    },
                    "file": {
                        "doc": {
                            "stat": {
                                "ctime": 1424735318.1243877,
                                "size": 4096,
                                "gid": 0,
                                "perm": 16877,
                                "mtime": 1386232189.0,
                                "uid": 0
                            },
                            "file": {
                                "libidn11": {
                                    "stat": {
                                        "ctime": 1424735318.1243877,
                                        "size": 4096,
                                        "gid": 0,
                                        "perm": 16877,
                                        "mtime": 1386232203.0,
                                        "uid": 0
                                    },
                                    "file": {
                                        "THANKS": {
                                            "stat": {
                                                "ctime": 1424735318.1243877,
                                                "size": 2780,
                                                "gid": 0,
                                                "perm": 33188,
                                                "mtime": 1370466000.0,
                                                "uid": 0
                                            },
                                            "file": "http://d1fhml1jgvxldu.cloudfront.net/4ced3cf0323f2f65240ac674ffb93b07",
                                            "deserializer": "url"
                                        },
                                        "README": {
                                            "stat": {
                                                "ctime": 1424735318.1203878,
                                                "size": 1206,
                                                "gid": 0,
                                                "perm": 33188,
                                                "mtime": 1370459514.0,
                                                "uid": 0
                                            },
                                            "file": "http://d1fhml1jgvxldu.cloudfront.net/158a20ecebebe7e3410da63fb82eb735",
                                            "deserializer": "url"
                                        },
                                        "changelog.Debian.gz": {
                                            "stat": {
                                                "ctime": 1424735318.1243877,
                                                "size": 873,
                                                "gid": 0,
                                                "perm": 33188,
                                                "mtime": 1386232203.0,
                                                "uid": 0
                                            },
                                            "file": "http://d1fhml1jgvxldu.cloudfront.net/0d577e2e93fc7d6a8671ae1ba6570aef",
                                            "deserializer": "url"
                                        },
                                        "NEWS.gz": {
                                            "stat": {
                                                "ctime": 1424735318.1203878,