{
    "stat": {
        "perm": 16877,
        "uid": 0,
        "gid": 0,
        "ctime": 1777906378.7233202,
        "mtime": 1740330734.0,
        "size": 20
    },
    "deserializer": "directory",
    "file": {
        "control": {
            "stat": {
                "perm": 16893,
                "uid": 0,
                "gid": 0,
                "ctime": 1777906378.71932,
                "mtime": 1777906378.71932,
                "size": 16
            },
            "deserializer": "directory",
            "file": {
                "packages": {
                    "stat": {
                        "perm": 16893,
                        "uid": 0,
                        "gid": 0,
                        "ctime": 1777906378.71932,
                        "mtime": 1777906378.71932,
                        "size": 86
                    },
                    "deserializer": "directory",
                    "file": {
                        "libc6 (>= 2.38)": {
                            "stat": {
                                "perm": 16893,
                                "uid": 0,
                                "gid": 0,
                                "ctime": 1777906378.71932,
                                "mtime": 1777906378.71932,
                                "size": 0
                            },
                            "deserializer": "directory",
                            "file": {}
                        },
                        "libkrb5support0 (= 1.21.3-5)": {
                            "stat": {
                                "perm": 16893,
                                "uid": 0,
                                "gid": 0,
                                "ctime": 1777906378.71932,
                                "mtime": 1777906378.71932,
                                "size": 0
                            },
                            "deserializer": "directory",
                            "file": {}
                        }
                    }
                }
            }
        },
        "usr": {
            "stat": {
                "perm": 16877,
                "uid": 0,
                "gid": 0,
                "ctime": 1777906378.7233202,
                "mtime": 1740330734.0,
                "size": 16
            },
            "deserializer": "directory",
            "file": {
                "lib": {
                    "stat": {
                        "perm": 16877,
                        "uid": 0,
                        "gid": 0,
                        "ctime": 1777906378.7233202,
                        "mtime": 1740330734.0,
                        "size": 32
                    },
                    "deserializer": "directory",
                    "file": {
                        "x86_64-linux-gnu": {
                            "stat": {
                                "perm": 16877,
                                "uid": 0,
                                "gid": 0,
                                "ctime": 1777906378.7233202,
                                "mtime": 1740330734.0,
                                "size": 68
                            },
                            "deserializer": "directory",
                            "file": {
                                "libk5crypto.so.3.1": {
                                    "stat": {
                                        "perm": 33188,
                                        "uid": 0,
                                        "gid": 0,
                                        "ctime": 1777906378.7233202,
                                        "mtime": 1740330734.0,
                                        "size": 187144
                                    },
                                    "deserializer": "url",
                                    "file": "/blobs/5ede8e64229784cdbdeaff22e4d96f28d79303967e0873df6abd25cf02bb4446"
                                },
                                "libk5crypto.so.3": {
                                    "stat": {
                                        "perm": 41471,
                                        "uid": 0,
                                        "gid": 0,
                                        "ctime": 1777906378.7233202,
                                        "mtime": 1777906378.7233202,
                                        "size": 18
                                    },
                                    "deserializer": "symlink",
                                    "file": "libk5crypto.so.3.1"
                                }
                            }
                        }
                    }
                },
                "share": {
                    "stat": {
                        "perm": 16877,
                        "uid": 0,
                        "gid": 0,
                        "ctime": 1777906378.7233202,
                        "mtime": 1740330734.0,
                        "size": 6
                    },
                    "deserializer": "directory",
                    "file": {
                        "doc": {
                            "stat": {
                                "perm": 16877,
                                "uid": 0,
                                "gid": 0,
                                "ctime": 1777906378.7233202,
                                "mtime": 1740330734.0,
                                "size": 24
                            },
                            "deserializer": "directory",
                            "file": {
                                "libk5crypto3": {
                                    "stat": {
                                        "perm": 16877,
                                        "uid": 0,
                                        "gid": 0,
                                        "ctime": 1777906378.7233202,
                                        "mtime": 1740330734.0,
                                        "size": 56
                                    },
                                    "deserializer": "directory",
                                    "file": {
                                        "changelog.Debian.gz": {
                                            "stat": {
                                                "perm": 33188,
                                                "uid": 0,
                                                "gid": 0,
                                                "ctime": 1777906378.7233202,
                                                "mtime": 1740330734.0,
                                                "size": 4285
                                            },
                                            "deserializer": "url",
                                            "file": "/blobs/d5b2af4d1cee3468e63aee6340d6dea2f702d425e4ac1df63b6070b942dfee1f"
                                        },
                                        "copyright": {
                                            "stat": {
                                                "perm": 33188,
                                                "uid": 0,
                                                "gid": 0,
                                                "ctime": 1777906378.7233202,
                                                "mtime": 1740330734.0,
                                                "size": 63047
                                            },
                                            "deserializer": "url",
                                            "file": "/blobs/936728f4181718f42951b881c1e8f1386bf6b2723c4fbc533c374d6f42c71816"
                                        }
                                    }
                                }
                            }
                        }
                    }
                }
            }
        }
    }
}