{
    "stat": {
        "perm": 16877,
        "uid": 0,
        "gid": 0,
        "ctime": 1777906378.7433212,
        "mtime": 1740330734.0,
        "size": 20
    },
    "deserializer": "directory",
    "file": {
        "control": {
            "stat": {
                "perm": 16893,
                "uid": 0,
                "gid": 0,
                "ctime": 1777906378.739321,
                "mtime": 1777906378.739321,
                "size": 16
            },
            "deserializer": "directory",
            "file": {
                "packages": {
                    "stat": {
                        "perm": 16893,
                        "uid": 0,
                        "gid": 0,
                        "ctime": 1777906378.739321,
                        "mtime": 1777906378.739321,
                        "size": 30
                    },
                    "deserializer": "directory",
                    "file": {
                        "libc6 (>= 2.38)": {
                            "stat": {
                                "perm": 16893,
                                "uid": 0,
                                "gid": 0,
                                "ctime": 1777906378.739321,
                                "mtime": 1777906378.739321,
                                "size": 0
                            },
                            "deserializer": "directory",
                            "file": {}
                        }
                    }
                }
            }
        },
        "usr": {
            "stat": {
                "perm": 16877,
                "uid": 0,
                "gid": 0,
                "ctime": 1777906378.7433212,
                "mtime": 1740330734.0,
                "size": 16
            },
            "deserializer": "directory",
            "file": {
                "lib": {
                    "stat": {
                        "perm": 16877,
                        "uid": 0,
                        "gid": 0,
                        "ctime": 1777906378.7433212,
                        "mtime": 1740330734.0,
                        "size": 32
                    },
                    "deserializer": "directory",
                    "file": {
                        "x86_64-linux-gnu": {
                            "stat": {
                                "perm": 16877,
                                "uid": 0,
                                "gid": 0,
                                "ctime": 1777906378.7433212,
                                "mtime": 1740330734.0,
                                "size": 80
                            },
                            "deserializer": "directory",
                            "file": {
                                "libkrb5support.so.0.1": {
                                    "stat": {
                                        "perm": 33188,
                                        "uid": 0,
                                        "gid": 0,
                                        "ctime": 1777906378.7433212,
                                        "mtime": 1740330734.0,
                                        "size": 52208
                                    },
                                    "deserializer": "url",
                                    "file": "/blobs/83a7f2d865b606db05a4bb3d5150af0d24b39b69c4c5a0b80497b6702cbf00b1"
                                },
                                "libkrb5support.so.0": {
                                    "stat": {
                                        "perm": 41471,
                                        "uid": 0,
                                        "gid": 0,
                                        "ctime": 1777906378.7433212,
                                        "mtime": 1777906378.7433212,
                                        "size": 21
                                    },
                                    "deserializer": "symlink",
                                    "file": "libkrb5support.so.0.1"
                                }
                            }
                        }
                    }
                },
                "share": {
                    "stat": {
                        "perm": 16877,
                        "uid": 0,
                        "gid": 0,
                        "ctime": 1777906378.7433212,
                        "mtime": 1740330734.0,
                        "size": 20
                    },
                    "deserializer": "directory",
                    "file": {
                        "doc": {
                            "stat": {
                                "perm": 16877,
                                "uid": 0,
                                "gid": 0,
                                "ctime": 1777906378.7433212,
                                "mtime": 1740330734.0,
                                "size": 30
                            },
                            "deserializer": "directory",
                            "file": {
                                "libkrb5support0": {
                                    "stat": {
                                        "perm": 16877,
                                        "uid": 0,
                                        "gid": 0,
                                        "ctime": 1777906378.7433212,
                                        "mtime": 1740330734.0,
                                        "size": 56
                                    },
                                    "deserializer": "directory",
                                    "file": {
                                        "changelog.Debian.gz": {
                                            "stat": {
                                                "perm": 33188,
                                                "uid": 0,
                                                "gid": 0,
                                                "ctime": 1777906378.7433212,
                                                "mtime": 1740330734.0,
                                                "size": 4285
                                            },
                                            "deserializer": "url",
                                            "file": "/blobs/0378dff1ea47daca77c9958bff62926fe6824024c321b87bbae2d9063d56887d"
                                        },
                                        "copyright": {
                                            "stat": {
                                                "perm": 33188,
                                                "uid": 0,
                                                "gid": 0,
                                                "ctime": 1777906378.7433212,
                                                "mtime": 1740330734.0,
                                                "size": 63047
                                            },
                                            "deserializer": "url",
                                            "file": "/blobs/936728f4181718f42951b881c1e8f1386bf6b2723c4fbc533c374d6f42c71816"
                                        }
                                    }
                                }
                            }
                        },
                        "lintian": {
                            "stat": {
                                "perm": 16877,
                                "uid": 0,
                                "gid": 0,
                                "ctime": 1777906378.7433212,
                                "mtime": 1740330734.0,
                                "size": 18
                            },
                            "deserializer": "directory",