{
    "stat": {
        "perm": 16877,
        "uid": 0,
        "gid": 0,
        "ctime": 1777906378.7353208,
        "mtime": 1740330734.0,
        "size": 20
    },
    "deserializer": "directory",
    "file": {
        "control": {
            "stat": {
                "perm": 16893,
                "uid": 0,
                "gid": 0,
                "ctime": 1777906378.7233202,
                "mtime": 1777906378.7233202,
                "size": 16
            },
            "deserializer": "directory",
            "file": {
                "packages": {
                    "stat": {
                        "perm": 16893,
                        "uid": 0,
                        "gid": 0,
                        "ctime": 1777906378.7233202,
                        "mtime": 1777906378.7233202,
                        "size": 264
                    },
                    "deserializer": "directory",
                    "file": {
                        "libkrb5support0 (= 1.21.3-5)": {
                            "stat": {
                                "perm": 16893,
                                "uid": 0,
                                "gid": 0,
                                "ctime": 1777906378.7233202,
                                "mtime": 1777906378.7233202,
                                "size": 0
                            },
                            "deserializer": "directory",
                            "file": {}
                        },
                        "libc6 (>= 2.38)": {
                            "stat": {
                                "perm": 16893,
                                "uid": 0,
                                "gid": 0,
                                "ctime": 1777906378.7233202,
                                "mtime": 1777906378.7233202,
                                "size": 0
                            },
                            "deserializer": "directory",
                            "file": {}
                        },
                        "libcom-err2 (>= 1.43.9)": {
                            "stat": {
                                "perm": 16893,
                                "uid": 0,
                                "gid": 0,
                                "ctime": 1777906378.7233202,
                                "mtime": 1777906378.7233202,
                                "size": 0
                            },
                            "deserializer": "directory",
                            "file": {}
                        },
                        "libk5crypto3 (>= 1.20)": {
                            "stat": {
                                "perm": 16893,
                                "uid": 0,
                                "gid": 0,
                                "ctime": 1777906378.7233202,
                                "mtime": 1777906378.7233202,
                                "size": 0
                            },
                            "deserializer": "directory",
                            "file": {}
                        },
                        "libkeyutils1 (>= 1.5.9)": {
                            "stat": {
                                "perm": 16893,
                                "uid": 0,
                                "gid": 0,
                                "ctime": 1777906378.7233202,
                                "mtime": 1777906378.7233202,
                                "size": 0
                            },
                            "deserializer": "directory",
                            "file": {}
                        },
                        "libssl3t64 (>= 3.0.0)": {
                            "stat": {
                                "perm": 16893,
                                "uid": 0,
                                "gid": 0,
                                "ctime": 1777906378.7233202,
                                "mtime": 1777906378.7233202,
                                "size": 0
                            },
                            "deserializer": "directory",
                            "file": {}
                        }
                    }
                }
            }
        },
        "usr": {
            "stat": {
                "perm": 16877,
                "uid": 0,
                "gid": 0,
                "ctime": 1777906378.7353208,
                "mtime": 1740330734.0,
                "size": 16
            },
            "deserializer": "directory",
            "file": {
                "lib": {
                    "stat": {
                        "perm": 16877,
                        "uid": 0,
                        "gid": 0,
                        "ctime": 1777906378.7353208,
                        "mtime": 1740330734.0,
                        "size": 32
                    },
                    "deserializer": "directory",
                    "file": {
                        "x86_64-linux-gnu": {
                            "stat": {
                                "perm": 16877,
                                "uid": 0,
                                "gid": 0,
                                "ctime": 1777906378.7353208,
                                "mtime": 1740330734.0,
                                "size": 60
                            },
                            "deserializer": "directory",
                            "file": {
                                "krb5": {
                                    "stat": {
                                        "perm": 16877,
                                        "uid": 0,
                                        "gid": 0,
                                        "ctime": 1777906378.7353208,
                                        "mtime": 1740330734.0,
                                        "size": 14
                                    },
                                    "deserializer": "directory",
                                    "file": {
                                        "plugins": {
                                            "stat": {
                                                "perm": 16877,
                                                "uid": 0,
                                                "gid": 0,
                                                "ctime": 1777906378.7353208,
                                                "mtime": 1740330734.0,
                                                "size": 28
                                            },
                                            "deserializer": "directory",
                                            "file": {
                                                "libkrb5": {
                                                    "stat": {
                                                        "perm": 16877,
                                                        "uid": 0,
                                                        "gid": 0,
                                                        "ctime": 1777906378.7353208,
                                                        "mtime": 1740330734.0,
                                                        "size": 0
                                                    },
                                                    "deserializer": "directory",
                                                    "file": {}
                                                },
                                                "preauth": {
                                                    "stat": {
                                                        "perm": 16877,
                                                        "uid": 0,
                                                        "gid": 0,
                                                        "ctime": 1777906378.7353208,
                                                        "mtime": 1740330734.0,