{
    "stat": {
        "uid": 0,
        "ctime": 1424382070.7200596,
        "mtime": 1423257818.0,
        "perm": 16877,
        "size": 4096,
        "gid": 0
    },
    "file": {
        "control": {
            "stat": {
                "uid": 0,
                "ctime": 1424382070.6840594,
                "mtime": 1424382070.6840594,
                "perm": 16893,
                "size": 4096,
                "gid": 0
            },
            "file": {
                "packages": {
                    "stat": {
                        "uid": 0,
                        "ctime": 1424382070.6840594,
                        "mtime": 1424382070.6840594,
                        "perm": 16893,
                        "size": 4096,
                        "gid": 0
                    },
                    "file": {
                        "libkrb5support0 (= 1.12.1+dfsg-10ubuntu0.1)": {
                            "stat": {
                                "uid": 0,
                                "ctime": 1424382070.6840594,
                                "mtime": 1424382070.6840594,
                                "perm": 16893,
                                "size": 4096,
                                "gid": 0
                            },
                            "file": {},
                            "deserializer": "directory"
                        },
                        "libk5crypto3 (>= 1.9+dfsg~beta1)": {
                            "stat": {
                                "uid": 0,
                                "ctime": 1424382070.6840594,
                                "mtime": 1424382070.6840594,
                                "perm": 16893,
                                "size": 4096,
                                "gid": 0
                            },
                            "file": {},
                            "deserializer": "directory"
                        },
                        "libcomerr2 (>= 1.34)": {
                            "stat": {
                                "uid": 0,
                                "ctime": 1424382070.6840594,
                                "mtime": 1424382070.6840594,
                                "perm": 16893,
                                "size": 4096,
                                "gid": 0
                            },
                            "file": {},
                            "deserializer": "directory"
                        },
                        "libkeyutils1 (>= 1.5.9)": {
                            "stat": {
                                "uid": 0,
                                "ctime": 1424382070.6840594,
                                "mtime": 1424382070.6840594,
                                "perm": 16893,
                                "size": 4096,
                                "gid": 0
                            },
                            "file": {},
                            "deserializer": "directory"
                        },
                        "libc6 (>= 2.16)": {
                            "stat": {
                                "uid": 0,
                                "ctime": 1424382070.6840594,
                                "mtime": 1424382070.6840594,
                                "perm": 16893,
                                "size": 4096,
                                "gid": 0
                            },
                            "file": {},
                            "deserializer": "directory"
                        }
                    },
                    "deserializer": "directory"
                }
            },
            "deserializer": "directory"
        },
        "usr": {
            "stat": {
                "uid": 0,
                "ctime": 1424382070.7200596,
                "mtime": 1423257818.0,
                "perm": 16877,
                "size": 4096,
                "gid": 0
            },
            "file": {
                "share": {
                    "stat": {
                        "uid": 0,
                        "ctime": 1424382070.7200596,
                        "mtime": 1423257819.0,
                        "perm": 16877,
                        "size": 4096,
                        "gid": 0
                    },
                    "file": {
                        "lintian": {
                            "stat": {
                                "uid": 0,
                                "ctime": 1424382070.7200596,
                                "mtime": 1423257819.0,
                                "perm": 16877,
                                "size": 4096,
                                "gid": 0
                            },
                            "file": {
                                "overrides": {
                                    "stat": {
                                        "uid": 0,
                                        "ctime": 1424382070.7200596,
                                        "mtime": 1423257819.0,
                                        "perm": 16877,
                                        "size": 4096,
                                        "gid": 0
                                    },
                                    "file": {
                                        "libkrb5-3": {
                                            "stat": {
                                                "uid": 0,
                                                "ctime": 1424382070.7160597,
                                                "mtime": 1411411638.0,
                                                "perm": 33188,
                                                "size": 60,
                                                "gid": 0
                                            },
                                            "file": "http://d1fhml1jgvxldu.cloudfront.net/0a0210fa81572d81c7f9ed6b0e07fe46",
                                            "deserializer": "url"
                                        }
                                    },
                                    "deserializer": "directory"
                                }
                            },
                            "deserializer": "directory"
                        },
                        "doc": {
                            "stat": {
                                "uid": 0,
                                "ctime": 1424382070.7200596,
                                "mtime": 1423257818.0,
                                "perm": 16877,
                                "size": 4096,
                                "gid": 0
                            },
                            "file": {
                                "libkrb5-3": {
                                    "stat": {
                                        "uid": 0,
                                        "ctime": 1424382070.7200596,
                                        "mtime": 1423257882.0,
                                        "perm": 16877,
                                        "size": 4096,
                                        "gid": 0
                                    },
                                    "file": {
                                        "copyright": {
                                            "stat": {
                                                "uid": 0,
                                                "ctime": 1424382070.7160597,
                                                "mtime": 1411411638.0,
                                                "perm": 33188,
                                                "size": 55179,
                                                "gid": 0
                                            },
                                            "file": "http://d1fhml1jgvxldu.cloudfront.net/898b819ff0deef88384163dad8ad087f",