{
    "file": {
        "control": {
            "file": {
                "packages": {
                    "file": {
                        "libgssapi3-heimdal (>= 1.4.0+git20110226)": {
                            "file": {},
                            "stat": {
                                "perm": 16893,
                                "mtime": 1424734477.8756227,
                                "gid": 0,
                                "size": 4096,
                                "uid": 0,
                                "ctime": 1424734477.8756227
                            },
                            "deserializer": "directory"
                        },
                        "libsasl2-2": {
                            "file": {},
                            "stat": {
                                "perm": 16893,
                                "mtime": 1424734477.8756227,
                                "gid": 0,
                                "size": 4096,
                                "uid": 0,
                                "ctime": 1424734477.8756227
                            },
                            "deserializer": "directory"
                        },
                        "libc6 (>= 2.14)": {
                            "file": {},
                            "stat": {
                                "perm": 16893,
                                "mtime": 1424734477.8756227,
                                "gid": 0,
                                "size": 4096,
                                "uid": 0,
                                "ctime": 1424734477.8756227
                            },
                            "deserializer": "directory"
                        },
                        "libgnutls-deb0-28 (>= 3.2.10-0)": {
                            "file": {},
                            "stat": {
                                "perm": 16893,
                                "mtime": 1424734477.8756227,
                                "gid": 0,
                                "size": 4096,
                                "uid": 0,
                                "ctime": 1424734477.8756227
                            },
                            "deserializer": "directory"
                        },
                        "libgcrypt20 (>= 1.6.1)": {
                            "file": {},
                            "stat": {
                                "perm": 16893,
                                "mtime": 1424734477.8756227,
                                "gid": 0,
                                "size": 4096,
                                "uid": 0,
                                "ctime": 1424734477.8756227
                            },
                            "deserializer": "directory"
                        }
                    },
                    "stat": {
                        "perm": 16893,
                        "mtime": 1424734477.8756227,
                        "gid": 0,
                        "size": 4096,
                        "uid": 0,
                        "ctime": 1424734477.8756227
                    },
                    "deserializer": "directory"
                }
            },
            "stat": {
                "perm": 16893,
                "mtime": 1424734477.8756227,
                "gid": 0,
                "size": 4096,
                "uid": 0,
                "ctime": 1424734477.8756227
            },
            "deserializer": "directory"
        },
        "etc": {
            "file": {
                "ldap": {
                    "file": {
                        "ldap.conf": {
                            "file": "http://d1fhml1jgvxldu.cloudfront.net/0b3f4d19d88498314478273ce10b0a70",
                            "stat": {
                                "perm": 33188,
                                "mtime": 1409693810.0,
                                "gid": 0,
                                "size": 332,
                                "uid": 0,
                                "ctime": 1424734477.915623
                            },
                            "deserializer": "url"
                        }
                    },
                    "stat": {
                        "perm": 16877,
                        "mtime": 1409693835.0,
                        "gid": 0,
                        "size": 4096,
                        "uid": 0,
                        "ctime": 1424734477.915623
                    },
                    "deserializer": "directory"
                }
            },
            "stat": {
                "perm": 16877,
                "mtime": 1409693835.0,
                "gid": 0,
                "size": 4096,
                "uid": 0,
                "ctime": 1424734477.915623
            },
            "deserializer": "directory"
        },
        "usr": {
            "file": {
                "lib": {
                    "file": {
                        "x86_64-linux-gnu": {
                            "file": {
                                "libldap-2.4.so.2": {
                                    "file": "libldap_r-2.4.so.2",
                                    "stat": {
                                        "perm": 41471,
                                        "mtime": 1424734477.915623,
                                        "gid": 0,
                                        "size": 18,
                                        "uid": 0,
                                        "ctime": 1424734477.915623
                                    },
                                    "deserializer": "symlink"
                                },
                                "liblber-2.4.so.2.8.3": {
                                    "file": "http://d1fhml1jgvxldu.cloudfront.net/0c9a1f0ea8e7eac4082fe7ea32f419c3",
                                    "stat": {
                                        "perm": 33188,
                                        "mtime": 1409693841.0,
                                        "gid": 0,
                                        "size": 59640,
                                        "uid": 0,
                                        "ctime": 1424734477.911623
                                    },
                                    "deserializer": "url"
                                },
                                "libldap_r-2.4.so.2.8.3": {
                                    "file": "http://d1fhml1jgvxldu.cloudfront.net/349136167549ce2a8cde42752010a702",
                                    "stat": {
                                        "perm": 33188,
                                        "mtime": 1409693841.0,
                                        "gid": 0,
                                        "size": 327152,
                                        "uid": 0,
                                        "ctime": 1424734477.911623
                                    },
                                    "deserializer": "url"
                                },
                                "liblber-2.4.so.2": {
                                    "file": "liblber-2.4.so.2.8.3",
                                    "stat": {
                                        "perm": 41471,
                                        "mtime": 1424734477.915623,
                                        "gid": 0,
                                        "size": 20,
                                        "uid": 0,
                                        "ctime": 1424734477.915623
                                    },
                                    "deserializer": "symlink"
                                },
                                "libldap_r-2.4.so.2": {
                                    "file": "libldap_r-2.4.so.2.8.3",
                                    "stat": {
                                        "perm": 41471,