{
    "stat": {
        "perm": 16877,
        "uid": 0,
        "gid": 0,
        "ctime": 1777906380.5274105,
        "mtime": 1746831247.0,
        "size": 20
    },
    "deserializer": "directory",
    "file": {
        "control": {
            "stat": {
                "perm": 16893,
                "uid": 0,
                "gid": 0,
                "ctime": 1777906380.5194101,
                "mtime": 1777906380.5194101,
                "size": 16
            },
            "deserializer": "directory",
            "file": {
                "packages": {
                    "stat": {
                        "perm": 16893,
                        "uid": 0,
                        "gid": 0,
                        "ctime": 1777906380.5234103,
                        "mtime": 1777906380.5234103,
                        "size": 112
                    },
                    "deserializer": "directory",
                    "file": {
                        "libblkid1 (= 2.41-5)": {
                            "stat": {
                                "perm": 16893,
                                "uid": 0,
                                "gid": 0,
                                "ctime": 1777906380.5194101,
                                "mtime": 1777906380.5194101,
                                "size": 0
                            },
                            "deserializer": "directory",
                            "file": {}
                        },
                        "libc6 (>= 2.38)": {
                            "stat": {
                                "perm": 16893,
                                "uid": 0,
                                "gid": 0,
                                "ctime": 1777906380.5194101,
                                "mtime": 1777906380.5194101,
                                "size": 0
                            },
                            "deserializer": "directory",
                            "file": {}
                        },
                        "libselinux1 (>= 3.1~)": {
                            "stat": {
                                "perm": 16893,
                                "uid": 0,
                                "gid": 0,
                                "ctime": 1777906380.5234103,
                                "mtime": 1777906380.5234103,
                                "size": 0
                            },
                            "deserializer": "directory",
                            "file": {}
                        }
                    }
                }
            }
        },
        "usr": {
            "stat": {
                "perm": 16877,
                "uid": 0,
                "gid": 0,
                "ctime": 1777906380.5274105,
                "mtime": 1746831247.0,
                "size": 16
            },
            "deserializer": "directory",
            "file": {
                "lib": {
                    "stat": {
                        "perm": 16877,
                        "uid": 0,
                        "gid": 0,
                        "ctime": 1777906380.5274105,
                        "mtime": 1746831247.0,
                        "size": 32
                    },
                    "deserializer": "directory",
                    "file": {
                        "x86_64-linux-gnu": {
                            "stat": {
                                "perm": 16877,
                                "uid": 0,
                                "gid": 0,
                                "ctime": 1777906380.5274105,
                                "mtime": 1746831247.0,
                                "size": 60
                            },
                            "deserializer": "directory",
                            "file": {
                                "libmount.so.1.1.0": {
                                    "stat": {
                                        "perm": 33188,
                                        "uid": 0,
                                        "gid": 0,
                                        "ctime": 1777906380.5274105,
                                        "mtime": 1746831247.0,
                                        "size": 502512
                                    },
                                    "deserializer": "url",
                                    "file": "/blobs/3657d314b5f4915f2bdd8086e71d31dc8267bca04df236c4755c8d3b7c5fa24f"
                                },
                                "libmount.so.1": {
                                    "stat": {
                                        "perm": 41471,
                                        "uid": 0,
                                        "gid": 0,
                                        "ctime": 1777906380.5274105,
                                        "mtime": 1777906380.5274105,
                                        "size": 17
                                    },
                                    "deserializer": "symlink",
                                    "file": "libmount.so.1.1.0"
                                }
                            }
                        }
                    }
                },
                "share": {
                    "stat": {
                        "perm": 16877,
                        "uid": 0,
                        "gid": 0,
                        "ctime": 1777906380.5274105,
                        "mtime": 1746831247.0,
                        "size": 20
                    },
                    "deserializer": "directory",
                    "file": {
                        "doc": {
                            "stat": {
                                "perm": 16877,
                                "uid": 0,
                                "gid": 0,
                                "ctime": 1777906380.5274105,
                                "mtime": 1746831247.0,
                                "size": 18
                            },
                            "deserializer": "directory",
                            "file": {
                                "libmount1": {
                                    "stat": {
                                        "perm": 16877,
                                        "uid": 0,
                                        "gid": 0,
                                        "ctime": 1777906380.5274105,
                                        "mtime": 1746831247.0,
                                        "size": 108
                                    },
                                    "deserializer": "directory",
                                    "file": {
                                        "NEWS.Debian.gz": {
                                            "stat": {
                                                "perm": 33188,
                                                "uid": 0,
                                                "gid": 0,
                                                "ctime": 1777906380.5274105,
                                                "mtime": 1746831247.0,
                                                "size": 465
                                            },
                                            "deserializer": "url",
                                            "file": "/blobs/ef07ba8b9e6bcc88029a15494ae958dd1195ab7a2f0c4c26098edd5f7fa1ee80"
                                        },
                                        "changelog.Debian.gz": {
                                            "stat": {
                                                "perm": 33188,
                                                "uid": 0,
                                                "gid": 0,
                                                "ctime": 1777906380.5274105,
                                                "mtime": 1746831247.0,