{
    "stat": {
        "perm": 16877,
        "uid": 0,
        "gid": 0,
        "ctime": 1777906378.9073296,
        "mtime": 1742911619.0,
        "size": 20
    },
    "deserializer": "directory",
    "file": {
        "control": {
            "stat": {
                "perm": 16893,
                "uid": 0,
                "gid": 0,
                "ctime": 1777906378.8953288,
                "mtime": 1777906378.8953288,
                "size": 16
            },
            "deserializer": "directory",
            "file": {
                "packages": {
                    "stat": {
                        "perm": 16893,
                        "uid": 0,
                        "gid": 0,
                        "ctime": 1777906378.8953288,
                        "mtime": 1777906378.8953288,
                        "size": 82
                    },
                    "deserializer": "directory",
                    "file": {
                        "libc6 (>= 2.14)": {
                            "stat": {
                                "perm": 16893,
                                "uid": 0,
                                "gid": 0,
                                "ctime": 1777906378.8953288,
                                "mtime": 1777906378.8953288,
                                "size": 0
                            },
                            "deserializer": "directory",
                            "file": {}
                        },
                        "libgmp10 (>= 2:6.3.0+dfsg)": {
                            "stat": {
                                "perm": 16893,
                                "uid": 0,
                                "gid": 0,
                                "ctime": 1777906378.8953288,
                                "mtime": 1777906378.8953288,
                                "size": 0
                            },
                            "deserializer": "directory",
                            "file": {}
                        }
                    }
                }
            }
        },
        "usr": {
            "stat": {
                "perm": 16877,
                "uid": 0,
                "gid": 0,
                "ctime": 1777906378.9073296,
                "mtime": 1742911619.0,
                "size": 16
            },
            "deserializer": "directory",
            "file": {
                "lib": {
                    "stat": {
                        "perm": 16877,
                        "uid": 0,
                        "gid": 0,
                        "ctime": 1777906378.9073296,
                        "mtime": 1742911619.0,
                        "size": 32
                    },
                    "deserializer": "directory",
                    "file": {
                        "x86_64-linux-gnu": {
                            "stat": {
                                "perm": 16877,
                                "uid": 0,
                                "gid": 0,
                                "ctime": 1777906378.9073296,
                                "mtime": 1742911619.0,
                                "size": 56
                            },
                            "deserializer": "directory",
                            "file": {
                                "libmpfr.so.6.2.2": {
                                    "stat": {
                                        "perm": 33188,
                                        "uid": 0,
                                        "gid": 0,
                                        "ctime": 1777906378.9033291,
                                        "mtime": 1742911619.0,
                                        "size": 794992
                                    },
                                    "deserializer": "url",
                                    "file": "/blobs/4e3ccf5b442fc91054b0153140fe62939009f98ca1367f45de62376d5b18d28c"
                                },
                                "libmpfr.so.6": {
                                    "stat": {
                                        "perm": 41471,
                                        "uid": 0,
                                        "gid": 0,
                                        "ctime": 1777906378.9073296,
                                        "mtime": 1777906378.9073296,
                                        "size": 16
                                    },
                                    "deserializer": "symlink",
                                    "file": "libmpfr.so.6.2.2"
                                }
                            }
                        }
                    }
                },
                "share": {
                    "stat": {
                        "perm": 16877,
                        "uid": 0,
                        "gid": 0,
                        "ctime": 1777906378.9073296,
                        "mtime": 1742911619.0,
                        "size": 6
                    },
                    "deserializer": "directory",
                    "file": {
                        "doc": {
                            "stat": {
                                "perm": 16877,
                                "uid": 0,
                                "gid": 0,
                                "ctime": 1777906378.9073296,
                                "mtime": 1742911619.0,
                                "size": 16
                            },
                            "deserializer": "directory",
                            "file": {
                                "libmpfr6": {
                                    "stat": {
                                        "perm": 16877,
                                        "uid": 0,
                                        "gid": 0,
                                        "ctime": 1777906378.9073296,
                                        "mtime": 1742911619.0,
                                        "size": 142
                                    },
                                    "deserializer": "directory",
                                    "file": {
                                        "AUTHORS": {
                                            "stat": {
                                                "perm": 33188,
                                                "uid": 0,
                                                "gid": 0,
                                                "ctime": 1777906378.9033291,
                                                "mtime": 1535018632.0,
                                                "size": 1375
                                            },
                                            "deserializer": "url",
                                            "file": "/blobs/dc8a7d86b688287ea3f6f20b3d7aa1f6f757253c1b9dc100d7e5dc5eb7b0058d"
                                        },
                                        "BUGS": {
                                            "stat": {
                                                "perm": 33188,
                                                "uid": 0,
                                                "gid": 0,
                                                "ctime": 1777906378.9033291,
                                                "mtime": 1738453490.0,
                                                "size": 3460
                                            },
                                            "deserializer": "url",
                                            "file": "/blobs/e33323d9a8a5dafb250c9e4d5c62004ce5f011e9d97b4398b0ea2bffd80b965f"
                                        },
                                        "NEWS.gz": {
                                            "stat": {
                                                "perm": 33188,
                                                "uid": 0,