{
    "stat": {
        "perm": 16877,
        "uid": 0,
        "gid": 0,
        "ctime": 1777906379.195344,
        "mtime": 1751218846.0,
        "size": 20
    },
    "deserializer": "directory",
    "file": {
        "control": {
            "stat": {
                "perm": 16893,
                "uid": 0,
                "gid": 0,
                "ctime": 1777906379.1913438,
                "mtime": 1777906379.1913438,
                "size": 16
            },
            "deserializer": "directory",
            "file": {
                "packages": {
                    "stat": {
                        "perm": 16893,
                        "uid": 0,
                        "gid": 0,
                        "ctime": 1777906379.1913438,
                        "mtime": 1777906379.1913438,
                        "size": 134
                    },
                    "deserializer": "directory",
                    "file": {
                        "libaudit1 (>= 1:2.2.1)": {
                            "stat": {
                                "perm": 16893,
                                "uid": 0,
                                "gid": 0,
                                "ctime": 1777906379.1913438,
                                "mtime": 1777906379.1913438,
                                "size": 0
                            },
                            "deserializer": "directory",
                            "file": {}
                        },
                        "libc6 (>= 2.34)": {
                            "stat": {
                                "perm": 16893,
                                "uid": 0,
                                "gid": 0,
                                "ctime": 1777906379.1913438,
                                "mtime": 1777906379.1913438,
                                "size": 0
                            },
                            "deserializer": "directory",
                            "file": {}
                        },
                        "debconf (>= 0.5) | debconf-2.0": {
                            "stat": {
                                "perm": 16893,
                                "uid": 0,
                                "gid": 0,
                                "ctime": 1777906379.1913438,
                                "mtime": 1777906379.1913438,
                                "size": 0
                            },
                            "deserializer": "directory",
                            "file": {}
                        }
                    }
                }
            }
        },
        "usr": {
            "stat": {
                "perm": 16877,
                "uid": 0,
                "gid": 0,
                "ctime": 1777906379.195344,
                "mtime": 1751218846.0,
                "size": 16
            },
            "deserializer": "directory",
            "file": {
                "lib": {
                    "stat": {
                        "perm": 16877,
                        "uid": 0,
                        "gid": 0,
                        "ctime": 1777906379.195344,
                        "mtime": 1751218846.0,
                        "size": 32
                    },
                    "deserializer": "directory",
                    "file": {
                        "x86_64-linux-gnu": {
                            "stat": {
                                "perm": 16877,
                                "uid": 0,
                                "gid": 0,
                                "ctime": 1777906379.195344,
                                "mtime": 1751218846.0,
                                "size": 186
                            },
                            "deserializer": "directory",
                            "file": {
                                "libpam.so.0.85.1": {
                                    "stat": {
                                        "perm": 33188,
                                        "uid": 0,
                                        "gid": 0,
                                        "ctime": 1777906379.195344,
                                        "mtime": 1751218846.0,
                                        "size": 67584
                                    },
                                    "deserializer": "url",
                                    "file": "/blobs/7e61037c89b06382c9d22518174914fef77b9e473962f49ab1c90c55c9b5bca2"
                                },
                                "libpam_misc.so.0.82.1": {
                                    "stat": {
                                        "perm": 33188,
                                        "uid": 0,
                                        "gid": 0,
                                        "ctime": 1777906379.195344,
                                        "mtime": 1751218846.0,
                                        "size": 14432
                                    },
                                    "deserializer": "url",
                                    "file": "/blobs/1a1c768d5c1101d38a71eb68fb821a94b7301131a076307113cc351d538e361d"
                                },
                                "libpamc.so.0.82.1": {
                                    "stat": {
                                        "perm": 33188,
                                        "uid": 0,
                                        "gid": 0,
                                        "ctime": 1777906379.195344,
                                        "mtime": 1751218846.0,
                                        "size": 18504
                                    },
                                    "deserializer": "url",
                                    "file": "/blobs/2db5c6b75f0b074f3471e7c6fe8d6cb88997210493f77d7e1cac544eaddedbd8"
                                },
                                "libpam.so.0": {
                                    "stat": {
                                        "perm": 41471,
                                        "uid": 0,
                                        "gid": 0,
                                        "ctime": 1777906379.195344,
                                        "mtime": 1777906379.195344,
                                        "size": 16
                                    },
                                    "deserializer": "symlink",
                                    "file": "libpam.so.0.85.1"
                                },
                                "libpam_misc.so.0": {
                                    "stat": {
                                        "perm": 41471,
                                        "uid": 0,
                                        "gid": 0,
                                        "ctime": 1777906379.195344,
                                        "mtime": 1777906379.195344,
                                        "size": 21
                                    },
                                    "deserializer": "symlink",
                                    "file": "libpam_misc.so.0.82.1"
                                },
                                "libpamc.so.0": {
                                    "stat": {
                                        "perm": 41471,
                                        "uid": 0,
                                        "gid": 0,
                                        "ctime": 1777906379.195344,
                                        "mtime": 1777906379.195344,
                                        "size": 17
                                    },
                                    "deserializer": "symlink",
                                    "file": "libpamc.so.0.82.1"
                                }
                            }
                        }
                    }
                },