{
    "stat": {
        "perm": 16877,
        "size": 4096,
        "mtime": 1413922204.0,
        "uid": 0,
        "gid": 0,
        "ctime": 1424384731.155218
    },
    "deserializer": "directory",
    "file": {
        "control": {
            "stat": {
                "perm": 16893,
                "size": 4096,
                "mtime": 1424384731.135218,
                "uid": 0,
                "gid": 0,
                "ctime": 1424384731.135218
            },
            "deserializer": "directory",
            "file": {
                "packages": {
                    "stat": {
                        "perm": 16893,
                        "size": 4096,
                        "mtime": 1424384731.135218,
                        "uid": 0,
                        "gid": 0,
                        "ctime": 1424384731.135218
                    },
                    "deserializer": "directory",
                    "file": {
                        "libc6 (>= 2.14)": {
                            "stat": {
                                "perm": 16893,
                                "size": 4096,
                                "mtime": 1424384731.135218,
                                "uid": 0,
                                "gid": 0,
                                "ctime": 1424384731.135218
                            },
                            "deserializer": "directory",
                            "file": {}
                        },
                        "zlib1g (>= 1:1.1.4)": {
                            "stat": {
                                "perm": 16893,
                                "size": 4096,
                                "mtime": 1424384731.135218,
                                "uid": 0,
                                "gid": 0,
                                "ctime": 1424384731.135218
                            },
                            "deserializer": "directory",
                            "file": {}
                        }
                    }
                }
            }
        },
        "lib": {
            "stat": {
                "perm": 16877,
                "size": 4096,
                "mtime": 1413922201.0,
                "uid": 0,
                "gid": 0,
                "ctime": 1424384731.155218
            },
            "deserializer": "directory",
            "file": {
                "x86_64-linux-gnu": {
                    "stat": {
                        "perm": 16877,
                        "size": 4096,
                        "mtime": 1413922203.0,
                        "uid": 0,
                        "gid": 0,
                        "ctime": 1424384731.155218
                    },
                    "deserializer": "directory",
                    "file": {
                        "libpng12.so.0": {
                            "stat": {
                                "perm": 41471,
                                "size": 18,
                                "mtime": 1424384731.155218,
                                "uid": 0,
                                "gid": 0,
                                "ctime": 1424384731.155218
                            },
                            "deserializer": "symlink",
                            "file": "libpng12.so.0.51.0"
                        },
                        "libpng12.so.0.51.0": {
                            "stat": {
                                "perm": 33188,
                                "size": 153936,
                                "mtime": 1413922203.0,
                                "uid": 0,
                                "gid": 0,
                                "ctime": 1424384731.151218
                            },
                            "deserializer": "url",
                            "file": "http://d1fhml1jgvxldu.cloudfront.net/fce86dd5b4a51095a6adab73be748033"
                        }
                    }
                }
            }
        },
        "usr": {
            "stat": {
                "perm": 16877,
                "size": 4096,
                "mtime": 1413922201.0,
                "uid": 0,
                "gid": 0,
                "ctime": 1424384731.155218
            },
            "deserializer": "directory",
            "file": {
                "lib": {
                    "stat": {
                        "perm": 16877,
                        "size": 4096,
                        "mtime": 1413922201.0,
                        "uid": 0,
                        "gid": 0,
                        "ctime": 1424384731.155218
                    },
                    "deserializer": "directory",
                    "file": {
                        "x86_64-linux-gnu": {
                            "stat": {
                                "perm": 16877,
                                "size": 4096,
                                "mtime": 1413922201.0,
                                "uid": 0,
                                "gid": 0,
                                "ctime": 1424384731.155218
                            },
                            "deserializer": "directory",
                            "file": {
                                "libpng12.so.0": {
                                    "stat": {
                                        "perm": 41471,
                                        "size": 35,
                                        "mtime": 1424384731.155218,
                                        "uid": 0,
                                        "gid": 0,
                                        "ctime": 1424384731.155218
                                    },
                                    "deserializer": "symlink",
                                    "file": "/lib/x86_64-linux-gnu/libpng12.so.0"
                                }
                            }
                        }
                    }
                },
                "share": {
                    "stat": {
                        "perm": 16877,
                        "size": 4096,
                        "mtime": 1413922201.0,
                        "uid": 0,
                        "gid": 0,
                        "ctime": 1424384731.155218
                    },
                    "deserializer": "directory",
                    "file": {
                        "doc": {
                            "stat": {
                                "perm": 16877,
                                "size": 4096,
                                "mtime": 1413922201.0,
                                "uid": 0,
                                "gid": 0,
                                "ctime": 1424384731.155218
                            },
                            "deserializer": "directory",
                            "file": {
                                "libpng12-0": {
                                    "stat": {
                                        "perm": 16877,
                                        "size": 4096,
                                        "mtime": 1413922208.0,
                                        "uid": 0,
                                        "gid": 0,
                                        "ctime": 1424384731.155218
                                    },
                                    "deserializer": "directory",
                                    "file": {
                                        "TODO": {
                                            "stat": {
                                                "perm": 33188,
                                                "size": 1231,
                                                "mtime": 1245951985.0,
                                                "uid": 0,
                                                "gid": 0,
                                                "ctime": 1424384731.151218
                                            },