{
    "stat": {
        "uid": 0,
        "mtime": 1408018906.0,
        "size": 4096,
        "gid": 0,
        "ctime": 1424381066.49171,
        "perm": 16877
    },
    "deserializer": "directory",
    "file": {
        "control": {
            "stat": {
                "uid": 0,
                "mtime": 1424381066.4517097,
                "size": 4096,
                "gid": 0,
                "ctime": 1424381066.4517097,
                "perm": 16893
            },
            "deserializer": "directory",
            "file": {
                "packages": {
                    "stat": {
                        "uid": 0,
                        "mtime": 1424381066.4517097,
                        "size": 4096,
                        "gid": 0,
                        "ctime": 1424381066.4517097,
                        "perm": 16893
                    },
                    "deserializer": "directory",
                    "file": {
                        "libc6 (>= 2.14)": {
                            "stat": {
                                "uid": 0,
                                "mtime": 1424381066.4517097,
                                "size": 4096,
                                "gid": 0,
                                "ctime": 1424381066.4517097,
                                "perm": 16893
                            },
                            "deserializer": "directory",
                            "file": {}
                        }
                    }
                }
            }
        },
        "lib": {
            "stat": {
                "uid": 0,
                "mtime": 1408018902.0,
                "size": 4096,
                "gid": 0,
                "ctime": 1424381066.49171,
                "perm": 16877
            },
            "deserializer": "directory",
            "file": {
                "x86_64-linux-gnu": {
                    "stat": {
                        "uid": 0,
                        "mtime": 1408018905.0,
                        "size": 4096,
                        "gid": 0,
                        "ctime": 1424381066.49171,
                        "perm": 16877
                    },
                    "deserializer": "directory",
                    "file": {
                        "libpcre.so.3": {
                            "stat": {
                                "uid": 0,
                                "mtime": 1424381066.49171,
                                "size": 17,
                                "gid": 0,
                                "ctime": 1424381066.49171,
                                "perm": 41471
                            },
                            "deserializer": "symlink",
                            "file": "libpcre.so.3.13.1"
                        },
                        "libpcre.so.3.13.1": {
                            "stat": {
                                "uid": 0,
                                "mtime": 1408018905.0,
                                "size": 444608,
                                "gid": 0,
                                "ctime": 1424381066.4877098,
                                "perm": 33188
                            },
                            "deserializer": "url",
                            "file": "http://d1fhml1jgvxldu.cloudfront.net/f68c0fd0d73e15e7bf241f19f9b03324"
                        }
                    }
                }
            }
        },
        "usr": {
            "stat": {
                "uid": 0,
                "mtime": 1408018902.0,
                "size": 4096,
                "gid": 0,
                "ctime": 1424381066.49171,
                "perm": 16877
            },
            "deserializer": "directory",
            "file": {
                "share": {
                    "stat": {
                        "uid": 0,
                        "mtime": 1408018902.0,
                        "size": 4096,
                        "gid": 0,
                        "ctime": 1424381066.49171,
                        "perm": 16877
                    },
                    "deserializer": "directory",
                    "file": {
                        "man": {
                            "stat": {
                                "uid": 0,
                                "mtime": 1408018902.0,
                                "size": 4096,
                                "gid": 0,
                                "ctime": 1424381066.49171,
                                "perm": 16877
                            },
                            "deserializer": "directory",
                            "file": {
                                "man3": {
                                    "stat": {
                                        "uid": 0,
                                        "mtime": 1408018905.0,
                                        "size": 4096,
                                        "gid": 0,
                                        "ctime": 1424381066.49171,
                                        "perm": 16877
                                    },
                                    "deserializer": "directory",
                                    "file": {
                                        "pcrepattern.3.gz": {
                                            "stat": {
                                                "uid": 0,
                                                "mtime": 1408018902.0,
                                                "size": 42135,
                                                "gid": 0,
                                                "ctime": 1424381066.49171,
                                                "perm": 33188
                                            },
                                            "deserializer": "url",
                                            "file": "http://d1fhml1jgvxldu.cloudfront.net/ebabadd04b9fdca80fd6935c2694d7a1"
                                        }
                                    }
                                }
                            }
                        },
                        "doc": {
                            "stat": {
                                "uid": 0,
                                "mtime": 1408018902.0,
                                "size": 4096,
                                "gid": 0,
                                "ctime": 1424381066.49171,
                                "perm": 16877
                            },
                            "deserializer": "directory",
                            "file": {
                                "libpcre3": {
                                    "stat": {
                                        "uid": 0,
                                        "mtime": 1408018912.0,
                                        "size": 4096,
                                        "gid": 0,
                                        "ctime": 1424381066.49171,
                                        "perm": 16877
                                    },
                                    "deserializer": "directory",
                                    "file": {
                                        "NEWS.gz": {
                                            "stat": {
                                                "uid": 0,
                                                "mtime": 1396598464.0,
                                                "size": 10344,
                                                "gid": 0,
                                                "ctime": 1424381066.49171,
                                                "perm": 33188
                                            },
                                            "deserializer": "url",