{
    "file": {
        "control": {
            "file": {
                "packages": {
                    "file": {
                        "libc6 (>= 2.15)": {
                            "file": {},
                            "deserializer": "directory",
                            "stat": {
                                "gid": 0,
                                "uid": 0,
                                "size": 4096,
                                "perm": 16893,
                                "ctime": 1424730320.2354128,
                                "mtime": 1424730320.2354128
                            }
                        },
                        "libtinfo5": {
                            "file": {},
                            "deserializer": "directory",
                            "stat": {
                                "gid": 0,
                                "uid": 0,
                                "size": 4096,
                                "perm": 16893,
                                "ctime": 1424730320.2354128,
                                "mtime": 1424730320.2354128
                            }
                        },
                        "readline-common": {
                            "file": {},
                            "deserializer": "directory",
                            "stat": {
                                "gid": 0,
                                "uid": 0,
                                "size": 4096,
                                "perm": 16893,
                                "ctime": 1424730320.2354128,
                                "mtime": 1424730320.2354128
                            }
                        }
                    },
                    "deserializer": "directory",
                    "stat": {
                        "gid": 0,
                        "uid": 0,
                        "size": 4096,
                        "perm": 16893,
                        "ctime": 1424730320.2354128,
                        "mtime": 1424730320.2354128
                    }
                }
            },
            "deserializer": "directory",
            "stat": {
                "gid": 0,
                "uid": 0,
                "size": 4096,
                "perm": 16893,
                "ctime": 1424730320.2354128,
                "mtime": 1424730320.2354128
            }
        },
        "usr": {
            "file": {
                "share": {
                    "file": {
                        "doc": {
                            "file": {
                                "libreadline6": {
                                    "file": {
                                        "inputrc.arrows": {
                                            "file": "http://d1fhml1jgvxldu.cloudfront.net/244319c9dd88c980910aacd76477b8d9",
                                            "deserializer": "url",
                                            "stat": {
                                                "gid": 0,
                                                "uid": 0,
                                                "size": 727,
                                                "perm": 33188,
                                                "ctime": 1424730320.2554128,
                                                "mtime": 1251542073.0
                                            }
                                        },
                                        "USAGE": {
                                            "file": "http://d1fhml1jgvxldu.cloudfront.net/0bb4ff5a1ee6f767d0d1b7ded925a8a3",
                                            "deserializer": "url",
                                            "stat": {
                                                "gid": 0,
                                                "uid": 0,
                                                "size": 2025,
                                                "perm": 33188,
                                                "ctime": 1424730320.2554128,
                                                "mtime": 932738976.0
                                            }
                                        },
                                        "README.Debian": {
                                            "file": "http://d1fhml1jgvxldu.cloudfront.net/db22ab5a3d7a94ab8b0a93657b11aa08",
                                            "deserializer": "url",
                                            "stat": {
                                                "gid": 0,
                                                "uid": 0,
                                                "size": 2027,
                                                "perm": 33188,
                                                "ctime": 1424730320.2554128,
                                                "mtime": 1251542073.0
                                            }
                                        },
                                        "changelog.Debian.gz": {
                                            "file": "http://d1fhml1jgvxldu.cloudfront.net/01e5f71b0513c905c50cfa7ed65eaa95",
                                            "deserializer": "url",
                                            "stat": {
                                                "gid": 0,
                                                "uid": 0,
                                                "size": 1441,
                                                "perm": 33188,
                                                "ctime": 1424730320.2554128,
                                                "mtime": 1407139094.0
                                            }
                                        },
                                        "copyright": {
                                            "file": "http://d1fhml1jgvxldu.cloudfront.net/b74c0419cd47b1683924980937c7cdb3",
                                            "deserializer": "url",
                                            "stat": {
                                                "gid": 0,
                                                "uid": 0,
                                                "size": 2071,
                                                "perm": 33188,
                                                "ctime": 1424730320.2554128,
                                                "mtime": 1251542073.0
                                            }
                                        },
                                        "examples": {
                                            "file": {
                                                "Inputrc": {
                                                    "file": "http://d1fhml1jgvxldu.cloudfront.net/05e58ca0def73f34efef5ff4cac6a939",
                                                    "deserializer": "url",
                                                    "stat": {
                                                        "gid": 0,
                                                        "uid": 0,
                                                        "size": 2362,
                                                        "perm": 33188,
                                                        "ctime": 1424730320.2554128,
                                                        "mtime": 1231097553.0
                                                    }
                                                }
                                            },
                                            "deserializer": "directory",
                                            "stat": {
                                                "gid": 0,
                                                "uid": 0,
                                                "size": 4096,
                                                "perm": 16877,