{
    "stat": {
        "perm": 16877,
        "uid": 0,
        "gid": 0,
        "ctime": 1777906379.6273656,
        "mtime": 1734096674.0,
        "size": 20
    },
    "deserializer": "directory",
    "file": {
        "control": {
            "stat": {
                "perm": 16893,
                "uid": 0,
                "gid": 0,
                "ctime": 1777906379.6233654,
                "mtime": 1777906379.6233654,
                "size": 16
            },
            "deserializer": "directory",
            "file": {
                "packages": {
                    "stat": {
                        "perm": 16893,
                        "uid": 0,
                        "gid": 0,
                        "ctime": 1777906379.6233654,
                        "mtime": 1777906379.6233654,
                        "size": 92
                    },
                    "deserializer": "directory",
                    "file": {
                        "readline-common": {
                            "stat": {
                                "perm": 16893,
                                "uid": 0,
                                "gid": 0,
                                "ctime": 1777906379.6233654,
                                "mtime": 1777906379.6233654,
                                "size": 0
                            },
                            "deserializer": "directory",
                            "file": {}
                        },
                        "libc6 (>= 2.38)": {
                            "stat": {
                                "perm": 16893,
                                "uid": 0,
                                "gid": 0,
                                "ctime": 1777906379.6233654,
                                "mtime": 1777906379.6233654,
                                "size": 0
                            },
                            "deserializer": "directory",
                            "file": {}
                        },
                        "libtinfo6 (>= 6)": {
                            "stat": {
                                "perm": 16893,
                                "uid": 0,
                                "gid": 0,
                                "ctime": 1777906379.6233654,
                                "mtime": 1777906379.6233654,
                                "size": 0
                            },
                            "deserializer": "directory",
                            "file": {}
                        }
                    }
                }
            }
        },
        "usr": {
            "stat": {
                "perm": 16877,
                "uid": 0,
                "gid": 0,
                "ctime": 1777906379.6273656,
                "mtime": 1734096674.0,
                "size": 16
            },
            "deserializer": "directory",
            "file": {
                "lib": {
                    "stat": {
                        "perm": 16877,
                        "uid": 0,
                        "gid": 0,
                        "ctime": 1777906379.6273656,
                        "mtime": 1734096674.0,
                        "size": 32
                    },
                    "deserializer": "directory",
                    "file": {
                        "x86_64-linux-gnu": {
                            "stat": {
                                "perm": 16877,
                                "uid": 0,
                                "gid": 0,
                                "ctime": 1777906379.6273656,
                                "mtime": 1734096674.0,
                                "size": 132
                            },
                            "deserializer": "directory",
                            "file": {
                                "libhistory.so.8.2": {
                                    "stat": {
                                        "perm": 33188,
                                        "uid": 0,
                                        "gid": 0,
                                        "ctime": 1777906379.6233654,
                                        "mtime": 1734096674.0,
                                        "size": 51656
                                    },
                                    "deserializer": "url",
                                    "file": "/blobs/992a6493753dfcc169cc13dd7b869f79f0368360ffd01ff6ef592c60c3a72de6"
                                },
                                "libreadline.so.8.2": {
                                    "stat": {
                                        "perm": 33188,
                                        "uid": 0,
                                        "gid": 0,
                                        "ctime": 1777906379.6273656,
                                        "mtime": 1734096674.0,
                                        "size": 362728
                                    },
                                    "deserializer": "url",
                                    "file": "/blobs/a3334d88f3f6c6a25736667e0b39db0f68b4e7e6bf758a475aff681ddb33ad8b"
                                },
                                "libhistory.so.8": {
                                    "stat": {
                                        "perm": 41471,
                                        "uid": 0,
                                        "gid": 0,
                                        "ctime": 1777906379.6273656,
                                        "mtime": 1777906379.6273656,
                                        "size": 17
                                    },
                                    "deserializer": "symlink",
                                    "file": "libhistory.so.8.2"
                                },
                                "libreadline.so.8": {
                                    "stat": {
                                        "perm": 41471,
                                        "uid": 0,
                                        "gid": 0,
                                        "ctime": 1777906379.6273656,
                                        "mtime": 1777906379.6273656,
                                        "size": 18
                                    },
                                    "deserializer": "symlink",
                                    "file": "libreadline.so.8.2"
                                }
                            }
                        }
                    }
                },
                "share": {
                    "stat": {
                        "perm": 16877,
                        "uid": 0,
                        "gid": 0,
                        "ctime": 1777906379.6273656,
                        "mtime": 1734096674.0,
                        "size": 6
                    },
                    "deserializer": "directory",
                    "file": {
                        "doc": {
                            "stat": {
                                "perm": 16877,
                                "uid": 0,
                                "gid": 0,
                                "ctime": 1777906379.6273656,
                                "mtime": 1734096674.0,
                                "size": 30
                            },
                            "deserializer": "directory",
                            "file": {
                                "libreadline8t64": {
                                    "stat": {
                                        "perm": 16877,
                                        "uid": 0,
                                        "gid": 0,
                                        "ctime": 1777906379.6273656,
                                        "mtime": 1734096674.0,
                                        "size": 160
                                    },