{
    "stat": {
        "perm": 16877,
        "uid": 0,
        "gid": 0,
        "ctime": 1777906377.3752522,
        "mtime": 1741035682.0,
        "size": 20
    },
    "deserializer": "directory",
    "file": {
        "control": {
            "stat": {
                "perm": 16893,
                "uid": 0,
                "gid": 0,
                "ctime": 1777906377.3752522,
                "mtime": 1777906377.3752522,
                "size": 16
            },
            "deserializer": "directory",
            "file": {
                "packages": {
                    "stat": {
                        "perm": 16893,
                        "uid": 0,
                        "gid": 0,
                        "ctime": 1777906377.3752522,
                        "mtime": 1777906377.3752522,
                        "size": 30
                    },
                    "deserializer": "directory",
                    "file": {
                        "libc6 (>= 2.14)": {
                            "stat": {
                                "perm": 16893,
                                "uid": 0,
                                "gid": 0,
                                "ctime": 1777906377.3752522,
                                "mtime": 1777906377.3752522,
                                "size": 0
                            },
                            "deserializer": "directory",
                            "file": {}
                        }
                    }
                }
            }
        },
        "usr": {
            "stat": {
                "perm": 16877,
                "uid": 0,
                "gid": 0,
                "ctime": 1777906377.3752522,
                "mtime": 1741035682.0,
                "size": 16
            },
            "deserializer": "directory",
            "file": {
                "lib": {
                    "stat": {
                        "perm": 16877,
                        "uid": 0,
                        "gid": 0,
                        "ctime": 1777906377.3752522,
                        "mtime": 1741035682.0,
                        "size": 32
                    },
                    "deserializer": "directory",
                    "file": {
                        "x86_64-linux-gnu": {
                            "stat": {
                                "perm": 16877,
                                "uid": 0,
                                "gid": 0,
                                "ctime": 1777906377.3752522,
                                "mtime": 1741035682.0,
                                "size": 64
                            },
                            "deserializer": "directory",
                            "file": {
                                "libsframe.so.1.0.0": {
                                    "stat": {
                                        "perm": 33188,
                                        "uid": 0,
                                        "gid": 0,
                                        "ctime": 1777906377.3752522,
                                        "mtime": 1741035682.0,
                                        "size": 30976
                                    },
                                    "deserializer": "url",
                                    "file": "/blobs/adb0b9a33909e7264ad724e138eb97995832e535b22b192c1a898c349c918a9f"
                                },
                                "libsframe.so.1": {
                                    "stat": {
                                        "perm": 41471,
                                        "uid": 0,
                                        "gid": 0,
                                        "ctime": 1777906377.3752522,
                                        "mtime": 1777906377.3752522,
                                        "size": 18
                                    },
                                    "deserializer": "symlink",
                                    "file": "libsframe.so.1.0.0"
                                }
                            }
                        }
                    }
                },
                "share": {
                    "stat": {
                        "perm": 16877,
                        "uid": 0,
                        "gid": 0,
                        "ctime": 1777906377.3752522,
                        "mtime": 1741035682.0,
                        "size": 6
                    },
                    "deserializer": "directory",
                    "file": {
                        "doc": {
                            "stat": {
                                "perm": 16877,
                                "uid": 0,
                                "gid": 0,
                                "ctime": 1777906377.3752522,
                                "mtime": 1741035682.0,
                                "size": 20
                            },
                            "deserializer": "directory",
                            "file": {
                                "libsframe1": {
                                    "stat": {
                                        "perm": 16877,
                                        "uid": 0,
                                        "gid": 0,
                                        "ctime": 1777906377.3752522,
                                        "mtime": 1741035682.0,
                                        "size": 56
                                    },
                                    "deserializer": "directory",
                                    "file": {
                                        "changelog.Debian.gz": {
                                            "stat": {
                                                "perm": 33188,
                                                "uid": 0,
                                                "gid": 0,
                                                "ctime": 1777906377.3752522,
                                                "mtime": 1741035682.0,
                                                "size": 64746
                                            },
                                            "deserializer": "url",
                                            "file": "/blobs/2f44738161cc69806e9545548fc892d289816b68881c97767508070f0b79957b"
                                        },
                                        "copyright": {
                                            "stat": {
                                                "perm": 33188,
                                                "uid": 0,
                                                "gid": 0,
                                                "ctime": 1777906377.3752522,
                                                "mtime": 1741035682.0,
                                                "size": 1795
                                            },
                                            "deserializer": "url",
                                            "file": "/blobs/20a9818b14f941467bcc0f459a1b1951e3bfecc1cc259e5004f8b9a80d7dc804"
                                        }
                                    }
                                }
                            }
                        }
                    }
                }
            }
        }
    }
}