{
    "stat": {
        "perm": 16877,
        "uid": 0,
        "gid": 0,
        "ctime": 1777906378.8033242,
        "mtime": 1742108529.0,
        "size": 20
    },
    "deserializer": "directory",
    "file": {
        "control": {
            "stat": {
                "perm": 16893,
                "uid": 0,
                "gid": 0,
                "ctime": 1777906378.799324,
                "mtime": 1777906378.799324,
                "size": 16
            },
            "deserializer": "directory",
            "file": {
                "packages": {
                    "stat": {
                        "perm": 16893,
                        "uid": 0,
                        "gid": 0,
                        "ctime": 1777906378.799324,
                        "mtime": 1777906378.799324,
                        "size": 76
                    },
                    "deserializer": "directory",
                    "file": {
                        "libc6 (>= 2.38)": {
                            "stat": {
                                "perm": 16893,
                                "uid": 0,
                                "gid": 0,
                                "ctime": 1777906378.799324,
                                "mtime": 1777906378.799324,
                                "size": 0
                            },
                            "deserializer": "directory",
                            "file": {}
                        },
                        "libpcre2-8-0 (>= 10.22)": {
                            "stat": {
                                "perm": 16893,
                                "uid": 0,
                                "gid": 0,
                                "ctime": 1777906378.799324,
                                "mtime": 1777906378.799324,
                                "size": 0
                            },
                            "deserializer": "directory",
                            "file": {}
                        }
                    }
                }
            }
        },
        "usr": {
            "stat": {
                "perm": 16877,
                "uid": 0,
                "gid": 0,
                "ctime": 1777906378.8033242,
                "mtime": 1742108529.0,
                "size": 16
            },
            "deserializer": "directory",
            "file": {
                "lib": {
                    "stat": {
                        "perm": 16877,
                        "uid": 0,
                        "gid": 0,
                        "ctime": 1777906378.8033242,
                        "mtime": 1742108529.0,
                        "size": 52
                    },
                    "deserializer": "directory",
                    "file": {
                        "tmpfiles.d": {
                            "stat": {
                                "perm": 16877,
                                "uid": 0,
                                "gid": 0,
                                "ctime": 1777906378.8033242,
                                "mtime": 1742108529.0,
                                "size": 32
                            },
                            "deserializer": "directory",
                            "file": {
                                "libselinux1.conf": {
                                    "stat": {
                                        "perm": 33188,
                                        "uid": 0,
                                        "gid": 0,
                                        "ctime": 1777906378.799324,
                                        "mtime": 1724399324.0,
                                        "size": 112
                                    },
                                    "deserializer": "url",
                                    "file": "/blobs/bb7c285a572a99cd0691bc27fb7754b0f696563dc0e954f039e6d9a5cef761f6"
                                }
                            }
                        },
                        "x86_64-linux-gnu": {
                            "stat": {
                                "perm": 16877,
                                "uid": 0,
                                "gid": 0,
                                "ctime": 1777906378.8033242,
                                "mtime": 1742108529.0,
                                "size": 30
                            },
                            "deserializer": "directory",
                            "file": {
                                "libselinux.so.1": {
                                    "stat": {
                                        "perm": 33188,
                                        "uid": 0,
                                        "gid": 0,
                                        "ctime": 1777906378.799324,
                                        "mtime": 1742108529.0,
                                        "size": 202984
                                    },
                                    "deserializer": "url",
                                    "file": "/blobs/5cb5293b4e7590463b94f7b23152d54807a6a2ccaf8cac9e343908c6692c086c"
                                }
                            }
                        }
                    }
                },
                "share": {
                    "stat": {
                        "perm": 16877,
                        "uid": 0,
                        "gid": 0,
                        "ctime": 1777906378.8033242,
                        "mtime": 1742108529.0,
                        "size": 6
                    },
                    "deserializer": "directory",
                    "file": {
                        "doc": {
                            "stat": {
                                "perm": 16877,
                                "uid": 0,
                                "gid": 0,
                                "ctime": 1777906378.8033242,
                                "mtime": 1742108529.0,
                                "size": 22
                            },
                            "deserializer": "directory",
                            "file": {
                                "libselinux1": {
                                    "stat": {
                                        "perm": 16877,
                                        "uid": 0,
                                        "gid": 0,
                                        "ctime": 1777906378.799324,
                                        "mtime": 1742108529.0,
                                        "size": 56
                                    },
                                    "deserializer": "directory",
                                    "file": {
                                        "changelog.Debian.gz": {
                                            "stat": {
                                                "perm": 33188,
                                                "uid": 0,
                                                "gid": 0,
                                                "ctime": 1777906378.799324,
                                                "mtime": 1742108529.0,
                                                "size": 3109
                                            },
                                            "deserializer": "url",
                                            "file": "/blobs/9fea0a75568d1a7e100336bec4582290470be87aca58fc2a209d129f127b308e"
                                        },
                                        "copyright": {
                                            "stat": {
                                                "perm": 33188,
                                                "uid": 0,
                                                "gid": 0,
                                                "ctime": 1777906378.799324,