{
    "stat": {
        "perm": 16877,
        "uid": 0,
        "gid": 0,
        "ctime": 1777906376.995233,
        "mtime": 1775210732.0,
        "size": 20
    },
    "deserializer": "directory",
    "file": {
        "control": {
            "stat": {
                "perm": 16893,
                "uid": 0,
                "gid": 0,
                "ctime": 1777906376.9272296,
                "mtime": 1777906376.9272296,
                "size": 16
            },
            "deserializer": "directory",
            "file": {
                "packages": {
                    "stat": {
                        "perm": 16893,
                        "uid": 0,
                        "gid": 0,
                        "ctime": 1777906376.9272296,
                        "mtime": 1777906376.9272296,
                        "size": 152
                    },
                    "deserializer": "directory",
                    "file": {
                        "libc6 (>= 2.38)": {
                            "stat": {
                                "perm": 16893,
                                "uid": 0,
                                "gid": 0,
                                "ctime": 1777906376.9272296,
                                "mtime": 1777906376.9272296,
                                "size": 0
                            },
                            "deserializer": "directory",
                            "file": {}
                        },
                        "libzstd1 (>= 1.5.5)": {
                            "stat": {
                                "perm": 16893,
                                "uid": 0,
                                "gid": 0,
                                "ctime": 1777906376.9272296,
                                "mtime": 1777906376.9272296,
                                "size": 0
                            },
                            "deserializer": "directory",
                            "file": {}
                        },
                        "zlib1g (>= 1:1.1.4)": {
                            "stat": {
                                "perm": 16893,
                                "uid": 0,
                                "gid": 0,
                                "ctime": 1777906376.9272296,
                                "mtime": 1777906376.9272296,
                                "size": 0
                            },
                            "deserializer": "directory",
                            "file": {}
                        },
                        "openssl-provider-legacy": {
                            "stat": {
                                "perm": 16893,
                                "uid": 0,
                                "gid": 0,
                                "ctime": 1777906376.9272296,
                                "mtime": 1777906376.9272296,
                                "size": 0
                            },
                            "deserializer": "directory",
                            "file": {}
                        }
                    }
                }
            }
        },
        "usr": {
            "stat": {
                "perm": 16877,
                "uid": 0,
                "gid": 0,
                "ctime": 1777906376.995233,
                "mtime": 1775210732.0,
                "size": 16
            },
            "deserializer": "directory",
            "file": {
                "lib": {
                    "stat": {
                        "perm": 16877,
                        "uid": 0,
                        "gid": 0,
                        "ctime": 1777906376.995233,
                        "mtime": 1775210732.0,
                        "size": 32
                    },
                    "deserializer": "directory",
                    "file": {
                        "x86_64-linux-gnu": {
                            "stat": {
                                "perm": 16877,
                                "uid": 0,
                                "gid": 0,
                                "ctime": 1777906376.995233,
                                "mtime": 1775210732.0,
                                "size": 68
                            },
                            "deserializer": "directory",
                            "file": {
                                "engines-3": {
                                    "stat": {
                                        "perm": 16877,
                                        "uid": 0,
                                        "gid": 0,
                                        "ctime": 1777906376.995233,
                                        "mtime": 1775210732.0,
                                        "size": 66
                                    },
                                    "deserializer": "directory",
                                    "file": {
                                        "afalg.so": {
                                            "stat": {
                                                "perm": 33188,
                                                "uid": 0,
                                                "gid": 0,
                                                "ctime": 1777906376.9312298,
                                                "mtime": 1775210732.0,
                                                "size": 22832
                                            },
                                            "deserializer": "url",
                                            "file": "/blobs/9264954b4b9a4e1274810a0d1fa67c6e53d9f159633f4081775d629c087c820d"
                                        },
                                        "loader_attic.so": {
                                            "stat": {
                                                "perm": 33188,
                                                "uid": 0,
                                                "gid": 0,
                                                "ctime": 1777906376.9312298,
                                                "mtime": 1775210732.0,
                                                "size": 51936
                                            },
                                            "deserializer": "url",
                                            "file": "/blobs/45045aab40f60d1754e6cc1b92af07ec2177c7e681b5c47ecd27f018d2de2928"
                                        },
                                        "padlock.so": {
                                            "stat": {
                                                "perm": 33188,
                                                "uid": 0,
                                                "gid": 0,
                                                "ctime": 1777906376.9312298,
                                                "mtime": 1775210732.0,
                                                "size": 26688
                                            },
                                            "deserializer": "url",
                                            "file": "/blobs/9a003714f56b0c53923b8e900702a2430e8864e1e4c4b18e475b5ceef6d8a41b"
                                        }
                                    }
                                },
                                "libcrypto.so.3": {
                                    "stat": {
                                        "perm": 33188,
                                        "uid": 0,
                                        "gid": 0,
                                        "ctime": 1777906376.9832325,
                                        "mtime": 1775210732.0,
                                        "size": 6513216
                                    },
                                    "deserializer": "url",