{
    "stat": {
        "perm": 16877,
        "uid": 0,
        "gid": 0,
        "ctime": 1777906379.9433813,
        "mtime": 1769105940.0,
        "size": 20
    },
    "deserializer": "directory",
    "file": {
        "control": {
            "stat": {
                "perm": 16893,
                "uid": 0,
                "gid": 0,
                "ctime": 1777906379.9233804,
                "mtime": 1777906379.9233804,
                "size": 16
            },
            "deserializer": "directory",
            "file": {
                "packages": {
                    "stat": {
                        "perm": 16893,
                        "uid": 0,
                        "gid": 0,
                        "ctime": 1777906379.9233804,
                        "mtime": 1777906379.9233804,
                        "size": 30
                    },
                    "deserializer": "directory",
                    "file": {
                        "libc6 (>= 2.38)": {
                            "stat": {
                                "perm": 16893,
                                "uid": 0,
                                "gid": 0,
                                "ctime": 1777906379.9233804,
                                "mtime": 1777906379.9233804,
                                "size": 0
                            },
                            "deserializer": "directory",
                            "file": {}
                        }
                    }
                }
            }
        },
        "usr": {
            "stat": {
                "perm": 16877,
                "uid": 0,
                "gid": 0,
                "ctime": 1777906379.9433813,
                "mtime": 1769105940.0,
                "size": 16
            },
            "deserializer": "directory",
            "file": {
                "lib": {
                    "stat": {
                        "perm": 16877,
                        "uid": 0,
                        "gid": 0,
                        "ctime": 1777906379.9433813,
                        "mtime": 1769105940.0,
                        "size": 32
                    },
                    "deserializer": "directory",
                    "file": {
                        "x86_64-linux-gnu": {
                            "stat": {
                                "perm": 16877,
                                "uid": 0,
                                "gid": 0,
                                "ctime": 1777906379.9433813,
                                "mtime": 1769105940.0,
                                "size": 68
                            },
                            "deserializer": "directory",
                            "file": {
                                "libsqlite3.so.0.8.6": {
                                    "stat": {
                                        "perm": 33188,
                                        "uid": 0,
                                        "gid": 0,
                                        "ctime": 1777906379.9393811,
                                        "mtime": 1769105940.0,
                                        "size": 1571096
                                    },
                                    "deserializer": "url",
                                    "file": "/blobs/14c4418a06c5c2e30f5fb57bc8add93762236ae17898c6708984cf15e680ca71"
                                },
                                "libsqlite3.so.0": {
                                    "stat": {
                                        "perm": 41471,
                                        "uid": 0,
                                        "gid": 0,
                                        "ctime": 1777906379.9433813,
                                        "mtime": 1777906379.9433813,
                                        "size": 19
                                    },
                                    "deserializer": "symlink",
                                    "file": "libsqlite3.so.0.8.6"
                                }
                            }
                        }
                    }
                },
                "share": {
                    "stat": {
                        "perm": 16877,
                        "uid": 0,
                        "gid": 0,
                        "ctime": 1777906379.9433813,
                        "mtime": 1769105940.0,
                        "size": 6
                    },
                    "deserializer": "directory",
                    "file": {
                        "doc": {
                            "stat": {
                                "perm": 16877,
                                "uid": 0,
                                "gid": 0,
                                "ctime": 1777906379.9433813,
                                "mtime": 1769105940.0,
                                "size": 24
                            },
                            "deserializer": "directory",
                            "file": {
                                "libsqlite3-0": {
                                    "stat": {
                                        "perm": 16877,
                                        "uid": 0,
                                        "gid": 0,
                                        "ctime": 1777906379.9433813,
                                        "mtime": 1769105940.0,
                                        "size": 140
                                    },
                                    "deserializer": "directory",
                                    "file": {
                                        "README.Debian": {
                                            "stat": {
                                                "perm": 33188,
                                                "uid": 0,
                                                "gid": 0,
                                                "ctime": 1777906379.9393811,
                                                "mtime": 1268498878.0,
                                                "size": 721
                                            },
                                            "deserializer": "url",
                                            "file": "/blobs/a10c47c2bc0b93bd7a58bf3823f99b8fd658065024a0fc412dc423d05f1fa242"
                                        },
                                        "changelog.Debian.gz": {
                                            "stat": {
                                                "perm": 33188,
                                                "uid": 0,
                                                "gid": 0,
                                                "ctime": 1777906379.9393811,
                                                "mtime": 1769105940.0,
                                                "size": 4491
                                            },
                                            "deserializer": "url",
                                            "file": "/blobs/920c0a9263087af5e294631ca70c636abccbfb67394d24f4b38043d302b13a1f"
                                        },
                                        "changelog.gz": {
                                            "stat": {
                                                "perm": 33188,
                                                "uid": 0,
                                                "gid": 0,
                                                "ctime": 1777906379.9393811,
                                                "mtime": 1769105940.0,
                                                "size": 109555
                                            },
                                            "deserializer": "url",