{
    "deserializer": "directory",
    "stat": {
        "uid": 0,
        "perm": 16877,
        "gid": 0,
        "mtime": 1410221999.0,
        "size": 4096,
        "ctime": 1424730010.3855958
    },
    "file": {
        "usr": {
            "deserializer": "directory",
            "stat": {
                "uid": 0,
                "perm": 16877,
                "gid": 0,
                "mtime": 1410221995.0,
                "size": 4096,
                "ctime": 1424730010.3855958
            },
            "file": {
                "lib": {
                    "deserializer": "directory",
                    "stat": {
                        "uid": 0,
                        "perm": 16877,
                        "gid": 0,
                        "mtime": 1410221995.0,
                        "size": 4096,
                        "ctime": 1424730010.3855958
                    },
                    "file": {
                        "x86_64-linux-gnu": {
                            "deserializer": "directory",
                            "stat": {
                                "uid": 0,
                                "perm": 16877,
                                "gid": 0,
                                "mtime": 1410221998.0,
                                "size": 4096,
                                "ctime": 1424730010.3855958
                            },
                            "file": {
                                "libsqlite3.so.0": {
                                    "deserializer": "symlink",
                                    "stat": {
                                        "uid": 0,
                                        "perm": 41471,
                                        "gid": 0,
                                        "mtime": 1424730010.3815958,
                                        "size": 19,
                                        "ctime": 1424730010.3815958
                                    },
                                    "file": "libsqlite3.so.0.8.6"
                                },
                                "libsqlite3.so.0.8.6": {
                                    "deserializer": "url",
                                    "stat": {
                                        "uid": 0,
                                        "perm": 33188,
                                        "gid": 0,
                                        "mtime": 1410221998.0,
                                        "size": 804408,
                                        "ctime": 1424730010.3815958
                                    },
                                    "file": "http://d1fhml1jgvxldu.cloudfront.net/25955670e4d7d8b4f56f7b0cb3959a12"
                                }
                            }
                        }
                    }
                },
                "share": {
                    "deserializer": "directory",
                    "stat": {
                        "uid": 0,
                        "perm": 16877,
                        "gid": 0,
                        "mtime": 1410221995.0,
                        "size": 4096,
                        "ctime": 1424730010.3855958
                    },
                    "file": {
                        "doc": {
                            "deserializer": "directory",
                            "stat": {
                                "uid": 0,
                                "perm": 16877,
                                "gid": 0,
                                "mtime": 1410221995.0,
                                "size": 4096,
                                "ctime": 1424730010.3855958
                            },
                            "file": {
                                "libsqlite3-0": {
                                    "deserializer": "directory",
                                    "stat": {
                                        "uid": 0,
                                        "perm": 16877,
                                        "gid": 0,
                                        "mtime": 1410222011.0,
                                        "size": 4096,
                                        "ctime": 1424730010.3855958
                                    },
                                    "file": {
                                        "changelog.Debian.gz": {
                                            "deserializer": "url",
                                            "stat": {
                                                "uid": 0,
                                                "perm": 33188,
                                                "gid": 0,
                                                "mtime": 1410222012.0,
                                                "size": 803,
                                                "ctime": 1424730010.3815958
                                            },
                                            "file": "http://d1fhml1jgvxldu.cloudfront.net/46e78b348f6090c5ec8474c93fee54e0"
                                        },
                                        "README.Debian": {
                                            "deserializer": "url",
                                            "stat": {
                                                "uid": 0,
                                                "perm": 33188,
                                                "gid": 0,
                                                "mtime": 1268498878.0,
                                                "size": 721,
                                                "ctime": 1424730010.3815958
                                            },
                                            "file": "http://d1fhml1jgvxldu.cloudfront.net/9d8facc2fa9d2df52f1c7cb4e5fa4741"
                                        },
                                        "copyright": {
                                            "deserializer": "url",
                                            "stat": {
                                                "uid": 0,
                                                "perm": 33188,
                                                "gid": 0,
                                                "mtime": 1386499896.0,
                                                "size": 1261,
                                                "ctime": 1424730010.3815958
                                            },
                                            "file": "http://d1fhml1jgvxldu.cloudfront.net/fcba8bcf4c824099d3881a5230cc9d1d"
                                        }
                                    }
                                }
                            }
                        }
                    }
                }
            }
        },
        "control": {
            "deserializer": "directory",
            "stat": {
                "uid": 0,
                "perm": 16893,
                "gid": 0,
                "mtime": 1424730010.3415956,
                "size": 4096,
                "ctime": 1424730010.3415956
            },
            "file": {
                "packages": {
                    "deserializer": "directory",
                    "stat": {
                        "uid": 0,
                        "perm": 16893,
                        "gid": 0,
                        "mtime": 1424730010.3415956,
                        "size": 4096,
                        "ctime": 1424730010.3415956
                    },
                    "file": {
                        "libc6 (>= 2.14)": {
                            "deserializer": "directory",
                            "stat": {
                                "uid": 0,
                                "perm": 16893,
                                "gid": 0,
                                "mtime": 1424730010.3415956,
                                "size": 4096,