{
    "stat": {
        "perm": 16877,
        "uid": 0,
        "gid": 0,
        "ctime": 1777906380.0433865,
        "mtime": 1756924700.0,
        "size": 20
    },
    "deserializer": "directory",
    "file": {
        "control": {
            "stat": {
                "perm": 16893,
                "uid": 0,
                "gid": 0,
                "ctime": 1777906379.975383,
                "mtime": 1777906379.975383,
                "size": 16
            },
            "deserializer": "directory",
            "file": {
                "packages": {
                    "stat": {
                        "perm": 16893,
                        "uid": 0,
                        "gid": 0,
                        "ctime": 1777906379.975383,
                        "mtime": 1777906379.975383,
                        "size": 446
                    },
                    "deserializer": "directory",
                    "file": {
                        "libacl1 (>= 2.2.23)": {
                            "stat": {
                                "perm": 16893,
                                "uid": 0,
                                "gid": 0,
                                "ctime": 1777906379.975383,
                                "mtime": 1777906379.975383,
                                "size": 0
                            },
                            "deserializer": "directory",
                            "file": {}
                        },
                        "libaudit1 (>= 1:2.2.1)": {
                            "stat": {
                                "perm": 16893,
                                "uid": 0,
                                "gid": 0,
                                "ctime": 1777906379.975383,
                                "mtime": 1777906379.975383,
                                "size": 0
                            },
                            "deserializer": "directory",
                            "file": {}
                        },
                        "libblkid1 (>= 2.30.2)": {
                            "stat": {
                                "perm": 16893,
                                "uid": 0,
                                "gid": 0,
                                "ctime": 1777906379.975383,
                                "mtime": 1777906379.975383,
                                "size": 0
                            },
                            "deserializer": "directory",
                            "file": {}
                        },
                        "libc6 (>= 2.39)": {
                            "stat": {
                                "perm": 16893,
                                "uid": 0,
                                "gid": 0,
                                "ctime": 1777906379.975383,
                                "mtime": 1777906379.975383,
                                "size": 0
                            },
                            "deserializer": "directory",
                            "file": {}
                        },
                        "libcap2 (>= 1:2.10)": {
                            "stat": {
                                "perm": 16893,
                                "uid": 0,
                                "gid": 0,
                                "ctime": 1777906379.975383,
                                "mtime": 1777906379.975383,
                                "size": 0
                            },
                            "deserializer": "directory",
                            "file": {}
                        },
                        "libcrypt1 (>= 1:4.4.0)": {
                            "stat": {
                                "perm": 16893,
                                "uid": 0,
                                "gid": 0,
                                "ctime": 1777906379.975383,
                                "mtime": 1777906379.975383,
                                "size": 0
                            },
                            "deserializer": "directory",
                            "file": {}
                        },
                        "libmount1 (>= 2.30)": {
                            "stat": {
                                "perm": 16893,
                                "uid": 0,
                                "gid": 0,
                                "ctime": 1777906379.975383,
                                "mtime": 1777906379.975383,
                                "size": 0
                            },
                            "deserializer": "directory",
                            "file": {}
                        },
                        "libpam0g (>= 0.99.7.1)": {
                            "stat": {
                                "perm": 16893,
                                "uid": 0,
                                "gid": 0,
                                "ctime": 1777906379.975383,
                                "mtime": 1777906379.975383,
                                "size": 0
                            },
                            "deserializer": "directory",
                            "file": {}
                        },
                        "libseccomp2 (>= 2.4.1)": {
                            "stat": {
                                "perm": 16893,
                                "uid": 0,
                                "gid": 0,
                                "ctime": 1777906379.975383,
                                "mtime": 1777906379.975383,
                                "size": 0
                            },
                            "deserializer": "directory",
                            "file": {}
                        },
                        "libselinux1 (>= 3.1~)": {
                            "stat": {
                                "perm": 16893,
                                "uid": 0,
                                "gid": 0,
                                "ctime": 1777906379.975383,
                                "mtime": 1777906379.975383,
                                "size": 0
                            },
                            "deserializer": "directory",
                            "file": {}
                        },
                        "libssl3t64 (>= 3.4.0)": {
                            "stat": {
                                "perm": 16893,
                                "uid": 0,
                                "gid": 0,
                                "ctime": 1777906379.975383,
                                "mtime": 1777906379.975383,
                                "size": 0
                            },
                            "deserializer": "directory",
                            "file": {}
                        }
                    }
                }
            }
        },
        "usr": {
            "stat": {
                "perm": 16877,
                "uid": 0,
                "gid": 0,
                "ctime": 1777906380.0433865,
                "mtime": 1756924700.0,
                "size": 16
            },
            "deserializer": "directory",
            "file": {
                "lib": {
                    "stat": {
                        "perm": 16877,
                        "uid": 0,
                        "gid": 0,
                        "ctime": 1777906380.0433865,
                        "mtime": 1756924700.0,
                        "size": 32
                    },
                    "deserializer": "directory",
                    "file": {
                        "x86_64-linux-gnu": {
                            "stat": {
                                "perm": 16877,
                                "uid": 0,
                                "gid": 0,
                                "ctime": 1777906380.0433865,
                                "mtime": 1756924700.0,