{
    "stat": {
        "perm": 16877,
        "uid": 0,
        "gid": 0,
        "ctime": 1777906378.8073244,
        "mtime": 1742111172.0,
        "size": 12
    },
    "deserializer": "directory",
    "file": {
        "etc": {
            "stat": {
                "perm": 16877,
                "uid": 0,
                "gid": 0,
                "ctime": 1777906378.8073244,
                "mtime": 1742111172.0,
                "size": 14
            },
            "deserializer": "directory",
            "file": {
                "selinux": {
                    "stat": {
                        "perm": 16877,
                        "uid": 0,
                        "gid": 0,
                        "ctime": 1777906378.8073244,
                        "mtime": 1742111172.0,
                        "size": 26
                    },
                    "deserializer": "directory",
                    "file": {
                        "semanage.conf": {
                            "stat": {
                                "perm": 33188,
                                "uid": 0,
                                "gid": 0,
                                "ctime": 1777906378.8033242,
                                "mtime": 1742111172.0,
                                "size": 2065
                            },
                            "deserializer": "url",
                            "file": "/blobs/920e2adfc551a81617764f0f07ae25919b53f48556bf83e82fb909bc96d73921"
                        }
                    }
                }
            }
        },
        "usr": {
            "stat": {
                "perm": 16877,
                "uid": 0,
                "gid": 0,
                "ctime": 1777906378.8033242,
                "mtime": 1742111172.0,
                "size": 10
            },
            "deserializer": "directory",
            "file": {
                "share": {
                    "stat": {
                        "perm": 16877,
                        "uid": 0,
                        "gid": 0,
                        "ctime": 1777906378.8033242,
                        "mtime": 1742111172.0,
                        "size": 12
                    },
                    "deserializer": "directory",
                    "file": {
                        "doc": {
                            "stat": {
                                "perm": 16877,
                                "uid": 0,
                                "gid": 0,
                                "ctime": 1777906378.8033242,
                                "mtime": 1742111172.0,
                                "size": 36
                            },
                            "deserializer": "directory",
                            "file": {
                                "libsemanage-common": {
                                    "stat": {
                                        "perm": 16877,
                                        "uid": 0,
                                        "gid": 0,
                                        "ctime": 1777906378.8033242,
                                        "mtime": 1742111172.0,
                                        "size": 56
                                    },
                                    "deserializer": "directory",
                                    "file": {
                                        "changelog.Debian.gz": {
                                            "stat": {
                                                "perm": 33188,
                                                "uid": 0,
                                                "gid": 0,
                                                "ctime": 1777906378.8033242,
                                                "mtime": 1742111172.0,
                                                "size": 1970
                                            },
                                            "deserializer": "url",
                                            "file": "/blobs/5bb6c1eda4aadeb50a0a13973eb80bd46b8c2e2eea15b9b97937b89b8eb21860"
                                        },
                                        "copyright": {
                                            "stat": {
                                                "perm": 33188,
                                                "uid": 0,
                                                "gid": 0,
                                                "ctime": 1777906378.8033242,
                                                "mtime": 1724405050.0,
                                                "size": 1921
                                            },
                                            "deserializer": "url",
                                            "file": "/blobs/fe5876a94047cafbeb8b164fd98304912d94b6028e19415f08b7a8a2f90645fe"
                                        }
                                    }
                                }
                            }
                        },
                        "man": {
                            "stat": {
                                "perm": 16877,
                                "uid": 0,
                                "gid": 0,
                                "ctime": 1777906378.8033242,
                                "mtime": 1742111172.0,
                                "size": 8
                            },
                            "deserializer": "directory",
                            "file": {
                                "man5": {
                                    "stat": {
                                        "perm": 16877,
                                        "uid": 0,
                                        "gid": 0,
                                        "ctime": 1777906378.8033242,
                                        "mtime": 1742111172.0,
                                        "size": 36
                                    },
                                    "deserializer": "directory",
                                    "file": {
                                        "semanage.conf.5.gz": {
                                            "stat": {
                                                "perm": 33188,
                                                "uid": 0,
                                                "gid": 0,
                                                "ctime": 1777906378.8033242,
                                                "mtime": 1742111172.0,
                                                "size": 2673
                                            },
                                            "deserializer": "url",
                                            "file": "/blobs/795f316f993ac44e4f79cbf89fcc016766ff045c52a18b8317906f930ddc3946"
                                        }
                                    }
                                }
                            }
                        }
                    }
                }
            }
        }
    }
}