{
    "stat": {
        "ctime": 1424384842.3356757,
        "gid": 0,
        "uid": 0,
        "mtime": 1405228379.0,
        "size": 4096,
        "perm": 16877
    },
    "deserializer": "directory",
    "file": {
        "control": {
            "stat": {
                "ctime": 1424384842.3236756,
                "gid": 0,
                "uid": 0,
                "mtime": 1424384842.3236756,
                "size": 4096,
                "perm": 16893
            },
            "deserializer": "directory",
            "file": {
                "packages": {
                    "stat": {
                        "ctime": 1424384842.3236756,
                        "gid": 0,
                        "uid": 0,
                        "mtime": 1424384842.3236756,
                        "size": 4096,
                        "perm": 16893
                    },
                    "deserializer": "directory",
                    "file": {
                        "libuuid1 (>= 2.16)": {
                            "stat": {
                                "ctime": 1424384842.3236756,
                                "gid": 0,
                                "uid": 0,
                                "mtime": 1424384842.3236756,
                                "size": 4096,
                                "perm": 16893
                            },
                            "deserializer": "directory",
                            "file": {}
                        },
                        "libice6 (>= 1:1.0.0)": {
                            "stat": {
                                "ctime": 1424384842.3236756,
                                "gid": 0,
                                "uid": 0,
                                "mtime": 1424384842.3236756,
                                "size": 4096,
                                "perm": 16893
                            },
                            "deserializer": "directory",
                            "file": {}
                        },
                        "libc6 (>= 2.14)": {
                            "stat": {
                                "ctime": 1424384842.3236756,
                                "gid": 0,
                                "uid": 0,
                                "mtime": 1424384842.3236756,
                                "size": 4096,
                                "perm": 16893
                            },
                            "deserializer": "directory",
                            "file": {}
                        }
                    }
                }
            }
        },
        "usr": {
            "stat": {
                "ctime": 1424384842.3356757,
                "gid": 0,
                "uid": 0,
                "mtime": 1405228378.0,
                "size": 4096,
                "perm": 16877
            },
            "deserializer": "directory",
            "file": {
                "share": {
                    "stat": {
                        "ctime": 1424384842.3356757,
                        "gid": 0,
                        "uid": 0,
                        "mtime": 1405228378.0,
                        "size": 4096,
                        "perm": 16877
                    },
                    "deserializer": "directory",
                    "file": {
                        "doc": {
                            "stat": {
                                "ctime": 1424384842.3356757,
                                "gid": 0,
                                "uid": 0,
                                "mtime": 1405228378.0,
                                "size": 4096,
                                "perm": 16877
                            },
                            "deserializer": "directory",
                            "file": {
                                "libsm6": {
                                    "stat": {
                                        "ctime": 1424384842.3356757,
                                        "gid": 0,
                                        "uid": 0,
                                        "mtime": 1405228378.0,
                                        "size": 4096,
                                        "perm": 16877
                                    },
                                    "deserializer": "directory",
                                    "file": {
                                        "copyright": {
                                            "stat": {
                                                "ctime": 1424384842.3356757,
                                                "gid": 0,
                                                "uid": 0,
                                                "mtime": 1405228361.0,
                                                "size": 1223,
                                                "perm": 33188
                                            },
                                            "deserializer": "url",
                                            "file": "http://d1fhml1jgvxldu.cloudfront.net/4896f2fc8eeb03b7f3655384b72417a7"
                                        },
                                        "changelog.Debian.gz": {
                                            "stat": {
                                                "ctime": 1424384842.3356757,
                                                "gid": 0,
                                                "uid": 0,
                                                "mtime": 1405228382.0,
                                                "size": 1765,
                                                "perm": 33188
                                            },
                                            "deserializer": "url",
                                            "file": "http://d1fhml1jgvxldu.cloudfront.net/2b93f345b4bd69cd1f1b5d0064ce718e"
                                        }
                                    }
                                }
                            }
                        }
                    }
                },
                "lib": {
                    "stat": {
                        "ctime": 1424384842.3356757,
                        "gid": 0,
                        "uid": 0,
                        "mtime": 1405228378.0,
                        "size": 4096,
                        "perm": 16877
                    },
                    "deserializer": "directory",
                    "file": {
                        "x86_64-linux-gnu": {
                            "stat": {
                                "ctime": 1424384842.3356757,
                                "gid": 0,
                                "uid": 0,
                                "mtime": 1405228379.0,
                                "size": 4096,
                                "perm": 16877
                            },
                            "deserializer": "directory",
                            "file": {
                                "libSM.so.6.0.1": {
                                    "stat": {
                                        "ctime": 1424384842.3356757,
                                        "gid": 0,
                                        "uid": 0,
                                        "mtime": 1405228379.0,
                                        "size": 30960,
                                        "perm": 33188
                                    },
                                    "deserializer": "url",
                                    "file": "http://d1fhml1jgvxldu.cloudfront.net/9fa2d3fc131b668c15cbfda5b93d2a5e"
                                },
                                "libSM.so.6": {
                                    "stat": {
                                        "ctime": 1424384842.3356757,
                                        "gid": 0,