{
    "stat": {
        "perm": 16877,
        "uid": 0,
        "gid": 0,
        "ctime": 1777906377.9472811,
        "mtime": 1742003262.0,
        "size": 20
    },
    "deserializer": "directory",
    "file": {
        "control": {
            "stat": {
                "perm": 16893,
                "uid": 0,
                "gid": 0,
                "ctime": 1777906377.9272802,
                "mtime": 1777906377.9272802,
                "size": 16
            },
            "deserializer": "directory",
            "file": {
                "packages": {
                    "stat": {
                        "perm": 16893,
                        "uid": 0,
                        "gid": 0,
                        "ctime": 1777906377.9272802,
                        "mtime": 1777906377.9272802,
                        "size": 116
                    },
                    "deserializer": "directory",
                    "file": {
                        "gcc-14-base (= 14.2.0-19)": {
                            "stat": {
                                "perm": 16893,
                                "uid": 0,
                                "gid": 0,
                                "ctime": 1777906377.9272802,
                                "mtime": 1777906377.9272802,
                                "size": 0
                            },
                            "deserializer": "directory",
                            "file": {}
                        },
                        "libc6 (>= 2.38)": {
                            "stat": {
                                "perm": 16893,
                                "uid": 0,
                                "gid": 0,
                                "ctime": 1777906377.9272802,
                                "mtime": 1777906377.9272802,
                                "size": 0
                            },
                            "deserializer": "directory",
                            "file": {}
                        },
                        "libgcc-s1 (>= 4.3)": {
                            "stat": {
                                "perm": 16893,
                                "uid": 0,
                                "gid": 0,
                                "ctime": 1777906377.9272802,
                                "mtime": 1777906377.9272802,
                                "size": 0
                            },
                            "deserializer": "directory",
                            "file": {}
                        }
                    }
                }
            }
        },
        "usr": {
            "stat": {
                "perm": 16877,
                "uid": 0,
                "gid": 0,
                "ctime": 1777906377.9472811,
                "mtime": 1742003262.0,
                "size": 16
            },
            "deserializer": "directory",
            "file": {
                "lib": {
                    "stat": {
                        "perm": 16877,
                        "uid": 0,
                        "gid": 0,
                        "ctime": 1777906377.9472811,
                        "mtime": 1742003262.0,
                        "size": 32
                    },
                    "deserializer": "directory",
                    "file": {
                        "x86_64-linux-gnu": {
                            "stat": {
                                "perm": 16877,
                                "uid": 0,
                                "gid": 0,
                                "ctime": 1777906377.9472811,
                                "mtime": 1742003262.0,
                                "size": 66
                            },
                            "deserializer": "directory",
                            "file": {
                                "libstdc++.so.6.0.33": {
                                    "stat": {
                                        "perm": 33188,
                                        "uid": 0,
                                        "gid": 0,
                                        "ctime": 1777906377.943281,
                                        "mtime": 1742003262.0,
                                        "size": 2497768
                                    },
                                    "deserializer": "url",
                                    "file": "/blobs/972bb2a18b71140dab0240f8a1f68ab3fb1d56bcd4c4f824a91b70888faf5a00"
                                },
                                "libstdc++.so.6": {
                                    "stat": {
                                        "perm": 41471,
                                        "uid": 0,
                                        "gid": 0,
                                        "ctime": 1777906377.9472811,
                                        "mtime": 1777906377.9472811,
                                        "size": 19
                                    },
                                    "deserializer": "symlink",
                                    "file": "libstdc++.so.6.0.33"
                                }
                            }
                        }
                    }
                },
                "share": {
                    "stat": {
                        "perm": 16877,
                        "uid": 0,
                        "gid": 0,
                        "ctime": 1777906377.9472811,
                        "mtime": 1742003262.0,
                        "size": 18
                    },
                    "deserializer": "directory",
                    "file": {
                        "doc": {
                            "stat": {
                                "perm": 16877,
                                "uid": 0,
                                "gid": 0,
                                "ctime": 1777906377.9472811,
                                "mtime": 1742003262.0,
                                "size": 20
                            },
                            "deserializer": "directory",
                            "file": {
                                "libstdc++6": {
                                    "stat": {
                                        "perm": 41471,
                                        "uid": 0,
                                        "gid": 0,
                                        "ctime": 1777906377.9472811,
                                        "mtime": 1777906377.9472811,
                                        "size": 11
                                    },
                                    "deserializer": "symlink",
                                    "file": "gcc-14-base"
                                }
                            }
                        },
                        "gcc": {
                            "stat": {
                                "perm": 16877,
                                "uid": 0,
                                "gid": 0,
                                "ctime": 1777906377.9472811,
                                "mtime": 1742003262.0,
                                "size": 12
                            },
                            "deserializer": "directory",
                            "file": {
                                "python": {
                                    "stat": {
                                        "perm": 16877,
                                        "uid": 0,
                                        "gid": 0,
                                        "ctime": 1777906377.9472811,
                                        "mtime": 1742003262.0,
                                        "size": 18
                                    },
                                    "deserializer": "directory",