{
    "stat": {
        "perm": 16877,
        "uid": 0,
        "gid": 0,
        "ctime": 1777923068.007064,
        "mtime": 1742256272.0,
        "size": 20
    },
    "deserializer": "directory",
    "file": {
        "control": {
            "stat": {
                "perm": 16893,
                "uid": 0,
                "gid": 0,
                "ctime": 1777923068.003064,
                "mtime": 1777923068.003064,
                "size": 16
            },
            "deserializer": "directory",
            "file": {
                "packages": {
                    "stat": {
                        "perm": 16893,
                        "uid": 0,
                        "gid": 0,
                        "ctime": 1777923068.003064,
                        "mtime": 1777923068.003064,
                        "size": 144
                    },
                    "deserializer": "directory",
                    "file": {
                        "libc6 (>= 2.38)": {
                            "stat": {
                                "perm": 16893,
                                "uid": 0,
                                "gid": 0,
                                "ctime": 1777923068.003064,
                                "mtime": 1777923068.003064,
                                "size": 0
                            },
                            "deserializer": "directory",
                            "file": {}
                        },
                        "libgssapi-krb5-2 (>= 1.17)": {
                            "stat": {
                                "perm": 16893,
                                "uid": 0,
                                "gid": 0,
                                "ctime": 1777923068.003064,
                                "mtime": 1777923068.003064,
                                "size": 0
                            },
                            "deserializer": "directory",
                            "file": {}
                        },
                        "libtirpc-common (>= 1.3.6+ds-1)": {
                            "stat": {
                                "perm": 16893,
                                "uid": 0,
                                "gid": 0,
                                "ctime": 1777923068.003064,
                                "mtime": 1777923068.003064,
                                "size": 0
                            },
                            "deserializer": "directory",
                            "file": {}
                        }
                    }
                }
            }
        },
        "usr": {
            "stat": {
                "perm": 16877,
                "uid": 0,
                "gid": 0,
                "ctime": 1777923068.007064,
                "mtime": 1742256272.0,
                "size": 16
            },
            "deserializer": "directory",
            "file": {
                "lib": {
                    "stat": {
                        "perm": 16877,
                        "uid": 0,
                        "gid": 0,
                        "ctime": 1777923068.007064,
                        "mtime": 1742256272.0,
                        "size": 32
                    },
                    "deserializer": "directory",
                    "file": {
                        "x86_64-linux-gnu": {
                            "stat": {
                                "perm": 16877,
                                "uid": 0,
                                "gid": 0,
                                "ctime": 1777923068.007064,
                                "mtime": 1742256272.0,
                                "size": 60
                            },
                            "deserializer": "directory",
                            "file": {
                                "libtirpc.so.3.0.0": {
                                    "stat": {
                                        "perm": 33188,
                                        "uid": 0,
                                        "gid": 0,
                                        "ctime": 1777923068.003064,
                                        "mtime": 1742256272.0,
                                        "size": 195024
                                    },
                                    "deserializer": "url",
                                    "file": "/blobs/fb1bea42ac131a4da3b085d7d51f2d329b9f61b100338918d7415d9a94e0bc1f"
                                },
                                "libtirpc.so.3": {
                                    "stat": {
                                        "perm": 41471,
                                        "uid": 0,
                                        "gid": 0,
                                        "ctime": 1777923068.007064,
                                        "mtime": 1777923068.007064,
                                        "size": 17
                                    },
                                    "deserializer": "symlink",
                                    "file": "libtirpc.so.3.0.0"
                                }
                            }
                        }
                    }
                },
                "share": {
                    "stat": {
                        "perm": 16877,
                        "uid": 0,
                        "gid": 0,
                        "ctime": 1777923068.007064,
                        "mtime": 1742256272.0,
                        "size": 20
                    },
                    "deserializer": "directory",
                    "file": {
                        "doc": {
                            "stat": {
                                "perm": 16877,
                                "uid": 0,
                                "gid": 0,
                                "ctime": 1777923068.007064,
                                "mtime": 1742256272.0,
                                "size": 24
                            },
                            "deserializer": "directory",
                            "file": {
                                "libtirpc3t64": {
                                    "stat": {
                                        "perm": 16877,
                                        "uid": 0,
                                        "gid": 0,
                                        "ctime": 1777923068.007064,
                                        "mtime": 1742256272.0,
                                        "size": 108
                                    },
                                    "deserializer": "directory",
                                    "file": {
                                        "NEWS.Debian.gz": {
                                            "stat": {
                                                "perm": 33188,
                                                "uid": 0,
                                                "gid": 0,
                                                "ctime": 1777923068.003064,
                                                "mtime": 1742256272.0,
                                                "size": 277
                                            },
                                            "deserializer": "url",
                                            "file": "/blobs/c67bed1e3abb7facf25463f389e334013ca6feeda64bac8849748c351d85eab7"
                                        },
                                        "changelog.Debian.gz": {
                                            "stat": {
                                                "perm": 33188,
                                                "uid": 0,
                                                "gid": 0,
                                                "ctime": 1777923068.007064,
                                                "mtime": 1742256272.0,