{
    "stat": {
        "perm": 16877,
        "uid": 0,
        "gid": 0,
        "ctime": 1777906378.8473265,
        "mtime": 1661799944.0,
        "size": 20
    },
    "deserializer": "directory",
    "file": {
        "control": {
            "stat": {
                "perm": 16893,
                "uid": 0,
                "gid": 0,
                "ctime": 1777906378.8433263,
                "mtime": 1777906378.8433263,
                "size": 16
            },
            "deserializer": "directory",
            "file": {
                "packages": {
                    "stat": {
                        "perm": 16893,
                        "uid": 0,
                        "gid": 0,
                        "ctime": 1777906378.8433263,
                        "mtime": 1777906378.8433263,
                        "size": 44
                    },
                    "deserializer": "directory",
                    "file": {
                        "libtext-charwidth-perl": {
                            "stat": {
                                "perm": 16893,
                                "uid": 0,
                                "gid": 0,
                                "ctime": 1777906378.8433263,
                                "mtime": 1777906378.8433263,
                                "size": 0
                            },
                            "deserializer": "directory",
                            "file": {}
                        }
                    }
                }
            }
        },
        "usr": {
            "stat": {
                "perm": 16877,
                "uid": 0,
                "gid": 0,
                "ctime": 1777906378.8473265,
                "mtime": 1661799944.0,
                "size": 10
            },
            "deserializer": "directory",
            "file": {
                "share": {
                    "stat": {
                        "perm": 16877,
                        "uid": 0,
                        "gid": 0,
                        "ctime": 1777906378.8473265,
                        "mtime": 1661799944.0,
                        "size": 22
                    },
                    "deserializer": "directory",
                    "file": {
                        "doc": {
                            "stat": {
                                "perm": 16877,
                                "uid": 0,
                                "gid": 0,
                                "ctime": 1777906378.8473265,
                                "mtime": 1661799944.0,
                                "size": 42
                            },
                            "deserializer": "directory",
                            "file": {
                                "libtext-wrapi18n-perl": {
                                    "stat": {
                                        "perm": 16877,
                                        "uid": 0,
                                        "gid": 0,
                                        "ctime": 1777906378.8473265,
                                        "mtime": 1661799944.0,
                                        "size": 92
                                    },
                                    "deserializer": "directory",
                                    "file": {
                                        "README": {
                                            "stat": {
                                                "perm": 33188,
                                                "uid": 0,
                                                "gid": 0,
                                                "ctime": 1777906378.8433263,
                                                "mtime": 1056532421.0,
                                                "size": 1643
                                            },
                                            "deserializer": "url",
                                            "file": "/blobs/d5322848787b72275c594594ebaa29b893ace266c65c11ed57fecdf62827c136"
                                        },
                                        "changelog.Debian.gz": {
                                            "stat": {
                                                "perm": 33188,
                                                "uid": 0,
                                                "gid": 0,
                                                "ctime": 1777906378.8473265,
                                                "mtime": 1661799944.0,
                                                "size": 1809
                                            },
                                            "deserializer": "url",
                                            "file": "/blobs/4bf753f2984d589929e19133f4e219ead4dfaf304668dd571d9e6c8f5cf20399"
                                        },
                                        "changelog.gz": {
                                            "stat": {
                                                "perm": 33188,
                                                "uid": 0,
                                                "gid": 0,
                                                "ctime": 1777906378.8473265,
                                                "mtime": 1056531746.0,
                                                "size": 278
                                            },
                                            "deserializer": "url",
                                            "file": "/blobs/66d3969e608f5124ee88d89e75888842d6c0b35c88506b190acf0e07dbae47d4"
                                        },
                                        "copyright": {
                                            "stat": {
                                                "perm": 33188,
                                                "uid": 0,
                                                "gid": 0,
                                                "ctime": 1777906378.8473265,
                                                "mtime": 1661799944.0,
                                                "size": 1181
                                            },
                                            "deserializer": "url",
                                            "file": "/blobs/04670c33e3250932ba698b12e609fe6a7c7eb847c2fa5d05baaf2782e5935375"
                                        }
                                    }
                                }
                            }
                        },
                        "man": {
                            "stat": {
                                "perm": 16877,
                                "uid": 0,
                                "gid": 0,
                                "ctime": 1777906378.8473265,
                                "mtime": 1661799944.0,
                                "size": 8
                            },
                            "deserializer": "directory",
                            "file": {
                                "man3": {
                                    "stat": {
                                        "perm": 16877,
                                        "uid": 0,
                                        "gid": 0,
                                        "ctime": 1777906378.8473265,
                                        "mtime": 1661799944.0,
                                        "size": 42
                                    },
                                    "deserializer": "directory",
                                    "file": {
                                        "Text::WrapI18N.3pm.gz": {
                                            "stat": {
                                                "perm": 33188,
                                                "uid": 0,
                                                "gid": 0,