{
    "stat": {
        "perm": 16877,
        "uid": 0,
        "gid": 0,
        "ctime": 1777906378.8393261,
        "mtime": 1728954309.0,
        "size": 20
    },
    "deserializer": "directory",
    "file": {
        "control": {
            "stat": {
                "perm": 16893,
                "uid": 0,
                "gid": 0,
                "ctime": 1777906378.8353257,
                "mtime": 1777906378.8353257,
                "size": 16
            },
            "deserializer": "directory",
            "file": {
                "packages": {
                    "stat": {
                        "perm": 16893,
                        "uid": 0,
                        "gid": 0,
                        "ctime": 1777906378.8353257,
                        "mtime": 1777906378.8353257,
                        "size": 102
                    },
                    "deserializer": "directory",
                    "file": {
                        "libc6 (>= 2.4)": {
                            "stat": {
                                "perm": 16893,
                                "uid": 0,
                                "gid": 0,
                                "ctime": 1777906378.8353257,
                                "mtime": 1777906378.8353257,
                                "size": 0
                            },
                            "deserializer": "directory",
                            "file": {}
                        },
                        "perl-base (>= 5.40.0-6)": {
                            "stat": {
                                "perm": 16893,
                                "uid": 0,
                                "gid": 0,
                                "ctime": 1777906378.8353257,
                                "mtime": 1777906378.8353257,
                                "size": 0
                            },
                            "deserializer": "directory",
                            "file": {}
                        },
                        "perlapi-5.40.0": {
                            "stat": {
                                "perm": 16893,
                                "uid": 0,
                                "gid": 0,
                                "ctime": 1777906378.8353257,
                                "mtime": 1777906378.8353257,
                                "size": 0
                            },
                            "deserializer": "directory",
                            "file": {}
                        }
                    }
                }
            }
        },
        "usr": {
            "stat": {
                "perm": 16877,
                "uid": 0,
                "gid": 0,
                "ctime": 1777906378.8393261,
                "mtime": 1728954309.0,
                "size": 16
            },
            "deserializer": "directory",
            "file": {
                "lib": {
                    "stat": {
                        "perm": 16877,
                        "uid": 0,
                        "gid": 0,
                        "ctime": 1777906378.8393261,
                        "mtime": 1728954309.0,
                        "size": 32
                    },
                    "deserializer": "directory",
                    "file": {
                        "x86_64-linux-gnu": {
                            "stat": {
                                "perm": 16877,
                                "uid": 0,
                                "gid": 0,
                                "ctime": 1777906378.8393261,
                                "mtime": 1728954309.0,
                                "size": 10
                            },
                            "deserializer": "directory",
                            "file": {
                                "perl5": {
                                    "stat": {
                                        "perm": 16877,
                                        "uid": 0,
                                        "gid": 0,
                                        "ctime": 1777906378.8393261,
                                        "mtime": 1728954309.0,
                                        "size": 8
                                    },
                                    "deserializer": "directory",
                                    "file": {
                                        "5.40": {
                                            "stat": {
                                                "perm": 16877,
                                                "uid": 0,
                                                "gid": 0,
                                                "ctime": 1777906378.8393261,
                                                "mtime": 1728954309.0,
                                                "size": 16
                                            },
                                            "deserializer": "directory",
                                            "file": {
                                                "Text": {
                                                    "stat": {
                                                        "perm": 16877,
                                                        "uid": 0,
                                                        "gid": 0,
                                                        "ctime": 1777906378.8393261,
                                                        "mtime": 1728954309.0,
                                                        "size": 24
                                                    },
                                                    "deserializer": "directory",
                                                    "file": {
                                                        "CharWidth.pm": {
                                                            "stat": {
                                                                "perm": 33188,
                                                                "uid": 0,
                                                                "gid": 0,
                                                                "ctime": 1777906378.8353257,
                                                                "mtime": 1056531589.0,
                                                                "size": 2040
                                                            },
                                                            "deserializer": "url",
                                                            "file": "/blobs/6ab868439fe5c571bd80e8f16b9a9f8380a1d227c50e0138045544be575c6ee9"
                                                        }
                                                    }
                                                },
                                                "auto": {
                                                    "stat": {
                                                        "perm": 16877,
                                                        "uid": 0,
                                                        "gid": 0,
                                                        "ctime": 1777906378.8393261,
                                                        "mtime": 1728954309.0,
                                                        "size": 8
                                                    },
                                                    "deserializer": "directory",
                                                    "file": {
                                                        "Text": {
                                                            "stat": {
                                                                "perm": 16877,
                                                                "uid": 0,