{
    "stat": {
        "size": 4096,
        "ctime": 1424384158.3408482,
        "uid": 0,
        "mtime": 1349432416.0,
        "perm": 16877,
        "gid": 0
    },
    "file": {
        "control": {
            "stat": {
                "size": 4096,
                "ctime": 1424384158.3368483,
                "uid": 0,
                "mtime": 1424384158.3368483,
                "perm": 16893,
                "gid": 0
            },
            "file": {
                "packages": {
                    "stat": {
                        "size": 4096,
                        "ctime": 1424384158.3368483,
                        "uid": 0,
                        "mtime": 1424384158.3368483,
                        "perm": 16893,
                        "gid": 0
                    },
                    "file": {
                        "adduser": {
                            "stat": {
                                "size": 4096,
                                "ctime": 1424384158.3368483,
                                "uid": 0,
                                "mtime": 1424384158.3368483,
                                "perm": 16893,
                                "gid": 0
                            },
                            "file": {},
                            "deserializer": "directory"
                        },
                        "libc6 (>= 2.4)": {
                            "stat": {
                                "size": 4096,
                                "ctime": 1424384158.3368483,
                                "uid": 0,
                                "mtime": 1424384158.3368483,
                                "perm": 16893,
                                "gid": 0
                            },
                            "file": {},
                            "deserializer": "directory"
                        }
                    },
                    "deserializer": "directory"
                }
            },
            "deserializer": "directory"
        },
        "usr": {
            "stat": {
                "size": 4096,
                "ctime": 1424384158.3408482,
                "uid": 0,
                "mtime": 1349432415.0,
                "perm": 16877,
                "gid": 0
            },
            "file": {
                "share": {
                    "stat": {
                        "size": 4096,
                        "ctime": 1424384158.3408482,
                        "uid": 0,
                        "mtime": 1349432416.0,
                        "perm": 16877,
                        "gid": 0
                    },
                    "file": {
                        "lintian": {
                            "stat": {
                                "size": 4096,
                                "ctime": 1424384158.3408482,
                                "uid": 0,
                                "mtime": 1349432416.0,
                                "perm": 16877,
                                "gid": 0
                            },
                            "file": {
                                "overrides": {
                                    "stat": {
                                        "size": 4096,
                                        "ctime": 1424384158.3408482,
                                        "uid": 0,
                                        "mtime": 1349432416.0,
                                        "perm": 16877,
                                        "gid": 0
                                    },
                                    "file": {
                                        "libutempter0": {
                                            "stat": {
                                                "size": 133,
                                                "ctime": 1424384158.3408482,
                                                "uid": 0,
                                                "mtime": 1271937184.0,
                                                "perm": 33188,
                                                "gid": 0
                                            },
                                            "file": "http://d1fhml1jgvxldu.cloudfront.net/d37bdfc5e65ee91f59bfb5ec606b1fec",
                                            "deserializer": "url"
                                        }
                                    },
                                    "deserializer": "directory"
                                }
                            },
                            "deserializer": "directory"
                        },
                        "doc": {
                            "stat": {
                                "size": 4096,
                                "ctime": 1424384158.3408482,
                                "uid": 0,
                                "mtime": 1349432415.0,
                                "perm": 16877,
                                "gid": 0
                            },
                            "file": {
                                "libutempter0": {
                                    "stat": {
                                        "size": 4096,
                                        "ctime": 1424384158.3408482,
                                        "uid": 0,
                                        "mtime": 1349432417.0,
                                        "perm": 16877,
                                        "gid": 0
                                    },
                                    "file": {
                                        "changelog.Debian.gz": {
                                            "stat": {
                                                "size": 618,
                                                "ctime": 1424384158.3408482,
                                                "uid": 0,
                                                "mtime": 1349426581.0,
                                                "perm": 33188,
                                                "gid": 0
                                            },
                                            "file": "http://d1fhml1jgvxldu.cloudfront.net/bf133f24afec791cf194069387595822",
                                            "deserializer": "url"
                                        },
                                        "copyright": {
                                            "stat": {
                                                "size": 1435,
                                                "ctime": 1424384158.3408482,
                                                "uid": 0,
                                                "mtime": 1271935265.0,
                                                "perm": 33188,
                                                "gid": 0
                                            },
                                            "file": "http://d1fhml1jgvxldu.cloudfront.net/3405ad052a16404fadda3573367970b2",
                                            "deserializer": "url"
                                        }
                                    },
                                    "deserializer": "directory"
                                }
                            },
                            "deserializer": "directory"
                        }
                    },
                    "deserializer": "directory"
                },
                "lib": {
                    "stat": {
                        "size": 4096,
                        "ctime": 1424384158.3408482,
                        "uid": 0,
                        "mtime": 1349432417.0,
                        "perm": 16877,
                        "gid": 0
                    },
                    "file": {
                        "utempter": {
                            "stat": {
                                "size": 4096,