{
    "stat": {
        "perm": 16877,
        "uid": 0,
        "gid": 0,
        "ctime": 1777906380.0833883,
        "mtime": 1756924700.0,
        "size": 20
    },
    "deserializer": "directory",
    "file": {
        "control": {
            "stat": {
                "perm": 16893,
                "uid": 0,
                "gid": 0,
                "ctime": 1777906380.0793881,
                "mtime": 1777906380.0793881,
                "size": 16
            },
            "deserializer": "directory",
            "file": {
                "packages": {
                    "stat": {
                        "perm": 16893,
                        "uid": 0,
                        "gid": 0,
                        "ctime": 1777906380.0793881,
                        "mtime": 1777906380.0793881,
                        "size": 68
                    },
                    "deserializer": "directory",
                    "file": {
                        "libc6 (>= 2.38)": {
                            "stat": {
                                "perm": 16893,
                                "uid": 0,
                                "gid": 0,
                                "ctime": 1777906380.0793881,
                                "mtime": 1777906380.0793881,
                                "size": 0
                            },
                            "deserializer": "directory",
                            "file": {}
                        },
                        "libcap2 (>= 1:2.10)": {
                            "stat": {
                                "perm": 16893,
                                "uid": 0,
                                "gid": 0,
                                "ctime": 1777906380.0793881,
                                "mtime": 1777906380.0793881,
                                "size": 0
                            },
                            "deserializer": "directory",
                            "file": {}
                        }
                    }
                }
            }
        },
        "usr": {
            "stat": {
                "perm": 16877,
                "uid": 0,
                "gid": 0,
                "ctime": 1777906380.0833883,
                "mtime": 1756924700.0,
                "size": 16
            },
            "deserializer": "directory",
            "file": {
                "lib": {
                    "stat": {
                        "perm": 16877,
                        "uid": 0,
                        "gid": 0,
                        "ctime": 1777906380.0833883,
                        "mtime": 1756924700.0,
                        "size": 32
                    },
                    "deserializer": "directory",
                    "file": {
                        "x86_64-linux-gnu": {
                            "stat": {
                                "perm": 16877,
                                "uid": 0,
                                "gid": 0,
                                "ctime": 1777906380.0833883,
                                "mtime": 1756924700.0,
                                "size": 58
                            },
                            "deserializer": "directory",
                            "file": {
                                "libudev.so.1.7.10": {
                                    "stat": {
                                        "perm": 33188,
                                        "uid": 0,
                                        "gid": 0,
                                        "ctime": 1777906380.0793881,
                                        "mtime": 1756924700.0,
                                        "size": 280936
                                    },
                                    "deserializer": "url",
                                    "file": "/blobs/5a98f556c6d245d6de2160cfb1e8c5edb3c3d4b5ecd06b9404d8cbb88f88c810"
                                },
                                "libudev.so.1": {
                                    "stat": {
                                        "perm": 41471,
                                        "uid": 0,
                                        "gid": 0,
                                        "ctime": 1777906380.0833883,
                                        "mtime": 1777906380.0833883,
                                        "size": 17
                                    },
                                    "deserializer": "symlink",
                                    "file": "libudev.so.1.7.10"
                                }
                            }
                        }
                    }
                },
                "share": {
                    "stat": {
                        "perm": 16877,
                        "uid": 0,
                        "gid": 0,
                        "ctime": 1777906380.0833883,
                        "mtime": 1756924700.0,
                        "size": 6
                    },
                    "deserializer": "directory",
                    "file": {
                        "doc": {
                            "stat": {
                                "perm": 16877,
                                "uid": 0,
                                "gid": 0,
                                "ctime": 1777906380.0833883,
                                "mtime": 1756924700.0,
                                "size": 16
                            },
                            "deserializer": "directory",
                            "file": {
                                "libudev1": {
                                    "stat": {
                                        "perm": 16877,
                                        "uid": 0,
                                        "gid": 0,
                                        "ctime": 1777906380.0833883,
                                        "mtime": 1756924700.0,
                                        "size": 84
                                    },
                                    "deserializer": "directory",
                                    "file": {
                                        "NEWS.Debian.gz": {
                                            "stat": {
                                                "perm": 33188,
                                                "uid": 0,
                                                "gid": 0,
                                                "ctime": 1777906380.0833883,
                                                "mtime": 1756924700.0,
                                                "size": 3292
                                            },
                                            "deserializer": "url",
                                            "file": "/blobs/b4b53c789347f2237993e4e2613beca6ce6def16b6eb6f67928bb928a88412f6"
                                        },
                                        "changelog.Debian.gz": {
                                            "stat": {
                                                "perm": 33188,
                                                "uid": 0,
                                                "gid": 0,
                                                "ctime": 1777906380.0833883,
                                                "mtime": 1756924700.0,
                                                "size": 48918
                                            },
                                            "deserializer": "url",
                                            "file": "/blobs/b8b960d3d8276f19809489f839d3951cadf6357249adc682838c11b381158371"
                                        },
                                        "copyright": {
                                            "stat": {
                                                "perm": 33188,
                                                "uid": 0,