{
    "stat": {
        "perm": 16877,
        "uid": 0,
        "gid": 0,
        "ctime": 1777906380.4994092,
        "mtime": 1740178282.0,
        "size": 20
    },
    "deserializer": "directory",
    "file": {
        "control": {
            "stat": {
                "perm": 16893,
                "uid": 0,
                "gid": 0,
                "ctime": 1777906380.495409,
                "mtime": 1777906380.495409,
                "size": 16
            },
            "deserializer": "directory",
            "file": {
                "packages": {
                    "stat": {
                        "perm": 16893,
                        "uid": 0,
                        "gid": 0,
                        "ctime": 1777906380.495409,
                        "mtime": 1777906380.495409,
                        "size": 30
                    },
                    "deserializer": "directory",
                    "file": {
                        "libc6 (>= 2.33)": {
                            "stat": {
                                "perm": 16893,
                                "uid": 0,
                                "gid": 0,
                                "ctime": 1777906380.495409,
                                "mtime": 1777906380.495409,
                                "size": 0
                            },
                            "deserializer": "directory",
                            "file": {}
                        }
                    }
                }
            }
        },
        "usr": {
            "stat": {
                "perm": 16877,
                "uid": 0,
                "gid": 0,
                "ctime": 1777906380.4994092,
                "mtime": 1740178282.0,
                "size": 16
            },
            "deserializer": "directory",
            "file": {
                "lib": {
                    "stat": {
                        "perm": 16877,
                        "uid": 0,
                        "gid": 0,
                        "ctime": 1777906380.4994092,
                        "mtime": 1740178282.0,
                        "size": 32
                    },
                    "deserializer": "directory",
                    "file": {
                        "x86_64-linux-gnu": {
                            "stat": {
                                "perm": 16877,
                                "uid": 0,
                                "gid": 0,
                                "ctime": 1777906380.4994092,
                                "mtime": 1740178282.0,
                                "size": 56
                            },
                            "deserializer": "directory",
                            "file": {
                                "libwrap.so.0.7.6": {
                                    "stat": {
                                        "perm": 33188,
                                        "uid": 0,
                                        "gid": 0,
                                        "ctime": 1777906380.495409,
                                        "mtime": 1740178282.0,
                                        "size": 47976
                                    },
                                    "deserializer": "url",
                                    "file": "/blobs/a1679facc8b1b3e16b1d910b7557c1e33461f981add05d3fcb71d2b1aa2df894"
                                },
                                "libwrap.so.0": {
                                    "stat": {
                                        "perm": 41471,
                                        "uid": 0,
                                        "gid": 0,
                                        "ctime": 1777906380.4994092,
                                        "mtime": 1777906380.4994092,
                                        "size": 16
                                    },
                                    "deserializer": "symlink",
                                    "file": "libwrap.so.0.7.6"
                                }
                            }
                        }
                    }
                },
                "share": {
                    "stat": {
                        "perm": 16877,
                        "uid": 0,
                        "gid": 0,
                        "ctime": 1777906380.4994092,
                        "mtime": 1740178282.0,
                        "size": 12
                    },
                    "deserializer": "directory",
                    "file": {
                        "doc": {
                            "stat": {
                                "perm": 16877,
                                "uid": 0,
                                "gid": 0,
                                "ctime": 1777906380.4994092,
                                "mtime": 1740178282.0,
                                "size": 16
                            },
                            "deserializer": "directory",
                            "file": {
                                "libwrap0": {
                                    "stat": {
                                        "perm": 16877,
                                        "uid": 0,
                                        "gid": 0,
                                        "ctime": 1777906380.4994092,
                                        "mtime": 1740178282.0,
                                        "size": 124
                                    },
                                    "deserializer": "directory",
                                    "file": {
                                        "README.Debian": {
                                            "stat": {
                                                "perm": 33188,
                                                "uid": 0,
                                                "gid": 0,
                                                "ctime": 1777906380.495409,
                                                "mtime": 1308443003.0,
                                                "size": 1989
                                            },
                                            "deserializer": "url",
                                            "file": "/blobs/dee32a1a1fb007facd01c3b1fc99cbd753471298ec9a41b7175d87c877a22fd7"
                                        },
                                        "README.gz": {
                                            "stat": {
                                                "perm": 33188,
                                                "uid": 0,
                                                "gid": 0,
                                                "ctime": 1777906380.495409,
                                                "mtime": 858968842.0,
                                                "size": 16694
                                            },
                                            "deserializer": "url",
                                            "file": "/blobs/3c86bfca5849e7682b5ccf90c3045083a00c5fbbd5b3f8e9537ff2c308bfb168"
                                        },
                                        "changelog.Debian.gz": {
                                            "stat": {
                                                "perm": 33188,
                                                "uid": 0,
                                                "gid": 0,
                                                "ctime": 1777906380.495409,
                                                "mtime": 1740178282.0,
                                                "size": 828
                                            },
                                            "deserializer": "url",
                                            "file": "/blobs/f72bbf81de68bc06f556c2ec98073c4ef0da9413dd4b9730f634de39459dd9eb"
                                        },