{
    "file": {
        "control": {
            "file": {
                "packages": {
                    "file": {
                        "libxt6": {
                            "file": {},
                            "stat": {
                                "uid": 0,
                                "mtime": 1424384790.2794614,
                                "size": 4096,
                                "gid": 0,
                                "ctime": 1424384790.2794614,
                                "perm": 16893
                            },
                            "deserializer": "directory"
                        },
                        "libc6 (>= 2.14)": {
                            "file": {},
                            "stat": {
                                "uid": 0,
                                "mtime": 1424384790.2794614,
                                "size": 4096,
                                "gid": 0,
                                "ctime": 1424384790.2794614,
                                "perm": 16893
                            },
                            "deserializer": "directory"
                        },
                        "libxext6": {
                            "file": {},
                            "stat": {
                                "uid": 0,
                                "mtime": 1424384790.2794614,
                                "size": 4096,
                                "gid": 0,
                                "ctime": 1424384790.2794614,
                                "perm": 16893
                            },
                            "deserializer": "directory"
                        },
                        "libx11-6": {
                            "file": {},
                            "stat": {
                                "uid": 0,
                                "mtime": 1424384790.2794614,
                                "size": 4096,
                                "gid": 0,
                                "ctime": 1424384790.2794614,
                                "perm": 16893
                            },
                            "deserializer": "directory"
                        }
                    },
                    "stat": {
                        "uid": 0,
                        "mtime": 1424384790.2794614,
                        "size": 4096,
                        "gid": 0,
                        "ctime": 1424384790.2794614,
                        "perm": 16893
                    },
                    "deserializer": "directory"
                }
            },
            "stat": {
                "uid": 0,
                "mtime": 1424384790.2794614,
                "size": 4096,
                "gid": 0,
                "ctime": 1424384790.2794614,
                "perm": 16893
            },
            "deserializer": "directory"
        },
        "usr": {
            "file": {
                "lib": {
                    "file": {
                        "x86_64-linux-gnu": {
                            "file": {
                                "libXmu.so.6": {
                                    "file": "libXmu.so.6.2.0",
                                    "stat": {
                                        "uid": 0,
                                        "mtime": 1424384790.2914615,
                                        "size": 15,
                                        "gid": 0,
                                        "ctime": 1424384790.2914615,
                                        "perm": 41471
                                    },
                                    "deserializer": "symlink"
                                },
                                "libXmu.so.6.2.0": {
                                    "file": "http://d1fhml1jgvxldu.cloudfront.net/0d7075af8ab783d3d83182bbf80d899e",
                                    "stat": {
                                        "uid": 0,
                                        "mtime": 1399331879.0,
                                        "size": 107336,
                                        "gid": 0,
                                        "ctime": 1424384790.2914615,
                                        "perm": 33188
                                    },
                                    "deserializer": "url"
                                }
                            },
                            "stat": {
                                "uid": 0,
                                "mtime": 1399331879.0,
                                "size": 4096,
                                "gid": 0,
                                "ctime": 1424384790.2914615,
                                "perm": 16877
                            },
                            "deserializer": "directory"
                        }
                    },
                    "stat": {
                        "uid": 0,
                        "mtime": 1399331877.0,
                        "size": 4096,
                        "gid": 0,
                        "ctime": 1424384790.2914615,
                        "perm": 16877
                    },
                    "deserializer": "directory"
                },
                "share": {
                    "file": {
                        "doc": {
                            "file": {
                                "libxmu6": {
                                    "file": {
                                        "copyright": {
                                            "file": "http://d1fhml1jgvxldu.cloudfront.net/2d251d0d641d530c647a029c3b6c08bc",
                                            "stat": {
                                                "uid": 0,
                                                "mtime": 1399331855.0,
                                                "size": 3636,
                                                "gid": 0,
                                                "ctime": 1424384790.2914615,
                                                "perm": 33188
                                            },
                                            "deserializer": "url"
                                        },
                                        "changelog.Debian.gz": {
                                            "file": "http://d1fhml1jgvxldu.cloudfront.net/002313abaaad0240ac5187834744a959",
                                            "stat": {
                                                "uid": 0,
                                                "mtime": 1399331888.0,
                                                "size": 2116,
                                                "gid": 0,
                                                "ctime": 1424384790.2914615,
                                                "perm": 33188
                                            },
                                            "deserializer": "url"
                                        }
                                    },
                                    "stat": {
                                        "uid": 0,
                                        "mtime": 1399331880.0,
                                        "size": 4096,
                                        "gid": 0,
                                        "ctime": 1424384790.2914615,
                                        "perm": 16877
                                    },
                                    "deserializer": "directory"
                                }
                            },
                            "stat": {
                                "uid": 0,
                                "mtime": 1399331877.0,
                                "size": 4096,
                                "gid": 0,
                                "ctime": 1424384790.2914615,