{
    "stat": {
        "mtime": 1372162095.0,
        "size": 4096,
        "gid": 0,
        "uid": 0,
        "perm": 16877,
        "ctime": 1424390459.4002502
    },
    "deserializer": "directory",
    "file": {
        "control": {
            "stat": {
                "mtime": 1424390459.3962502,
                "size": 4096,
                "gid": 0,
                "uid": 0,
                "perm": 16893,
                "ctime": 1424390459.3962502
            },
            "deserializer": "directory",
            "file": {
                "packages": {
                    "stat": {
                        "mtime": 1424390459.3962502,
                        "size": 4096,
                        "gid": 0,
                        "uid": 0,
                        "perm": 16893,
                        "ctime": 1424390459.3962502
                    },
                    "deserializer": "directory",
                    "file": {
                        "libxrender1": {
                            "stat": {
                                "mtime": 1424390459.3962502,
                                "size": 4096,
                                "gid": 0,
                                "uid": 0,
                                "perm": 16893,
                                "ctime": 1424390459.3962502
                            },
                            "deserializer": "directory",
                            "file": {}
                        },
                        "libxfixes3": {
                            "stat": {
                                "mtime": 1424390459.3962502,
                                "size": 4096,
                                "gid": 0,
                                "uid": 0,
                                "perm": 16893,
                                "ctime": 1424390459.3962502
                            },
                            "deserializer": "directory",
                            "file": {}
                        },
                        "libc6 (>= 2.14)": {
                            "stat": {
                                "mtime": 1424390459.3962502,
                                "size": 4096,
                                "gid": 0,
                                "uid": 0,
                                "perm": 16893,
                                "ctime": 1424390459.3962502
                            },
                            "deserializer": "directory",
                            "file": {}
                        },
                        "libx11-6 (>= 2:1.4.99.1)": {
                            "stat": {
                                "mtime": 1424390459.3962502,
                                "size": 4096,
                                "gid": 0,
                                "uid": 0,
                                "perm": 16893,
                                "ctime": 1424390459.3962502
                            },
                            "deserializer": "directory",
                            "file": {}
                        }
                    }
                }
            }
        },
        "usr": {
            "stat": {
                "mtime": 1372162093.0,
                "size": 4096,
                "gid": 0,
                "uid": 0,
                "perm": 16877,
                "ctime": 1424390459.4002502
            },
            "deserializer": "directory",
            "file": {
                "lib": {
                    "stat": {
                        "mtime": 1372162093.0,
                        "size": 4096,
                        "gid": 0,
                        "uid": 0,
                        "perm": 16877,
                        "ctime": 1424390459.4002502
                    },
                    "deserializer": "directory",
                    "file": {
                        "x86_64-linux-gnu": {
                            "stat": {
                                "mtime": 1372162094.0,
                                "size": 4096,
                                "gid": 0,
                                "uid": 0,
                                "perm": 16877,
                                "ctime": 1424390459.4002502
                            },
                            "deserializer": "directory",
                            "file": {
                                "libXcursor.so.1.0.2": {
                                    "stat": {
                                        "mtime": 1372162094.0,
                                        "size": 39232,
                                        "gid": 0,
                                        "uid": 0,
                                        "perm": 33188,
                                        "ctime": 1424390459.4002502
                                    },
                                    "deserializer": "url",
                                    "file": "http://d1fhml1jgvxldu.cloudfront.net/1c927d5d7c3e254d5dc457d2f5560b2d"
                                },
                                "libXcursor.so.1": {
                                    "stat": {
                                        "mtime": 1424390459.4002502,
                                        "size": 19,
                                        "gid": 0,
                                        "uid": 0,
                                        "perm": 41471,
                                        "ctime": 1424390459.4002502
                                    },
                                    "deserializer": "symlink",
                                    "file": "libXcursor.so.1.0.2"
                                }
                            }
                        }
                    }
                },
                "share": {
                    "stat": {
                        "mtime": 1372162093.0,
                        "size": 4096,
                        "gid": 0,
                        "uid": 0,
                        "perm": 16877,
                        "ctime": 1424390459.4002502
                    },
                    "deserializer": "directory",
                    "file": {
                        "doc": {
                            "stat": {
                                "mtime": 1372162093.0,
                                "size": 4096,
                                "gid": 0,
                                "uid": 0,
                                "perm": 16877,
                                "ctime": 1424390459.4002502
                            },
                            "deserializer": "directory",
                            "file": {
                                "libxcursor1": {
                                    "stat": {
                                        "mtime": 1372162095.0,
                                        "size": 4096,
                                        "gid": 0,
                                        "uid": 0,
                                        "perm": 16877,
                                        "ctime": 1424390459.4002502
                                    },
                                    "deserializer": "directory",
                                    "file": {
                                        "changelog.Debian.gz": {
                                            "stat": {
                                                "mtime": 1372162099.0,
                                                "size": 1530,
                                                "gid": 0,
                                                "uid": 0,
                                                "perm": 33188,
                                                "ctime": 1424390459.4002502
                                            },
                                            "deserializer": "url",