{
    "stat": {
        "mtime": 1407146348.0,
        "uid": 0,
        "ctime": 1424384278.5413475,
        "size": 4096,
        "perm": 16877,
        "gid": 0
    },
    "deserializer": "directory",
    "file": {
        "usr": {
            "stat": {
                "mtime": 1407146344.0,
                "uid": 0,
                "ctime": 1424384278.5413475,
                "size": 4096,
                "perm": 16877,
                "gid": 0
            },
            "deserializer": "directory",
            "file": {
                "share": {
                    "stat": {
                        "mtime": 1407146344.0,
                        "uid": 0,
                        "ctime": 1424384278.5413475,
                        "size": 4096,
                        "perm": 16877,
                        "gid": 0
                    },
                    "deserializer": "directory",
                    "file": {
                        "doc": {
                            "stat": {
                                "mtime": 1407146344.0,
                                "uid": 0,
                                "ctime": 1424384278.5413475,
                                "size": 4096,
                                "perm": 16877,
                                "gid": 0
                            },
                            "deserializer": "directory",
                            "file": {
                                "libx11-6": {
                                    "stat": {
                                        "mtime": 1407146348.0,
                                        "uid": 0,
                                        "ctime": 1424384278.5413475,
                                        "size": 4096,
                                        "perm": 16877,
                                        "gid": 0
                                    },
                                    "deserializer": "directory",
                                    "file": {
                                        "NEWS.Debian.gz": {
                                            "stat": {
                                                "mtime": 1407146275.0,
                                                "uid": 0,
                                                "ctime": 1424384278.5413475,
                                                "size": 963,
                                                "perm": 33188,
                                                "gid": 0
                                            },
                                            "deserializer": "url",
                                            "file": "http://d1fhml1jgvxldu.cloudfront.net/73935a46de4281fc0b11e9913b06aace"
                                        },
                                        "NEWS.gz": {
                                            "stat": {
                                                "mtime": 1378690640.0,
                                                "uid": 0,
                                                "ctime": 1424384278.5413475,
                                                "size": 3653,
                                                "perm": 33188,
                                                "gid": 0
                                            },
                                            "deserializer": "url",
                                            "file": "http://d1fhml1jgvxldu.cloudfront.net/af25483e013c3c454e31550803c5718a"
                                        },
                                        "changelog.Debian.gz": {
                                            "stat": {
                                                "mtime": 1407146354.0,
                                                "uid": 0,
                                                "ctime": 1424384278.5413475,
                                                "size": 1415,
                                                "perm": 33188,
                                                "gid": 0
                                            },
                                            "deserializer": "url",
                                            "file": "http://d1fhml1jgvxldu.cloudfront.net/f751588ef0816346994f48af46982ba5"
                                        },
                                        "copyright": {
                                            "stat": {
                                                "mtime": 1407146275.0,
                                                "uid": 0,
                                                "ctime": 1424384278.5413475,
                                                "size": 47104,
                                                "perm": 33188,
                                                "gid": 0
                                            },
                                            "deserializer": "url",
                                            "file": "http://d1fhml1jgvxldu.cloudfront.net/baa43cabe19521cd793947b55fc034db"
                                        }
                                    }
                                }
                            }
                        },
                        "lintian": {
                            "stat": {
                                "mtime": 1407146344.0,
                                "uid": 0,
                                "ctime": 1424384278.5413475,
                                "size": 4096,
                                "perm": 16877,
                                "gid": 0
                            },
                            "deserializer": "directory",
                            "file": {
                                "overrides": {
                                    "stat": {
                                        "mtime": 1407146344.0,
                                        "uid": 0,
                                        "ctime": 1424384278.5413475,
                                        "size": 4096,
                                        "perm": 16877,
                                        "gid": 0
                                    },
                                    "deserializer": "directory",
                                    "file": {
                                        "libx11-6": {
                                            "stat": {
                                                "mtime": 1407146275.0,
                                                "uid": 0,
                                                "ctime": 1424384278.5413475,
                                                "size": 60,
                                                "perm": 33188,
                                                "gid": 0
                                            },
                                            "deserializer": "url",
                                            "file": "http://d1fhml1jgvxldu.cloudfront.net/7b3bf08e452bf55411aac9e4fe527e99"
                                        }
                                    }
                                }
                            }
                        }
                    }
                },
                "lib": {
                    "stat": {
                        "mtime": 1407146344.0,
                        "uid": 0,
                        "ctime": 1424384278.5413475,
                        "size": 4096,
                        "perm": 16877,
                        "gid": 0
                    },
                    "deserializer": "directory",
                    "file": {
                        "x86_64-linux-gnu": {
                            "stat": {
                                "mtime": 1407146345.0,
                                "uid": 0,
                                "ctime": 1424384278.5413475,
                                "size": 4096,