{
    "stat": {
        "perm": 16877,
        "gid": 0,
        "mtime": 1376639486.0,
        "uid": 0,
        "ctime": 1424384806.8075294,
        "size": 4096
    },
    "deserializer": "directory",
    "file": {
        "usr": {
            "stat": {
                "perm": 16877,
                "gid": 0,
                "mtime": 1376639481.0,
                "uid": 0,
                "ctime": 1424384806.8075294,
                "size": 4096
            },
            "deserializer": "directory",
            "file": {
                "share": {
                    "stat": {
                        "perm": 16877,
                        "gid": 0,
                        "mtime": 1376639481.0,
                        "uid": 0,
                        "ctime": 1424384806.8075294,
                        "size": 4096
                    },
                    "deserializer": "directory",
                    "file": {
                        "doc": {
                            "stat": {
                                "perm": 16877,
                                "gid": 0,
                                "mtime": 1376639481.0,
                                "uid": 0,
                                "ctime": 1424384806.8075294,
                                "size": 4096
                            },
                            "deserializer": "directory",
                            "file": {
                                "libxt6": {
                                    "stat": {
                                        "perm": 16877,
                                        "gid": 0,
                                        "mtime": 1376639483.0,
                                        "uid": 0,
                                        "ctime": 1424384806.8075294,
                                        "size": 4096
                                    },
                                    "deserializer": "directory",
                                    "file": {
                                        "copyright": {
                                            "stat": {
                                                "perm": 33188,
                                                "gid": 0,
                                                "mtime": 1376639424.0,
                                                "uid": 0,
                                                "ctime": 1424384806.8075294,
                                                "size": 5760
                                            },
                                            "deserializer": "url",
                                            "file": "http://d1fhml1jgvxldu.cloudfront.net/dcda2132de6c12de4cb94675e0b5b378"
                                        },
                                        "changelog.Debian.gz": {
                                            "stat": {
                                                "perm": 33188,
                                                "gid": 0,
                                                "mtime": 1376639489.0,
                                                "uid": 0,
                                                "ctime": 1424384806.8075294,
                                                "size": 1690
                                            },
                                            "deserializer": "url",
                                            "file": "http://d1fhml1jgvxldu.cloudfront.net/5af69e0d0ed64f0046d413d7d63cbb3c"
                                        }
                                    }
                                }
                            }
                        }
                    }
                },
                "lib": {
                    "stat": {
                        "perm": 16877,
                        "gid": 0,
                        "mtime": 1376639480.0,
                        "uid": 0,
                        "ctime": 1424384806.8075294,
                        "size": 4096
                    },
                    "deserializer": "directory",
                    "file": {
                        "x86_64-linux-gnu": {
                            "stat": {
                                "perm": 16877,
                                "gid": 0,
                                "mtime": 1376639485.0,
                                "uid": 0,
                                "ctime": 1424384806.8075294,
                                "size": 4096
                            },
                            "deserializer": "directory",
                            "file": {
                                "libXt.so.6.0.0": {
                                    "stat": {
                                        "perm": 33188,
                                        "gid": 0,
                                        "mtime": 1376639485.0,
                                        "uid": 0,
                                        "ctime": 1424384806.8035295,
                                        "size": 413232
                                    },
                                    "deserializer": "url",
                                    "file": "http://d1fhml1jgvxldu.cloudfront.net/c86868bacf50110c4b16d14073989be9"
                                },
                                "libXt.so.6": {
                                    "stat": {
                                        "perm": 41471,
                                        "gid": 0,
                                        "mtime": 1424384806.8075294,
                                        "uid": 0,
                                        "ctime": 1424384806.8075294,
                                        "size": 14
                                    },
                                    "deserializer": "symlink",
                                    "file": "libXt.so.6.0.0"
                                }
                            }
                        }
                    }
                }
            }
        },
        "control": {
            "stat": {
                "perm": 16893,
                "gid": 0,
                "mtime": 1424384806.7955294,
                "uid": 0,
                "ctime": 1424384806.7955294,
                "size": 4096
            },
            "deserializer": "directory",
            "file": {
                "packages": {
                    "stat": {
                        "perm": 16893,
                        "gid": 0,
                        "mtime": 1424384806.7955294,
                        "uid": 0,
                        "ctime": 1424384806.7955294,
                        "size": 4096
                    },
                    "deserializer": "directory",
                    "file": {
                        "libice6 (>= 1:1.0.0)": {
                            "stat": {
                                "perm": 16893,
                                "gid": 0,
                                "mtime": 1424384806.7955294,
                                "uid": 0,
                                "ctime": 1424384806.7955294,
                                "size": 4096
                            },
                            "deserializer": "directory",
                            "file": {}
                        },
                        "libc6 (>= 2.14)": {
                            "stat": {
                                "perm": 16893,
                                "gid": 0,
                                "mtime": 1424384806.7955294,
                                "uid": 0,
                                "ctime": 1424384806.7955294,
                                "size": 4096
                            },
                            "deserializer": "directory",
                            "file": {}
                        },