{
    "file": {
        "control": {
            "file": {
                "packages": {
                    "file": {
                        "libc6 (>= 2.14)": {
                            "file": {},
                            "stat": {
                                "uid": 0,
                                "ctime": 1424388534.2149196,
                                "perm": 16893,
                                "mtime": 1424388534.2149196,
                                "size": 4096,
                                "gid": 0
                            },
                            "deserializer": "directory"
                        },
                        "libxcb1": {
                            "file": {},
                            "stat": {
                                "uid": 0,
                                "ctime": 1424388534.2149196,
                                "perm": 16893,
                                "mtime": 1424388534.2149196,
                                "size": 4096,
                                "gid": 0
                            },
                            "deserializer": "directory"
                        }
                    },
                    "stat": {
                        "uid": 0,
                        "ctime": 1424388534.2149196,
                        "perm": 16893,
                        "mtime": 1424388534.2149196,
                        "size": 4096,
                        "gid": 0
                    },
                    "deserializer": "directory"
                }
            },
            "stat": {
                "uid": 0,
                "ctime": 1424388534.2149196,
                "perm": 16893,
                "mtime": 1424388534.2149196,
                "size": 4096,
                "gid": 0
            },
            "deserializer": "directory"
        },
        "usr": {
            "file": {
                "share": {
                    "file": {
                        "doc": {
                            "file": {
                                "libxcb-sync1": {
                                    "file": {
                                        "changelog.Debian.gz": {
                                            "file": "../libxcb1/changelog.Debian.gz",
                                            "stat": {
                                                "uid": 0,
                                                "ctime": 1424388534.2229197,
                                                "perm": 41471,
                                                "mtime": 1424388534.2229197,
                                                "size": 30,
                                                "gid": 0
                                            },
                                            "deserializer": "symlink"
                                        },
                                        "copyright": {
                                            "file": "http://d1fhml1jgvxldu.cloudfront.net/360fadb0d222af6607a189d435e3a9f3",
                                            "stat": {
                                                "uid": 0,
                                                "ctime": 1424388534.2229197,
                                                "perm": 33188,
                                                "mtime": 1389781854.0,
                                                "size": 1780,
                                                "gid": 0
                                            },
                                            "deserializer": "url"
                                        }
                                    },
                                    "stat": {
                                        "uid": 0,
                                        "ctime": 1424388534.2229197,
                                        "perm": 16877,
                                        "mtime": 1389781998.0,
                                        "size": 4096,
                                        "gid": 0
                                    },
                                    "deserializer": "directory"
                                }
                            },
                            "stat": {
                                "uid": 0,
                                "ctime": 1424388534.2229197,
                                "perm": 16877,
                                "mtime": 1389781854.0,
                                "size": 4096,
                                "gid": 0
                            },
                            "deserializer": "directory"
                        }
                    },
                    "stat": {
                        "uid": 0,
                        "ctime": 1424388534.2229197,
                        "perm": 16877,
                        "mtime": 1389781854.0,
                        "size": 4096,
                        "gid": 0
                    },
                    "deserializer": "directory"
                },
                "lib": {
                    "file": {
                        "x86_64-linux-gnu": {
                            "file": {
                                "libxcb-sync.so.1.0.0": {
                                    "file": "http://d1fhml1jgvxldu.cloudfront.net/3b5eb56644cc99746240626a36ce3ebc",
                                    "stat": {
                                        "uid": 0,
                                        "ctime": 1424388534.2229197,
                                        "perm": 33188,
                                        "mtime": 1389781863.0,
                                        "size": 22624,
                                        "gid": 0
                                    },
                                    "deserializer": "url"
                                },
                                "libxcb-sync.so.1": {
                                    "file": "libxcb-sync.so.1.0.0",
                                    "stat": {
                                        "uid": 0,
                                        "ctime": 1424388534.2229197,
                                        "perm": 41471,
                                        "mtime": 1424388534.2229197,
                                        "size": 20,
                                        "gid": 0
                                    },
                                    "deserializer": "symlink"
                                }
                            },
                            "stat": {
                                "uid": 0,
                                "ctime": 1424388534.2229197,
                                "perm": 16877,
                                "mtime": 1389781863.0,
                                "size": 4096,
                                "gid": 0
                            },
                            "deserializer": "directory"
                        }
                    },
                    "stat": {
                        "uid": 0,
                        "ctime": 1424388534.2229197,
                        "perm": 16877,
                        "mtime": 1389781853.0,
                        "size": 4096,
                        "gid": 0
                    },
                    "deserializer": "directory"
                }
            },
            "stat": {
                "uid": 0,
                "ctime": 1424388534.2229197,
                "perm": 16877,
                "mtime": 1389781854.0,
                "size": 4096,
                "gid": 0
            },
            "deserializer": "directory"
        }
    },
    "stat": {
        "uid": 0,
        "ctime": 1424388534.2229197,
        "perm": 16877,
        "mtime": 1389781892.0,
        "size": 4096,
        "gid": 0
    },
    "deserializer": "directory"
}