{
    "stat": {
        "perm": 16877,
        "uid": 0,
        "gid": 0,
        "ctime": 1777906378.879328,
        "mtime": 1675617127.0,
        "size": 20
    },
    "deserializer": "directory",
    "file": {
        "control": {
            "stat": {
                "perm": 16893,
                "uid": 0,
                "gid": 0,
                "ctime": 1777906378.879328,
                "mtime": 1777906378.879328,
                "size": 16
            },
            "deserializer": "directory",
            "file": {
                "packages": {
                    "stat": {
                        "perm": 16893,
                        "uid": 0,
                        "gid": 0,
                        "ctime": 1777906378.879328,
                        "mtime": 1777906378.879328,
                        "size": 54
                    },
                    "deserializer": "directory",
                    "file": {
                        "sysvinit-utils (>= 3.05-4~)": {
                            "stat": {
                                "perm": 16893,
                                "uid": 0,
                                "gid": 0,
                                "ctime": 1777906378.879328,
                                "mtime": 1777906378.879328,
                                "size": 0
                            },
                            "deserializer": "directory",
                            "file": {}
                        }
                    }
                }
            }
        },
        "usr": {
            "stat": {
                "perm": 16877,
                "uid": 0,
                "gid": 0,
                "ctime": 1777906378.879328,
                "mtime": 1675617127.0,
                "size": 10
            },
            "deserializer": "directory",
            "file": {
                "share": {
                    "stat": {
                        "perm": 16877,
                        "uid": 0,
                        "gid": 0,
                        "ctime": 1777906378.879328,
                        "mtime": 1675617127.0,
                        "size": 6
                    },
                    "deserializer": "directory",
                    "file": {
                        "doc": {
                            "stat": {
                                "perm": 16877,
                                "uid": 0,
                                "gid": 0,
                                "ctime": 1777906378.879328,
                                "mtime": 1675617127.0,
                                "size": 16
                            },
                            "deserializer": "directory",
                            "file": {
                                "lsb-base": {
                                    "stat": {
                                        "perm": 16877,
                                        "uid": 0,
                                        "gid": 0,
                                        "ctime": 1777906378.879328,
                                        "mtime": 1675617127.0,
                                        "size": 68
                                    },
                                    "deserializer": "directory",
                                    "file": {
                                        "README.Debian": {
                                            "stat": {
                                                "perm": 33188,
                                                "uid": 0,
                                                "gid": 0,
                                                "ctime": 1777906378.879328,
                                                "mtime": 1675617077.0,
                                                "size": 1018
                                            },
                                            "deserializer": "url",
                                            "file": "/blobs/72622585e505bb37af968937b0292699c18aea01acec60cd1c7119ad71621b9f"
                                        },
                                        "changelog.gz": {
                                            "stat": {
                                                "perm": 33188,
                                                "uid": 0,
                                                "gid": 0,
                                                "ctime": 1777906378.879328,
                                                "mtime": 1675617127.0,
                                                "size": 1496
                                            },
                                            "deserializer": "url",
                                            "file": "/blobs/75703d519b905cfaaab404f50fdc51d145e27c9fe0f911e703a0e48b18752390"
                                        },
                                        "copyright": {
                                            "stat": {
                                                "perm": 33188,
                                                "uid": 0,
                                                "gid": 0,
                                                "ctime": 1777906378.879328,
                                                "mtime": 1663008028.0,
                                                "size": 2649
                                            },
                                            "deserializer": "url",
                                            "file": "/blobs/5838867827e001081f2a1884f55614df9fbb303bb03de6087220ac0b6f8ea44b"
                                        }
                                    }
                                }
                            }
                        }
                    }
                }
            }
        }
    }
}