{
    "stat": {
        "perm": 16877,
        "uid": 0,
        "gid": 0,
        "ctime": 1777906376.9072285,
        "mtime": 1775345360.0,
        "size": 20
    },
    "deserializer": "directory",
    "file": {
        "control": {
            "stat": {
                "perm": 16893,
                "uid": 0,
                "gid": 0,
                "ctime": 1777906376.9032283,
                "mtime": 1777906376.9032283,
                "size": 16
            },
            "deserializer": "directory",
            "file": {
                "packages": {
                    "stat": {
                        "perm": 16893,
                        "uid": 0,
                        "gid": 0,
                        "ctime": 1777906376.9032283,
                        "mtime": 1777906376.9032283,
                        "size": 104
                    },
                    "deserializer": "directory",
                    "file": {
                        "openssh-client (= 1:10.0p1-7+deb13u2)": {
                            "stat": {
                                "perm": 16893,
                                "uid": 0,
                                "gid": 0,
                                "ctime": 1777906376.9032283,
                                "mtime": 1777906376.9032283,
                                "size": 0
                            },
                            "deserializer": "directory",
                            "file": {}
                        },
                        "libc6 (>= 2.38)": {
                            "stat": {
                                "perm": 16893,
                                "uid": 0,
                                "gid": 0,
                                "ctime": 1777906376.9032283,
                                "mtime": 1777906376.9032283,
                                "size": 0
                            },
                            "deserializer": "directory",
                            "file": {}
                        }
                    }
                }
            }
        },
        "usr": {
            "stat": {
                "perm": 16877,
                "uid": 0,
                "gid": 0,
                "ctime": 1777906376.9072285,
                "mtime": 1775345360.0,
                "size": 16
            },
            "deserializer": "directory",
            "file": {
                "lib": {
                    "stat": {
                        "perm": 16877,
                        "uid": 0,
                        "gid": 0,
                        "ctime": 1777906376.9072285,
                        "mtime": 1775345360.0,
                        "size": 36
                    },
                    "deserializer": "directory",
                    "file": {
                        "openssh": {
                            "stat": {
                                "perm": 16877,
                                "uid": 0,
                                "gid": 0,
                                "ctime": 1777906376.9072285,
                                "mtime": 1775345360.0,
                                "size": 22
                            },
                            "deserializer": "directory",
                            "file": {
                                "sftp-server": {
                                    "stat": {
                                        "perm": 33261,
                                        "uid": 0,
                                        "gid": 0,
                                        "ctime": 1777906376.9032283,
                                        "mtime": 1775345360.0,
                                        "size": 162000
                                    },
                                    "deserializer": "url",
                                    "file": "/blobs/bfb3bca7b8ac552b2b92c4db7e52638c1341f7467999299e27bfc5616ae9fc86"
                                }
                            }
                        },
                        "sftp-server": {
                            "stat": {
                                "perm": 41471,
                                "uid": 0,
                                "gid": 0,
                                "ctime": 1777906376.9072285,
                                "mtime": 1777906376.9072285,
                                "size": 19
                            },
                            "deserializer": "symlink",
                            "file": "openssh/sftp-server"
                        }
                    }
                },
                "share": {
                    "stat": {
                        "perm": 16877,
                        "uid": 0,
                        "gid": 0,
                        "ctime": 1777906376.9072285,
                        "mtime": 1775345360.0,
                        "size": 12
                    },
                    "deserializer": "directory",
                    "file": {
                        "doc": {
                            "stat": {
                                "perm": 16877,
                                "uid": 0,
                                "gid": 0,
                                "ctime": 1777906376.9072285,
                                "mtime": 1775345360.0,
                                "size": 38
                            },
                            "deserializer": "directory",
                            "file": {
                                "openssh-sftp-server": {
                                    "stat": {
                                        "perm": 41471,
                                        "uid": 0,
                                        "gid": 0,
                                        "ctime": 1777906376.9072285,
                                        "mtime": 1777906376.9072285,
                                        "size": 14
                                    },
                                    "deserializer": "symlink",
                                    "file": "openssh-client"
                                }
                            }
                        },
                        "man": {
                            "stat": {
                                "perm": 16877,
                                "uid": 0,
                                "gid": 0,
                                "ctime": 1777906376.9072285,
                                "mtime": 1775345360.0,
                                "size": 8
                            },
                            "deserializer": "directory",
                            "file": {
                                "man8": {
                                    "stat": {
                                        "perm": 16877,
                                        "uid": 0,
                                        "gid": 0,
                                        "ctime": 1777906376.9072285,
                                        "mtime": 1775345360.0,
                                        "size": 32
                                    },
                                    "deserializer": "directory",
                                    "file": {
                                        "sftp-server.8.gz": {
                                            "stat": {
                                                "perm": 33188,
                                                "uid": 0,
                                                "gid": 0,
                                                "ctime": 1777906376.9072285,
                                                "mtime": 1775345360.0,
                                                "size": 2402
                                            },
                                            "deserializer": "url",