{
    "stat": {
        "perm": 16877,
        "uid": 0,
        "gid": 0,
        "ctime": 1777906379.055337,
        "mtime": 1737573000.0,
        "size": 6
    },
    "deserializer": "directory",
    "file": {
        "usr": {
            "stat": {
                "perm": 16877,
                "uid": 0,
                "gid": 0,
                "ctime": 1777906379.055337,
                "mtime": 1737573000.0,
                "size": 16
            },
            "deserializer": "directory",
            "file": {
                "bin": {
                    "stat": {
                        "perm": 16877,
                        "uid": 0,
                        "gid": 0,
                        "ctime": 1777906379.055337,
                        "mtime": 1737573000.0,
                        "size": 24
                    },
                    "deserializer": "directory",
                    "file": {
                        "original-awk": {
                            "stat": {
                                "perm": 33261,
                                "uid": 0,
                                "gid": 0,
                                "ctime": 1777906379.055337,
                                "mtime": 1737573000.0,
                                "size": 155232
                            },
                            "deserializer": "url",
                            "file": "/blobs/394e84023c3c441c496adaa82d1fb4d89a059126f39bc84efa96899e9a463841"
                        }
                    }
                },
                "share": {
                    "stat": {
                        "perm": 16877,
                        "uid": 0,
                        "gid": 0,
                        "ctime": 1777906379.055337,
                        "mtime": 1737573000.0,
                        "size": 12
                    },
                    "deserializer": "directory",
                    "file": {
                        "doc": {
                            "stat": {
                                "perm": 16877,
                                "uid": 0,
                                "gid": 0,
                                "ctime": 1777906379.055337,
                                "mtime": 1737573000.0,
                                "size": 24
                            },
                            "deserializer": "directory",
                            "file": {
                                "original-awk": {
                                    "stat": {
                                        "perm": 16877,
                                        "uid": 0,
                                        "gid": 0,
                                        "ctime": 1777906379.055337,
                                        "mtime": 1737573000.0,
                                        "size": 120
                                    },
                                    "deserializer": "directory",
                                    "file": {
                                        "FIXES.gz": {
                                            "stat": {
                                                "perm": 33188,
                                                "uid": 0,
                                                "gid": 0,
                                                "ctime": 1777906379.055337,
                                                "mtime": 1737565200.0,
                                                "size": 2767
                                            },
                                            "deserializer": "url",
                                            "file": "/blobs/aa44bbf84b6eaac60bb0eb8bcd8e1f709210556c42965e8cd13061e888633ad0"
                                        },
                                        "README.md.gz": {
                                            "stat": {
                                                "perm": 33188,
                                                "uid": 0,
                                                "gid": 0,
                                                "ctime": 1777906379.055337,
                                                "mtime": 1737565200.0,
                                                "size": 2719
                                            },
                                            "deserializer": "url",
                                            "file": "/blobs/9f11fb224c2b1528ca01ff08eb3ab291391c00150a58f7ae28f9d7fe11acaf44"
                                        },
                                        "changelog.Debian.gz": {
                                            "stat": {
                                                "perm": 33188,
                                                "uid": 0,
                                                "gid": 0,
                                                "ctime": 1777906379.055337,
                                                "mtime": 1737573000.0,
                                                "size": 2463
                                            },
                                            "deserializer": "url",
                                            "file": "/blobs/814f917ecc9edc9db5e55f9c026832988b5d6f8a9bbca75223c7c12793c018ee"
                                        },
                                        "changelog.gz": {
                                            "stat": {
                                                "perm": 33188,
                                                "uid": 0,
                                                "gid": 0,
                                                "ctime": 1777906379.055337,
                                                "mtime": 1737565200.0,
                                                "size": 3921
                                            },
                                            "deserializer": "url",
                                            "file": "/blobs/2ed8033f9ea68fa5fb2580d36a811046a68f90b26b3906b784d859db7bd944f0"
                                        },
                                        "copyright": {
                                            "stat": {
                                                "perm": 33188,
                                                "uid": 0,
                                                "gid": 0,
                                                "ctime": 1777906379.055337,
                                                "mtime": 1737568800.0,
                                                "size": 1448
                                            },
                                            "deserializer": "url",
                                            "file": "/blobs/45990ecf97d2de27bc6cabc568ffe64cc58a7e39a794b86926e6320f28766eab"
                                        }
                                    }
                                }
                            }
                        },
                        "man": {
                            "stat": {
                                "perm": 16877,
                                "uid": 0,
                                "gid": 0,
                                "ctime": 1777906379.055337,
                                "mtime": 1737573000.0,
                                "size": 8
                            },
                            "deserializer": "directory",
                            "file": {
                                "man1": {
                                    "stat": {
                                        "perm": 16877,
                                        "uid": 0,
                                        "gid": 0,
                                        "ctime": 1777906379.055337,
                                        "mtime": 1737573000.0,