{
    "stat": {
        "perm": 16877,
        "uid": 0,
        "gid": 0,
        "ctime": 1777906379.6393661,
        "mtime": 1734096674.0,
        "size": 12
    },
    "deserializer": "directory",
    "file": {
        "etc": {
            "stat": {
                "perm": 16877,
                "uid": 0,
                "gid": 0,
                "ctime": 1777906379.6393661,
                "mtime": 1734096674.0,
                "size": 0
            },
            "deserializer": "directory",
            "file": {}
        },
        "usr": {
            "stat": {
                "perm": 16877,
                "uid": 0,
                "gid": 0,
                "ctime": 1777906379.6393661,
                "mtime": 1734096674.0,
                "size": 10
            },
            "deserializer": "directory",
            "file": {
                "share": {
                    "stat": {
                        "perm": 16877,
                        "uid": 0,
                        "gid": 0,
                        "ctime": 1777906379.6393661,
                        "mtime": 1734096674.0,
                        "size": 50
                    },
                    "deserializer": "directory",
                    "file": {
                        "doc": {
                            "stat": {
                                "perm": 16877,
                                "uid": 0,
                                "gid": 0,
                                "ctime": 1777906379.6393661,
                                "mtime": 1734096674.0,
                                "size": 30
                            },
                            "deserializer": "directory",
                            "file": {
                                "readline-common": {
                                    "stat": {
                                        "perm": 16877,
                                        "uid": 0,
                                        "gid": 0,
                                        "ctime": 1777906379.6393661,
                                        "mtime": 1734096674.0,
                                        "size": 108
                                    },
                                    "deserializer": "directory",
                                    "file": {
                                        "changelog.Debian.gz": {
                                            "stat": {
                                                "perm": 33188,
                                                "uid": 0,
                                                "gid": 0,
                                                "ctime": 1777906379.635366,
                                                "mtime": 1734096674.0,
                                                "size": 1665
                                            },
                                            "deserializer": "url",
                                            "file": "/blobs/3f714361320c19763a7b4a254d2368469efe53d72adae8c5e53475c0537720fd"
                                        },
                                        "changelog.gz": {
                                            "stat": {
                                                "perm": 33188,
                                                "uid": 0,
                                                "gid": 0,
                                                "ctime": 1777906379.635366,
                                                "mtime": 1658845761.0,
                                                "size": 12128
                                            },
                                            "deserializer": "url",
                                            "file": "/blobs/f2fbe823f33bcb5ed37e770cf8457ab1532f52dc2f610377bb2e7156824c15e2"
                                        },
                                        "copyright": {
                                            "stat": {
                                                "perm": 33188,
                                                "uid": 0,
                                                "gid": 0,
                                                "ctime": 1777906379.635366,
                                                "mtime": 1700908041.0,
                                                "size": 4314
                                            },
                                            "deserializer": "url",
                                            "file": "/blobs/854c6f5f249a109a913e1e58528445c4fec96f063ae8ba496bfb2b460bcc6866"
                                        },
                                        "inputrc.arrows": {
                                            "stat": {
                                                "perm": 33188,
                                                "uid": 0,
                                                "gid": 0,
                                                "ctime": 1777906379.635366,
                                                "mtime": 1251542073.0,
                                                "size": 727
                                            },
                                            "deserializer": "url",
                                            "file": "/blobs/092e7ff3a9e25ec05baeabb3e403585e744c17bb8dba4c70aee944a37ba884ce"
                                        }
                                    }
                                }
                            }
                        },
                        "info": {
                            "stat": {
                                "perm": 16877,
                                "uid": 0,
                                "gid": 0,
                                "ctime": 1777906379.6393661,
                                "mtime": 1734096674.0,
                                "size": 34
                            },
                            "deserializer": "directory",
                            "file": {
                                "rluserman.info.gz": {
                                    "stat": {
                                        "perm": 33188,
                                        "uid": 0,
                                        "gid": 0,
                                        "ctime": 1777906379.635366,
                                        "mtime": 1734096674.0,
                                        "size": 26693
                                    },
                                    "deserializer": "url",
                                    "file": "/blobs/161d3684da4ce2047c416ef67c935711b353f2479da6769f0dc0a73099795f20"
                                }
                            }
                        },
                        "lintian": {
                            "stat": {
                                "perm": 16877,
                                "uid": 0,
                                "gid": 0,
                                "ctime": 1777906379.6393661,
                                "mtime": 1734096674.0,
                                "size": 18
                            },
                            "deserializer": "directory",
                            "file": {
                                "overrides": {
                                    "stat": {
                                        "perm": 16877,
                                        "uid": 0,
                                        "gid": 0,
                                        "ctime": 1777906379.6393661,
                                        "mtime": 1734096674.0,
                                        "size": 30
                                    },
                                    "deserializer": "directory",