{
    "stat": {
        "perm": 16877,
        "uid": 0,
        "gid": 0,
        "ctime": 1777906379.9673827,
        "mtime": 1738250250.0,
        "size": 20
    },
    "deserializer": "directory",
    "file": {
        "control": {
            "stat": {
                "perm": 16893,
                "uid": 0,
                "gid": 0,
                "ctime": 1777906379.9473815,
                "mtime": 1777906379.9473815,
                "size": 16
            },
            "deserializer": "directory",
            "file": {
                "packages": {
                    "stat": {
                        "perm": 16893,
                        "uid": 0,
                        "gid": 0,
                        "ctime": 1777906379.9473815,
                        "mtime": 1777906379.9473815,
                        "size": 50
                    },
                    "deserializer": "directory",
                    "file": {
                        "libc6 (>= 2.38)": {
                            "stat": {
                                "perm": 16893,
                                "uid": 0,
                                "gid": 0,
                                "ctime": 1777906379.9473815,
                                "mtime": 1777906379.9473815,
                                "size": 0
                            },
                            "deserializer": "directory",
                            "file": {}
                        },
                        "libunwind8": {
                            "stat": {
                                "perm": 16893,
                                "uid": 0,
                                "gid": 0,
                                "ctime": 1777906379.9473815,
                                "mtime": 1777906379.9473815,
                                "size": 0
                            },
                            "deserializer": "directory",
                            "file": {}
                        }
                    }
                }
            }
        },
        "usr": {
            "stat": {
                "perm": 16877,
                "uid": 0,
                "gid": 0,
                "ctime": 1777906379.9673827,
                "mtime": 1738250250.0,
                "size": 16
            },
            "deserializer": "directory",
            "file": {
                "bin": {
                    "stat": {
                        "perm": 16877,
                        "uid": 0,
                        "gid": 0,
                        "ctime": 1777906379.9673827,
                        "mtime": 1738250250.0,
                        "size": 44
                    },
                    "deserializer": "directory",
                    "file": {
                        "strace": {
                            "stat": {
                                "perm": 33261,
                                "uid": 0,
                                "gid": 0,
                                "ctime": 1777906379.9633825,
                                "mtime": 1738250250.0,
                                "size": 2189792
                            },
                            "deserializer": "url",
                            "file": "/blobs/69f88291a4e47f258b8e32b089c919a247509f063ef3d6afe5389939051102b3"
                        },
                        "strace-log-merge": {
                            "stat": {
                                "perm": 33261,
                                "uid": 0,
                                "gid": 0,
                                "ctime": 1777906379.9633825,
                                "mtime": 1738236222.0,
                                "size": 1875
                            },
                            "deserializer": "url",
                            "file": "/blobs/981fa0c914873690f386a1abd29010cc222b276add3cbf63303029cc416b8fb5"
                        }
                    }
                },
                "share": {
                    "stat": {
                        "perm": 16877,
                        "uid": 0,
                        "gid": 0,
                        "ctime": 1777906379.9673827,
                        "mtime": 1738250250.0,
                        "size": 12
                    },
                    "deserializer": "directory",
                    "file": {
                        "doc": {
                            "stat": {
                                "perm": 16877,
                                "uid": 0,
                                "gid": 0,
                                "ctime": 1777906379.9673827,
                                "mtime": 1738250250.0,
                                "size": 12
                            },
                            "deserializer": "directory",
                            "file": {
                                "strace": {
                                    "stat": {
                                        "perm": 16877,
                                        "uid": 0,
                                        "gid": 0,
                                        "ctime": 1777906379.9673827,
                                        "mtime": 1738250250.0,
                                        "size": 110
                                    },
                                    "deserializer": "directory",
                                    "file": {
                                        "NEWS.gz": {
                                            "stat": {
                                                "perm": 33188,
                                                "uid": 0,
                                                "gid": 0,
                                                "ctime": 1777906379.9633825,
                                                "mtime": 1738236222.0,
                                                "size": 26110
                                            },
                                            "deserializer": "url",
                                            "file": "/blobs/1a14bd7ebe7e7070839d7739494f924f0c8bfa81e9ae06a3a2451b1595bf1657"
                                        },
                                        "changelog.Debian.gz": {
                                            "stat": {
                                                "perm": 33188,
                                                "uid": 0,
                                                "gid": 0,
                                                "ctime": 1777906379.9633825,
                                                "mtime": 1738250250.0,
                                                "size": 1651
                                            },
                                            "deserializer": "url",
                                            "file": "/blobs/60c31d09d2b78be8d39631ba39a8160d6155ba360601659763fd444b2ec44286"
                                        },
                                        "changelog.gz": {
                                            "stat": {
                                                "perm": 33188,
                                                "uid": 0,
                                                "gid": 0,
                                                "ctime": 1777906379.9673827,
                                                "mtime": 1738236222.0,
                                                "size": 877454
                                            },
                                            "deserializer": "url",
                                            "file": "/blobs/410a025aa0d7a95d54a01351a36044c812fccc525a71463eb4cfdd37a767a18a"
                                        },
                                        "copyright": {
                                            "stat": {
                                                "perm": 33188,