{
    "deserializer": "directory",
    "stat": {
        "size": 4096,
        "gid": 0,
        "perm": 16877,
        "ctime": 1424385389.3222413,
        "mtime": 1394738980.0,
        "uid": 0
    },
    "file": {
        "usr": {
            "deserializer": "directory",
            "stat": {
                "size": 4096,
                "gid": 0,
                "perm": 16877,
                "ctime": 1424385389.3222413,
                "mtime": 1394738977.0,
                "uid": 0
            },
            "file": {
                "share": {
                    "deserializer": "directory",
                    "stat": {
                        "size": 4096,
                        "gid": 0,
                        "perm": 16877,
                        "ctime": 1424385389.3222413,
                        "mtime": 1394738976.0,
                        "uid": 0
                    },
                    "file": {
                        "doc": {
                            "deserializer": "directory",
                            "stat": {
                                "size": 4096,
                                "gid": 0,
                                "perm": 16877,
                                "ctime": 1424385389.3222413,
                                "mtime": 1394738976.0,
                                "uid": 0
                            },
                            "file": {
                                "strace": {
                                    "deserializer": "directory",
                                    "stat": {
                                        "size": 4096,
                                        "gid": 0,
                                        "perm": 16877,
                                        "ctime": 1424385389.3222413,
                                        "mtime": 1394738979.0,
                                        "uid": 0
                                    },
                                    "file": {
                                        "copyright": {
                                            "deserializer": "url",
                                            "stat": {
                                                "size": 2210,
                                                "gid": 0,
                                                "perm": 33188,
                                                "ctime": 1424385389.3182414,
                                                "mtime": 1387425257.0,
                                                "uid": 0
                                            },
                                            "file": "http://d1fhml1jgvxldu.cloudfront.net/b2f737301a764d76e90552c61bdd749f"
                                        },
                                        "changelog.Debian.gz": {
                                            "deserializer": "url",
                                            "stat": {
                                                "size": 1286,
                                                "gid": 0,
                                                "perm": 33188,
                                                "ctime": 1424385389.3182414,
                                                "mtime": 1394738985.0,
                                                "uid": 0
                                            },
                                            "file": "http://d1fhml1jgvxldu.cloudfront.net/0395f58fd5b451019c84c41a05f56564"
                                        },
                                        "examples": {
                                            "deserializer": "directory",
                                            "stat": {
                                                "size": 4096,
                                                "gid": 0,
                                                "perm": 16877,
                                                "ctime": 1424385389.3222413,
                                                "mtime": 1394738979.0,
                                                "uid": 0
                                            },
                                            "file": {
                                                "strace-graph.gz": {
                                                    "deserializer": "url",
                                                    "stat": {
                                                        "size": 2973,
                                                        "gid": 0,
                                                        "perm": 33188,
                                                        "ctime": 1424385389.3182414,
                                                        "mtime": 1331895742.0,
                                                        "uid": 0
                                                    },
                                                    "file": "http://d1fhml1jgvxldu.cloudfront.net/9c167e885e241d2a1b50824981132d51"
                                                }
                                            }
                                        },
                                        "NEWS.gz": {
                                            "deserializer": "url",
                                            "stat": {
                                                "size": 6853,
                                                "gid": 0,
                                                "perm": 33188,
                                                "ctime": 1424385389.3182414,
                                                "mtime": 1370276693.0,
                                                "uid": 0
                                            },
                                            "file": "http://d1fhml1jgvxldu.cloudfront.net/5f3b4a1de1388a8681b5543cb75f5fd0"
                                        }
                                    }
                                }
                            }
                        },
                        "man": {
                            "deserializer": "directory",
                            "stat": {
                                "size": 4096,
                                "gid": 0,
                                "perm": 16877,
                                "ctime": 1424385389.3222413,
                                "mtime": 1394738976.0,
                                "uid": 0
                            },
                            "file": {
                                "man1": {
                                    "deserializer": "directory",
                                    "stat": {
                                        "size": 4096,
                                        "gid": 0,
                                        "perm": 16877,
                                        "ctime": 1424385389.3222413,
                                        "mtime": 1394738979.0,
                                        "uid": 0
                                    },
                                    "file": {
                                        "strace.1.gz": {
                                            "deserializer": "url",
                                            "stat": {
                                                "size": 8369,
                                                "gid": 0,
                                                "perm": 33188,
                                                "ctime": 1424385389.3222413,
                                                "mtime": 1394738976.0,
                                                "uid": 0
                                            },