{
    "stat": {
        "perm": 16877,
        "uid": 0,
        "gid": 0,
        "ctime": 1777906380.4914088,
        "mtime": 1741625391.0,
        "size": 20
    },
    "deserializer": "directory",
    "file": {
        "control": {
            "stat": {
                "perm": 16893,
                "uid": 0,
                "gid": 0,
                "ctime": 1777906380.4874084,
                "mtime": 1777906380.4874084,
                "size": 16
            },
            "deserializer": "directory",
            "file": {
                "packages": {
                    "stat": {
                        "perm": 16893,
                        "uid": 0,
                        "gid": 0,
                        "ctime": 1777906380.4874084,
                        "mtime": 1777906380.4874084,
                        "size": 30
                    },
                    "deserializer": "directory",
                    "file": {
                        "libc6 (>= 2.38)": {
                            "stat": {
                                "perm": 16893,
                                "uid": 0,
                                "gid": 0,
                                "ctime": 1777906380.4874084,
                                "mtime": 1777906380.4874084,
                                "size": 0
                            },
                            "deserializer": "directory",
                            "file": {}
                        }
                    }
                }
            }
        },
        "usr": {
            "stat": {
                "perm": 16877,
                "uid": 0,
                "gid": 0,
                "ctime": 1777906380.4914088,
                "mtime": 1741625391.0,
                "size": 30
            },
            "deserializer": "directory",
            "file": {
                "bin": {
                    "stat": {
                        "perm": 16877,
                        "uid": 0,
                        "gid": 0,
                        "ctime": 1777906380.4914088,
                        "mtime": 1741625391.0,
                        "size": 10
                    },
                    "deserializer": "directory",
                    "file": {
                        "pidof": {
                            "stat": {
                                "perm": 41471,
                                "uid": 0,
                                "gid": 0,
                                "ctime": 1777906380.4914088,
                                "mtime": 1777906380.4914088,
                                "size": 16
                            },
                            "deserializer": "symlink",
                            "file": "../sbin/killall5"
                        }
                    }
                },
                "lib": {
                    "stat": {
                        "perm": 16877,
                        "uid": 0,
                        "gid": 0,
                        "ctime": 1777906380.4914088,
                        "mtime": 1741625391.0,
                        "size": 14
                    },
                    "deserializer": "directory",
                    "file": {
                        "init": {
                            "stat": {
                                "perm": 16877,
                                "uid": 0,
                                "gid": 0,
                                "ctime": 1777906380.4914088,
                                "mtime": 1741625391.0,
                                "size": 40
                            },
                            "deserializer": "directory",
                            "file": {
                                "init-d-script": {
                                    "stat": {
                                        "perm": 33261,
                                        "uid": 0,
                                        "gid": 0,
                                        "ctime": 1777906380.4874084,
                                        "mtime": 1741625391.0,
                                        "size": 7042
                                    },
                                    "deserializer": "url",
                                    "file": "/blobs/65986dbe41ea4af4efba1f931db219dcea8ada1e0d457dcc1f452fe854f215cb"
                                },
                                "vars.sh": {
                                    "stat": {
                                        "perm": 33188,
                                        "uid": 0,
                                        "gid": 0,
                                        "ctime": 1777906380.4874084,
                                        "mtime": 1741625391.0,
                                        "size": 1358
                                    },
                                    "deserializer": "url",
                                    "file": "/blobs/a35cfcac3e119e5488bf093f3dc8213b2f10e7668a460665b884760e823e5eef"
                                }
                            }
                        },
                        "lsb": {
                            "stat": {
                                "perm": 16877,
                                "uid": 0,
                                "gid": 0,
                                "ctime": 1777906380.4914088,
                                "mtime": 1741625391.0,
                                "size": 60
                            },
                            "deserializer": "directory",
                            "file": {
                                "init-functions": {
                                    "stat": {
                                        "perm": 33188,
                                        "uid": 0,
                                        "gid": 0,
                                        "ctime": 1777906380.4874084,
                                        "mtime": 1741625391.0,
                                        "size": 11329
                                    },
                                    "deserializer": "url",
                                    "file": "/blobs/f58bfadf2419d6036a2c7440e574c3c3e7a35aea380375f6ab1b590d64e5e952"
                                },
                                "init-functions.d": {
                                    "stat": {
                                        "perm": 16877,
                                        "uid": 0,
                                        "gid": 0,
                                        "ctime": 1777906380.4914088,
                                        "mtime": 1741625391.0,
                                        "size": 20
                                    },
                                    "deserializer": "directory",
                                    "file": {
                                        "00-verbose": {
                                            "stat": {
                                                "perm": 33188,
                                                "uid": 0,
                                                "gid": 0,
                                                "ctime": 1777906380.4874084,
                                                "mtime": 1741625391.0,
                                                "size": 658
                                            },
                                            "deserializer": "url",
                                            "file": "/blobs/e1c1b915d3e45deaddd57fd4bdd1ff490e0f8dd1e842b22cf2bdc963bbd29e13"
                                        }
                                    }
                                }
                            }
                        }
                    }
                },
                "sbin": {
                    "stat": {
                        "perm": 16877,
                        "uid": 0,