{
    "file": {
        "control": {
            "file": {
                "packages": {
                    "file": {
                        "netbase": {
                            "file": {},
                            "deserializer": "directory",
                            "stat": {
                                "uid": 0,
                                "gid": 0,
                                "ctime": 1424732687.269243,
                                "size": 4096,
                                "perm": 16893,
                                "mtime": 1424732687.269243
                            }
                        },
                        "libstdc++6 (>= 4.1.1)": {
                            "file": {},
                            "deserializer": "directory",
                            "stat": {
                                "uid": 0,
                                "gid": 0,
                                "ctime": 1424732687.269243,
                                "size": 4096,
                                "perm": 16893,
                                "mtime": 1424732687.269243
                            }
                        },
                        "libc6 (>= 2.15)": {
                            "file": {},
                            "deserializer": "directory",
                            "stat": {
                                "uid": 0,
                                "gid": 0,
                                "ctime": 1424732687.269243,
                                "size": 4096,
                                "perm": 16893,
                                "mtime": 1424732687.269243
                            }
                        }
                    },
                    "deserializer": "directory",
                    "stat": {
                        "uid": 0,
                        "gid": 0,
                        "ctime": 1424732687.269243,
                        "size": 4096,
                        "perm": 16893,
                        "mtime": 1424732687.269243
                    }
                }
            },
            "deserializer": "directory",
            "stat": {
                "uid": 0,
                "gid": 0,
                "ctime": 1424732687.269243,
                "size": 4096,
                "perm": 16893,
                "mtime": 1424732687.269243
            }
        },
        "usr": {
            "file": {
                "bin": {
                    "file": {
                        "telnet.netkit": {
                            "file": "http://d1fhml1jgvxldu.cloudfront.net/08addd627f4cf1cf610cea256cb2f67c",
                            "deserializer": "url",
                            "stat": {
                                "uid": 0,
                                "gid": 0,
                                "ctime": 1424732687.2732432,
                                "size": 95424,
                                "perm": 33261,
                                "mtime": 1349221219.0
                            }
                        }
                    },
                    "deserializer": "directory",
                    "stat": {
                        "uid": 0,
                        "gid": 0,
                        "ctime": 1424732687.2732432,
                        "size": 4096,
                        "perm": 16877,
                        "mtime": 1349221219.0
                    }
                },
                "share": {
                    "file": {
                        "man": {
                            "file": {
                                "man1": {
                                    "file": {
                                        "telnet.netkit.1.gz": {
                                            "file": "http://d1fhml1jgvxldu.cloudfront.net/e1ab54d82e693c4ab216fd817adb7288",
                                            "deserializer": "url",
                                            "stat": {
                                                "uid": 0,
                                                "gid": 0,
                                                "ctime": 1424732687.269243,
                                                "size": 9013,
                                                "perm": 33188,
                                                "mtime": 1349221218.0
                                            }
                                        }
                                    },
                                    "deserializer": "directory",
                                    "stat": {
                                        "uid": 0,
                                        "gid": 0,
                                        "ctime": 1424732687.2732432,
                                        "size": 4096,
                                        "perm": 16877,
                                        "mtime": 1349221219.0
                                    }
                                }
                            },
                            "deserializer": "directory",
                            "stat": {
                                "uid": 0,
                                "gid": 0,
                                "ctime": 1424732687.2732432,
                                "size": 4096,
                                "perm": 16877,
                                "mtime": 1349221217.0
                            }
                        },
                        "doc": {
                            "file": {
                                "telnet": {
                                    "file": {
                                        "copyright": {
                                            "file": "http://d1fhml1jgvxldu.cloudfront.net/c9c41e7640f14a3aabdeb6da7b415bdb",
                                            "deserializer": "url",
                                            "stat": {
                                                "uid": 0,
                                                "gid": 0,
                                                "ctime": 1424732687.2732432,
                                                "size": 623,
                                                "perm": 33188,
                                                "mtime": 1349221211.0
                                            }
                                        },
                                        "changelog.Debian.gz": {
                                            "file": "http://d1fhml1jgvxldu.cloudfront.net/f9c42555067e330d70353726b263b3c2",
                                            "deserializer": "url",
                                            "stat": {
                                                "uid": 0,
                                                "gid": 0,
                                                "ctime": 1424732687.2732432,
                                                "size": 1402,
                                                "perm": 33188,
                                                "mtime": 1349221222.0
                                            }
                                        },
                                        "README.telnet.old.gz": {
                                            "file": "http://d1fhml1jgvxldu.cloudfront.net/a8aa951b88ca4f4c4835d88865fb4ee8",
                                            "deserializer": "url",
                                            "stat": {
                                                "uid": 0,
                                                "gid": 0,
                                                "ctime": 1424732687.2732432,
                                                "size": 7867,
                                                "perm": 33188,