{
    "stat": {
        "ctime": 1424390190.334891,
        "mtime": 1410361174.0,
        "perm": 16877,
        "gid": 0,
        "uid": 0,
        "size": 4096
    },
    "deserializer": "directory",
    "file": {
        "usr": {
            "stat": {
                "ctime": 1424390190.334891,
                "mtime": 1410361172.0,
                "perm": 16877,
                "gid": 0,
                "uid": 0,
                "size": 4096
            },
            "deserializer": "directory",
            "file": {
                "share": {
                    "stat": {
                        "ctime": 1424390190.334891,
                        "mtime": 1410361172.0,
                        "perm": 16877,
                        "gid": 0,
                        "uid": 0,
                        "size": 4096
                    },
                    "deserializer": "directory",
                    "file": {
                        "doc": {
                            "stat": {
                                "ctime": 1424390190.334891,
                                "mtime": 1410361172.0,
                                "perm": 16877,
                                "gid": 0,
                                "uid": 0,
                                "size": 4096
                            },
                            "deserializer": "directory",
                            "file": {
                                "xserver-xorg-video-ati": {
                                    "stat": {
                                        "ctime": 1424390190.334891,
                                        "mtime": 1410361178.0,
                                        "perm": 16877,
                                        "gid": 0,
                                        "uid": 0,
                                        "size": 4096
                                    },
                                    "deserializer": "directory",
                                    "file": {
                                        "copyright": {
                                            "stat": {
                                                "ctime": 1424390190.330891,
                                                "mtime": 1410361150.0,
                                                "perm": 33188,
                                                "gid": 0,
                                                "uid": 0,
                                                "size": 6052
                                            },
                                            "deserializer": "url",
                                            "file": "http://d1fhml1jgvxldu.cloudfront.net/75da66945980a43adf1e1856271b9d4a"
                                        },
                                        "NEWS.Debian.gz": {
                                            "stat": {
                                                "ctime": 1424390190.330891,
                                                "mtime": 1410361150.0,
                                                "perm": 33188,
                                                "gid": 0,
                                                "uid": 0,
                                                "size": 552
                                            },
                                            "deserializer": "url",
                                            "file": "http://d1fhml1jgvxldu.cloudfront.net/addc2f00e39f08ad2bf8afda9172b3e0"
                                        },
                                        "changelog.Debian.gz": {
                                            "stat": {
                                                "ctime": 1424390190.334891,
                                                "mtime": 1424390190.334891,
                                                "perm": 41471,
                                                "gid": 0,
                                                "uid": 0,
                                                "size": 48
                                            },
                                            "deserializer": "symlink",
                                            "file": "../xserver-xorg-video-radeon/changelog.Debian.gz"
                                        }
                                    }
                                }
                            }
                        },
                        "bug": {
                            "stat": {
                                "ctime": 1424390190.334891,
                                "mtime": 1410361172.0,
                                "perm": 16877,
                                "gid": 0,
                                "uid": 0,
                                "size": 4096
                            },
                            "deserializer": "directory",
                            "file": {
                                "xserver-xorg-video-ati": {
                                    "stat": {
                                        "ctime": 1424390190.334891,
                                        "mtime": 1410361172.0,
                                        "perm": 16877,
                                        "gid": 0,
                                        "uid": 0,
                                        "size": 4096
                                    },
                                    "deserializer": "directory",
                                    "file": {
                                        "script": {
                                            "stat": {
                                                "ctime": 1424390190.334891,
                                                "mtime": 1424390190.334891,
                                                "perm": 41471,
                                                "gid": 0,
                                                "uid": 0,
                                                "size": 27
                                            },
                                            "deserializer": "symlink",
                                            "file": "../xserver-xorg-core/script"
                                        }
                                    }
                                }
                            }
                        },
                        "man": {
                            "stat": {
                                "ctime": 1424390190.334891,
                                "mtime": 1410361172.0,
                                "perm": 16877,
                                "gid": 0,
                                "uid": 0,
                                "size": 4096
                            },
                            "deserializer": "directory",
                            "file": {
                                "man4": {
                                    "stat": {
                                        "ctime": 1424390190.334891,
                                        "mtime": 1410361172.0,
                                        "perm": 16877,
                                        "gid": 0,
                                        "uid": 0,
                                        "size": 4096
                                    },
                                    "deserializer": "directory",
                                    "file": {
                                        "ati.4.gz": {
                                            "stat": {
                                                "ctime": 1424390190.330891,
                                                "mtime": 1410361172.0,
                                                "perm": 33188,
                                                "gid": 0,
                                                "uid": 0,