{
    "deserializer": "directory",
    "stat": {
        "mtime": 1410770916.0,
        "uid": 0,
        "perm": 16877,
        "size": 4096,
        "gid": 0,
        "ctime": 1424390576.9248526
    },
    "file": {
        "usr": {
            "deserializer": "directory",
            "stat": {
                "mtime": 1410770916.0,
                "uid": 0,
                "perm": 16877,
                "size": 4096,
                "gid": 0,
                "ctime": 1424390576.9248526
            },
            "file": {
                "share": {
                    "deserializer": "directory",
                    "stat": {
                        "mtime": 1410770916.0,
                        "uid": 0,
                        "perm": 16877,
                        "size": 4096,
                        "gid": 0,
                        "ctime": 1424390576.9248526
                    },
                    "file": {
                        "doc": {
                            "deserializer": "directory",
                            "stat": {
                                "mtime": 1410770916.0,
                                "uid": 0,
                                "perm": 16877,
                                "size": 4096,
                                "gid": 0,
                                "ctime": 1424390576.9248526
                            },
                            "file": {
                                "xserver-xorg-input-all": {
                                    "deserializer": "directory",
                                    "stat": {
                                        "mtime": 1410770918.0,
                                        "uid": 0,
                                        "perm": 16877,
                                        "size": 4096,
                                        "gid": 0,
                                        "ctime": 1424390576.9248526
                                    },
                                    "file": {
                                        "copyright": {
                                            "deserializer": "url",
                                            "stat": {
                                                "mtime": 1380121465.0,
                                                "uid": 0,
                                                "perm": 33188,
                                                "size": 5004,
                                                "gid": 0,
                                                "ctime": 1424390576.9248526
                                            },
                                            "file": "http://d1fhml1jgvxldu.cloudfront.net/d61715a706a95b7c222b5caebd8ce7f8"
                                        },
                                        "changelog.gz": {
                                            "deserializer": "url",
                                            "stat": {
                                                "mtime": 1410770926.0,
                                                "uid": 0,
                                                "perm": 33188,
                                                "size": 1468,
                                                "gid": 0,
                                                "ctime": 1424390576.9208524
                                            },
                                            "file": "http://d1fhml1jgvxldu.cloudfront.net/34773e4018b08aa90892971b27d728a9"
                                        }
                                    }
                                }
                            }
                        }
                    }
                }
            }
        },
        "control": {
            "deserializer": "directory",
            "stat": {
                "mtime": 1424390576.9088526,
                "uid": 0,
                "perm": 16893,
                "size": 4096,
                "gid": 0,
                "ctime": 1424390576.9088526
            },
            "file": {
                "packages": {
                    "deserializer": "directory",
                    "stat": {
                        "mtime": 1424390576.9088526,
                        "uid": 0,
                        "perm": 16893,
                        "size": 4096,
                        "gid": 0,
                        "ctime": 1424390576.9088526
                    },
                    "file": {
                        "xserver-xorg-input-synaptics": {
                            "deserializer": "directory",
                            "stat": {
                                "mtime": 1424390576.9088526,
                                "uid": 0,
                                "perm": 16893,
                                "size": 4096,
                                "gid": 0,
                                "ctime": 1424390576.9088526
                            },
                            "file": {}
                        },
                        "xserver-xorg-input-evdev": {
                            "deserializer": "directory",
                            "stat": {
                                "mtime": 1424390576.9088526,
                                "uid": 0,
                                "perm": 16893,
                                "size": 4096,
                                "gid": 0,
                                "ctime": 1424390576.9088526
                            },
                            "file": {}
                        },
                        "xserver-xorg-input-wacom": {
                            "deserializer": "directory",
                            "stat": {
                                "mtime": 1424390576.9088526,
                                "uid": 0,
                                "perm": 16893,
                                "size": 4096,
                                "gid": 0,
                                "ctime": 1424390576.9088526
                            },
                            "file": {}
                        },
                        "xserver-xorg-input-vmmouse": {
                            "deserializer": "directory",
                            "stat": {
                                "mtime": 1424390576.9088526,
                                "uid": 0,
                                "perm": 16893,
                                "size": 4096,
                                "gid": 0,
                                "ctime": 1424390576.9088526
                            },
                            "file": {}
                        }
                    }
                }
            }
        }
    }
}