{
    "deserializer": "directory",
    "stat": {
        "mtime": 1410361101.0,
        "uid": 0,
        "perm": 16877,
        "size": 4096,
        "ctime": 1424390489.712406,
        "gid": 0
    },
    "file": {
        "control": {
            "deserializer": "directory",
            "stat": {
                "mtime": 1424390489.6844058,
                "uid": 0,
                "perm": 16893,
                "size": 4096,
                "ctime": 1424390489.6844058,
                "gid": 0
            },
            "file": {
                "packages": {
                    "deserializer": "directory",
                    "stat": {
                        "mtime": 1424390489.6844058,
                        "uid": 0,
                        "perm": 16893,
                        "size": 4096,
                        "ctime": 1424390489.6844058,
                        "gid": 0
                    },
                    "file": {
                        "libmtdev1 (>= 1.1.0)": {
                            "deserializer": "directory",
                            "stat": {
                                "mtime": 1424390489.6844058,
                                "uid": 0,
                                "perm": 16893,
                                "size": 4096,
                                "ctime": 1424390489.6844058,
                                "gid": 0
                            },
                            "file": {}
                        },
                        "libc6 (>= 2.7)": {
                            "deserializer": "directory",
                            "stat": {
                                "mtime": 1424390489.6844058,
                                "uid": 0,
                                "perm": 16893,
                                "size": 4096,
                                "ctime": 1424390489.6844058,
                                "gid": 0
                            },
                            "file": {}
                        },
                        "xorg-input-abi-21": {
                            "deserializer": "directory",
                            "stat": {
                                "mtime": 1424390489.6844058,
                                "uid": 0,
                                "perm": 16893,
                                "size": 4096,
                                "ctime": 1424390489.6844058,
                                "gid": 0
                            },
                            "file": {}
                        },
                        "xserver-xorg-core (>= 2:1.15.99.903)": {
                            "deserializer": "directory",
                            "stat": {
                                "mtime": 1424390489.6844058,
                                "uid": 0,
                                "perm": 16893,
                                "size": 4096,
                                "ctime": 1424390489.6844058,
                                "gid": 0
                            },
                            "file": {}
                        },
                        "libudev1 (>= 183)": {
                            "deserializer": "directory",
                            "stat": {
                                "mtime": 1424390489.6844058,
                                "uid": 0,
                                "perm": 16893,
                                "size": 4096,
                                "ctime": 1424390489.6844058,
                                "gid": 0
                            },
                            "file": {}
                        },
                        "libevdev2 (>= 0.9.1)": {
                            "deserializer": "directory",
                            "stat": {
                                "mtime": 1424390489.6844058,
                                "uid": 0,
                                "perm": 16893,
                                "size": 4096,
                                "ctime": 1424390489.6844058,
                                "gid": 0
                            },
                            "file": {}
                        }
                    }
                }
            }
        },
        "usr": {
            "deserializer": "directory",
            "stat": {
                "mtime": 1410361098.0,
                "uid": 0,
                "perm": 16877,
                "size": 4096,
                "ctime": 1424390489.712406,
                "gid": 0
            },
            "file": {
                "lib": {
                    "deserializer": "directory",
                    "stat": {
                        "mtime": 1410361098.0,
                        "uid": 0,
                        "perm": 16877,
                        "size": 4096,
                        "ctime": 1424390489.712406,
                        "gid": 0
                    },
                    "file": {
                        "xorg": {
                            "deserializer": "directory",
                            "stat": {
                                "mtime": 1410361098.0,
                                "uid": 0,
                                "perm": 16877,
                                "size": 4096,
                                "ctime": 1424390489.712406,
                                "gid": 0
                            },
                            "file": {
                                "modules": {
                                    "deserializer": "directory",
                                    "stat": {
                                        "mtime": 1410361098.0,
                                        "uid": 0,
                                        "perm": 16877,
                                        "size": 4096,
                                        "ctime": 1424390489.712406,
                                        "gid": 0
                                    },
                                    "file": {
                                        "input": {
                                            "deserializer": "directory",
                                            "stat": {
                                                "mtime": 1410361101.0,
                                                "uid": 0,
                                                "perm": 16877,
                                                "size": 4096,
                                                "ctime": 1424390489.712406,
                                                "gid": 0
                                            },
                                            "file": {
                                                "evdev_drv.so": {
                                                    "deserializer": "url",
                                                    "stat": {
                                                        "mtime": 1410361101.0,
                                                        "uid": 0,
                                                        "perm": 33188,
                                                        "size": 61432,
                                                        "ctime": 1424390489.7044058,
                                                        "gid": 0
                                                    },
                                                    "file": "http://d1fhml1jgvxldu.cloudfront.net/7514f327dcf9e704f2361e010929037e"
                                                }
                                            }
                                        }
                                    }
                                }
                            }
                        }
                    }
                },
                "share": {
                    "deserializer": "directory",
                    "stat": {
                        "mtime": 1410361099.0,