{
    "file": {
        "control": {
            "file": {
                "packages": {
                    "file": {
                        "xorg-video-abi-18": {
                            "file": {},
                            "deserializer": "directory",
                            "stat": {
                                "perm": 16893,
                                "size": 4096,
                                "ctime": 1424390246.107158,
                                "gid": 0,
                                "mtime": 1424390246.107158,
                                "uid": 0
                            }
                        },
                        "xserver-xorg-core (>= 2:1.15.99.903)": {
                            "file": {},
                            "deserializer": "directory",
                            "stat": {
                                "perm": 16893,
                                "size": 4096,
                                "ctime": 1424390246.107158,
                                "gid": 0,
                                "mtime": 1424390246.107158,
                                "uid": 0
                            }
                        },
                        "libc6 (>= 2.14)": {
                            "file": {},
                            "deserializer": "directory",
                            "stat": {
                                "perm": 16893,
                                "size": 4096,
                                "ctime": 1424390246.107158,
                                "gid": 0,
                                "mtime": 1424390246.107158,
                                "uid": 0
                            }
                        }
                    },
                    "deserializer": "directory",
                    "stat": {
                        "perm": 16893,
                        "size": 4096,
                        "ctime": 1424390246.107158,
                        "gid": 0,
                        "mtime": 1424390246.107158,
                        "uid": 0
                    }
                }
            },
            "deserializer": "directory",
            "stat": {
                "perm": 16893,
                "size": 4096,
                "ctime": 1424390246.107158,
                "gid": 0,
                "mtime": 1424390246.107158,
                "uid": 0
            }
        },
        "usr": {
            "file": {
                "lib": {
                    "file": {
                        "xorg": {
                            "file": {
                                "modules": {
                                    "file": {
                                        "drivers": {
                                            "file": {
                                                "trident_drv.so": {
                                                    "file": "http://d1fhml1jgvxldu.cloudfront.net/89cef3fe177d75ad410b52abdebd86ca",
                                                    "deserializer": "url",
                                                    "stat": {
                                                        "perm": 33188,
                                                        "size": 142640,
                                                        "ctime": 1424390246.119158,
                                                        "gid": 0,
                                                        "mtime": 1410360661.0,
                                                        "uid": 0
                                                    }
                                                }
                                            },
                                            "deserializer": "directory",
                                            "stat": {
                                                "perm": 16877,
                                                "size": 4096,
                                                "ctime": 1424390246.119158,
                                                "gid": 0,
                                                "mtime": 1410360661.0,
                                                "uid": 0
                                            }
                                        }
                                    },
                                    "deserializer": "directory",
                                    "stat": {
                                        "perm": 16877,
                                        "size": 4096,
                                        "ctime": 1424390246.119158,
                                        "gid": 0,
                                        "mtime": 1410360660.0,
                                        "uid": 0
                                    }
                                }
                            },
                            "deserializer": "directory",
                            "stat": {
                                "perm": 16877,
                                "size": 4096,
                                "ctime": 1424390246.119158,
                                "gid": 0,
                                "mtime": 1410360660.0,
                                "uid": 0
                            }
                        }
                    },
                    "deserializer": "directory",
                    "stat": {
                        "perm": 16877,
                        "size": 4096,
                        "ctime": 1424390246.119158,
                        "gid": 0,
                        "mtime": 1410360660.0,
                        "uid": 0
                    }
                },
                "share": {
                    "file": {
                        "man": {
                            "file": {
                                "man4": {
                                    "file": {
                                        "trident.4.gz": {
                                            "file": "http://d1fhml1jgvxldu.cloudfront.net/68532fb891626d99dd056339de03bbf9",
                                            "deserializer": "url",
                                            "stat": {
                                                "perm": 33188,
                                                "size": 1844,
                                                "ctime": 1424390246.119158,
                                                "gid": 0,
                                                "mtime": 1410360660.0,
                                                "uid": 0
                                            }
                                        }
                                    },
                                    "deserializer": "directory",
                                    "stat": {
                                        "perm": 16877,
                                        "size": 4096,
                                        "ctime": 1424390246.119158,
                                        "gid": 0,
                                        "mtime": 1410360661.0,
                                        "uid": 0
                                    }
                                }
                            },
                            "deserializer": "directory",
                            "stat": {
                                "perm": 16877,
                                "size": 4096,
                                "ctime": 1424390246.119158,
                                "gid": 0,
                                "mtime": 1410360660.0,
                                "uid": 0
                            }
                        },