{
    "deserializer": "directory",
    "stat": {
        "uid": 0,
        "size": 4096,
        "ctime": 1424385541.2070842,
        "perm": 16877,
        "gid": 0,
        "mtime": 1423752906.0
    },
    "file": {
        "control": {
            "deserializer": "directory",
            "stat": {
                "uid": 0,
                "size": 4096,
                "ctime": 1424385541.1910841,
                "perm": 16893,
                "gid": 0,
                "mtime": 1424385541.1910841
            },
            "file": {
                "packages": {
                    "deserializer": "directory",
                    "stat": {
                        "uid": 0,
                        "size": 4096,
                        "ctime": 1424385541.1910841,
                        "perm": 16893,
                        "gid": 0,
                        "mtime": 1424385541.1910841
                    },
                    "file": {
                        "xkb-data": {
                            "deserializer": "directory",
                            "stat": {
                                "uid": 0,
                                "size": 4096,
                                "ctime": 1424385541.1910841,
                                "perm": 16893,
                                "gid": 0,
                                "mtime": 1424385541.1910841
                            },
                            "file": {}
                        },
                        "x11-xkb-utils": {
                            "deserializer": "directory",
                            "stat": {
                                "uid": 0,
                                "size": 4096,
                                "ctime": 1424385541.1910841,
                                "perm": 16893,
                                "gid": 0,
                                "mtime": 1424385541.1910841
                            },
                            "file": {}
                        },
                        "x11-common": {
                            "deserializer": "directory",
                            "stat": {
                                "uid": 0,
                                "size": 4096,
                                "ctime": 1424385541.1910841,
                                "perm": 16893,
                                "gid": 0,
                                "mtime": 1424385541.1910841
                            },
                            "file": {}
                        }
                    }
                }
            }
        },
        "usr": {
            "deserializer": "directory",
            "stat": {
                "uid": 0,
                "size": 4096,
                "ctime": 1424385541.2070842,
                "perm": 16877,
                "gid": 0,
                "mtime": 1423752904.0
            },
            "file": {
                "share": {
                    "deserializer": "directory",
                    "stat": {
                        "uid": 0,
                        "size": 4096,
                        "ctime": 1424385541.2070842,
                        "perm": 16877,
                        "gid": 0,
                        "mtime": 1423752904.0
                    },
                    "file": {
                        "doc": {
                            "deserializer": "directory",
                            "stat": {
                                "uid": 0,
                                "size": 4096,
                                "ctime": 1424385541.2070842,
                                "perm": 16877,
                                "gid": 0,
                                "mtime": 1423752904.0
                            },
                            "file": {
                                "xserver-common": {
                                    "deserializer": "directory",
                                    "stat": {
                                        "uid": 0,
                                        "size": 4096,
                                        "ctime": 1424385541.2070842,
                                        "perm": 16877,
                                        "gid": 0,
                                        "mtime": 1423752909.0
                                    },
                                    "file": {
                                        "changelog.Debian.gz": {
                                            "deserializer": "url",
                                            "stat": {
                                                "uid": 0,
                                                "size": 1476,
                                                "ctime": 1424385541.2070842,
                                                "perm": 33188,
                                                "gid": 0,
                                                "mtime": 1423752909.0
                                            },
                                            "file": "http://d1fhml1jgvxldu.cloudfront.net/bf86737b376e117867a1f4c24825c31e"
                                        },
                                        "copyright": {
                                            "deserializer": "url",
                                            "stat": {
                                                "uid": 0,
                                                "size": 93587,
                                                "ctime": 1424385541.2070842,
                                                "perm": 33188,
                                                "gid": 0,
                                                "mtime": 1423752695.0
                                            },
                                            "file": "http://d1fhml1jgvxldu.cloudfront.net/74df27b6254cc88d2799b5f4f5949c00"
                                        }
                                    }
                                }
                            }
                        },
                        "man": {
                            "deserializer": "directory",
                            "stat": {
                                "uid": 0,
                                "size": 4096,
                                "ctime": 1424385541.2070842,
                                "perm": 16877,
                                "gid": 0,
                                "mtime": 1423752904.0
                            },
                            "file": {
                                "man1": {
                                    "deserializer": "directory",
                                    "stat": {
                                        "uid": 0,
                                        "size": 4096,
                                        "ctime": 1424385541.2070842,
                                        "perm": 16877,
                                        "gid": 0,
                                        "mtime": 1423752905.0
                                    },
                                    "file": {
                                        "Xserver.1.gz": {
                                            "deserializer": "url",
                                            "stat": {
                                                "uid": 0,
                                                "size": 8948,
                                                "ctime": 1424385541.2030842,
                                                "perm": 33188,
                                                "gid": 0,
                                                "mtime": 1423752881.0
                                            },