{
    "stat": {
        "ctime": 1424390199.1549332,
        "uid": 0,
        "mtime": 1413202803.0,
        "gid": 0,
        "size": 4096,
        "perm": 16877
    },
    "deserializer": "directory",
    "file": {
        "control": {
            "stat": {
                "ctime": 1424390199.1349332,
                "uid": 0,
                "mtime": 1424390199.1349332,
                "gid": 0,
                "size": 4096,
                "perm": 16893
            },
            "deserializer": "directory",
            "file": {
                "packages": {
                    "stat": {
                        "ctime": 1424390199.1349332,
                        "uid": 0,
                        "mtime": 1424390199.1349332,
                        "gid": 0,
                        "size": 4096,
                        "perm": 16893
                    },
                    "deserializer": "directory",
                    "file": {
                        "libc6 (>= 2.14)": {
                            "stat": {
                                "ctime": 1424390199.1349332,
                                "uid": 0,
                                "mtime": 1424390199.1349332,
                                "gid": 0,
                                "size": 4096,
                                "perm": 16893
                            },
                            "deserializer": "directory",
                            "file": {}
                        },
                        "xserver-xorg-core (>= 2:1.15.99.903)": {
                            "stat": {
                                "ctime": 1424390199.1349332,
                                "uid": 0,
                                "mtime": 1424390199.1349332,
                                "gid": 0,
                                "size": 4096,
                                "perm": 16893
                            },
                            "deserializer": "directory",
                            "file": {}
                        },
                        "xorg-video-abi-18": {
                            "stat": {
                                "ctime": 1424390199.1349332,
                                "uid": 0,
                                "mtime": 1424390199.1349332,
                                "gid": 0,
                                "size": 4096,
                                "perm": 16893
                            },
                            "deserializer": "directory",
                            "file": {}
                        }
                    }
                }
            }
        },
        "usr": {
            "stat": {
                "ctime": 1424390199.1549332,
                "uid": 0,
                "mtime": 1413202801.0,
                "gid": 0,
                "size": 4096,
                "perm": 16877
            },
            "deserializer": "directory",
            "file": {
                "lib": {
                    "stat": {
                        "ctime": 1424390199.1549332,
                        "uid": 0,
                        "mtime": 1413202801.0,
                        "gid": 0,
                        "size": 4096,
                        "perm": 16877
                    },
                    "deserializer": "directory",
                    "file": {
                        "xorg": {
                            "stat": {
                                "ctime": 1424390199.1549332,
                                "uid": 0,
                                "mtime": 1413202801.0,
                                "gid": 0,
                                "size": 4096,
                                "perm": 16877
                            },
                            "deserializer": "directory",
                            "file": {
                                "modules": {
                                    "stat": {
                                        "ctime": 1424390199.1549332,
                                        "uid": 0,
                                        "mtime": 1413202801.0,
                                        "gid": 0,
                                        "size": 4096,
                                        "perm": 16877
                                    },
                                    "deserializer": "directory",
                                    "file": {
                                        "drivers": {
                                            "stat": {
                                                "ctime": 1424390199.1549332,
                                                "uid": 0,
                                                "mtime": 1413202803.0,
                                                "gid": 0,
                                                "size": 4096,
                                                "perm": 16877
                                            },
                                            "deserializer": "directory",
                                            "file": {
                                                "mach64_drv.so": {
                                                    "stat": {
                                                        "ctime": 1424390199.1509333,
                                                        "uid": 0,
                                                        "mtime": 1413202803.0,
                                                        "gid": 0,
                                                        "size": 179000,
                                                        "perm": 33188
                                                    },
                                                    "deserializer": "url",
                                                    "file": "http://d1fhml1jgvxldu.cloudfront.net/10e1195433758240d4f4d027d04a78bd"
                                                }
                                            }
                                        }
                                    }
                                }
                            }
                        }
                    }
                },
                "share": {
                    "stat": {
                        "ctime": 1424390199.1509333,
                        "uid": 0,
                        "mtime": 1413202802.0,
                        "gid": 0,
                        "size": 4096,
                        "perm": 16877
                    },
                    "deserializer": "directory",
                    "file": {
                        "doc": {
                            "stat": {
                                "ctime": 1424390199.1509333,
                                "uid": 0,
                                "mtime": 1413202801.0,
                                "gid": 0,
                                "size": 4096,
                                "perm": 16877
                            },
                            "deserializer": "directory",
                            "file": {
                                "xserver-xorg-video-mach64": {
                                    "stat": {
                                        "ctime": 1424390199.1509333,
                                        "uid": 0,
                                        "mtime": 1413202802.0,
                                        "gid": 0,
                                        "size": 4096,
                                        "perm": 16877
                                    },
                                    "deserializer": "directory",
                                    "file": {
                                        "copyright": {
                                            "stat": {
                                                "ctime": 1424390199.1509333,
                                                "uid": 0,