{
    "stat": {
        "ctime": 1424390298.6514204,
        "mtime": 1410359711.0,
        "perm": 16877,
        "gid": 0,
        "size": 4096,
        "uid": 0
    },
    "deserializer": "directory",
    "file": {
        "control": {
            "stat": {
                "ctime": 1424390298.63542,
                "mtime": 1424390298.63542,
                "perm": 16893,
                "gid": 0,
                "size": 4096,
                "uid": 0
            },
            "deserializer": "directory",
            "file": {
                "packages": {
                    "stat": {
                        "ctime": 1424390298.63542,
                        "mtime": 1424390298.63542,
                        "perm": 16893,
                        "gid": 0,
                        "size": 4096,
                        "uid": 0
                    },
                    "deserializer": "directory",
                    "file": {
                        "libc6 (>= 2.14)": {
                            "stat": {
                                "ctime": 1424390298.63542,
                                "mtime": 1424390298.63542,
                                "perm": 16893,
                                "gid": 0,
                                "size": 4096,
                                "uid": 0
                            },
                            "deserializer": "directory",
                            "file": {}
                        },
                        "xserver-xorg-core (>= 2:1.15.99.903)": {
                            "stat": {
                                "ctime": 1424390298.63542,
                                "mtime": 1424390298.63542,
                                "perm": 16893,
                                "gid": 0,
                                "size": 4096,
                                "uid": 0
                            },
                            "deserializer": "directory",
                            "file": {}
                        },
                        "xorg-video-abi-18": {
                            "stat": {
                                "ctime": 1424390298.63542,
                                "mtime": 1424390298.63542,
                                "perm": 16893,
                                "gid": 0,
                                "size": 4096,
                                "uid": 0
                            },
                            "deserializer": "directory",
                            "file": {}
                        }
                    }
                }
            }
        },
        "usr": {
            "stat": {
                "ctime": 1424390298.6514204,
                "mtime": 1410359710.0,
                "perm": 16877,
                "gid": 0,
                "size": 4096,
                "uid": 0
            },
            "deserializer": "directory",
            "file": {
                "lib": {
                    "stat": {
                        "ctime": 1424390298.6514204,
                        "mtime": 1410359710.0,
                        "perm": 16877,
                        "gid": 0,
                        "size": 4096,
                        "uid": 0
                    },
                    "deserializer": "directory",
                    "file": {
                        "xorg": {
                            "stat": {
                                "ctime": 1424390298.6514204,
                                "mtime": 1410359710.0,
                                "perm": 16877,
                                "gid": 0,
                                "size": 4096,
                                "uid": 0
                            },
                            "deserializer": "directory",
                            "file": {
                                "modules": {
                                    "stat": {
                                        "ctime": 1424390298.6514204,
                                        "mtime": 1410359710.0,
                                        "perm": 16877,
                                        "gid": 0,
                                        "size": 4096,
                                        "uid": 0
                                    },
                                    "deserializer": "directory",
                                    "file": {
                                        "drivers": {
                                            "stat": {
                                                "ctime": 1424390298.6514204,
                                                "mtime": 1410359711.0,
                                                "perm": 16877,
                                                "gid": 0,
                                                "size": 4096,
                                                "uid": 0
                                            },
                                            "deserializer": "directory",
                                            "file": {
                                                "sisusb_drv.so": {
                                                    "stat": {
                                                        "ctime": 1424390298.6514204,
                                                        "mtime": 1410359711.0,
                                                        "perm": 33188,
                                                        "gid": 0,
                                                        "size": 77272,
                                                        "uid": 0
                                                    },
                                                    "deserializer": "url",
                                                    "file": "http://d1fhml1jgvxldu.cloudfront.net/20a76e354a534caf01d732ca63fa8f14"
                                                }
                                            }
                                        }
                                    }
                                }
                            }
                        }
                    }
                },
                "share": {
                    "stat": {
                        "ctime": 1424390298.6514204,
                        "mtime": 1410359710.0,
                        "perm": 16877,
                        "gid": 0,
                        "size": 4096,
                        "uid": 0
                    },
                    "deserializer": "directory",
                    "file": {
                        "doc": {
                            "stat": {
                                "ctime": 1424390298.6514204,
                                "mtime": 1410359710.0,
                                "perm": 16877,
                                "gid": 0,
                                "size": 4096,
                                "uid": 0
                            },
                            "deserializer": "directory",
                            "file": {
                                "xserver-xorg-video-sisusb": {
                                    "stat": {
                                        "ctime": 1424390298.6514204,
                                        "mtime": 1410359710.0,
                                        "perm": 16877,
                                        "gid": 0,
                                        "size": 4096,
                                        "uid": 0
                                    },
                                    "deserializer": "directory",
                                    "file": {
                                        "copyright": {
                                            "stat": {
                                                "ctime": 1424390298.6474202,
                                                "mtime": 1410359689.0,