{
    "file": {
        "control": {
            "file": {
                "packages": {
                    "file": {
                        "libc6 (>= 2.14)": {
                            "file": {},
                            "stat": {
                                "gid": 0,
                                "ctime": 1424389459.247356,
                                "size": 4096,
                                "mtime": 1424389459.247356,
                                "uid": 0,
                                "perm": 16893
                            },
                            "deserializer": "directory"
                        },
                        "xorg-video-abi-18": {
                            "file": {},
                            "stat": {
                                "gid": 0,
                                "ctime": 1424389459.247356,
                                "size": 4096,
                                "mtime": 1424389459.247356,
                                "uid": 0,
                                "perm": 16893
                            },
                            "deserializer": "directory"
                        },
                        "xserver-xorg-core (>= 2:1.15.99.903)": {
                            "file": {},
                            "stat": {
                                "gid": 0,
                                "ctime": 1424389459.247356,
                                "size": 4096,
                                "mtime": 1424389459.247356,
                                "uid": 0,
                                "perm": 16893
                            },
                            "deserializer": "directory"
                        }
                    },
                    "stat": {
                        "gid": 0,
                        "ctime": 1424389459.247356,
                        "size": 4096,
                        "mtime": 1424389459.247356,
                        "uid": 0,
                        "perm": 16893
                    },
                    "deserializer": "directory"
                }
            },
            "stat": {
                "gid": 0,
                "ctime": 1424389459.247356,
                "size": 4096,
                "mtime": 1424389459.247356,
                "uid": 0,
                "perm": 16893
            },
            "deserializer": "directory"
        },
        "usr": {
            "file": {
                "lib": {
                    "file": {
                        "xorg": {
                            "file": {
                                "modules": {
                                    "file": {
                                        "drivers": {
                                            "file": {
                                                "tdfx_drv.so": {
                                                    "file": "http://d1fhml1jgvxldu.cloudfront.net/39980cb655a6f6c97f3c3b33229b2514",
                                                    "stat": {
                                                        "gid": 0,
                                                        "ctime": 1424389459.259356,
                                                        "size": 66096,
                                                        "mtime": 1410359427.0,
                                                        "uid": 0,
                                                        "perm": 33188
                                                    },
                                                    "deserializer": "url"
                                                }
                                            },
                                            "stat": {
                                                "gid": 0,
                                                "ctime": 1424389459.263356,
                                                "size": 4096,
                                                "mtime": 1410359427.0,
                                                "uid": 0,
                                                "perm": 16877
                                            },
                                            "deserializer": "directory"
                                        }
                                    },
                                    "stat": {
                                        "gid": 0,
                                        "ctime": 1424389459.263356,
                                        "size": 4096,
                                        "mtime": 1410359426.0,
                                        "uid": 0,
                                        "perm": 16877
                                    },
                                    "deserializer": "directory"
                                }
                            },
                            "stat": {
                                "gid": 0,
                                "ctime": 1424389459.263356,
                                "size": 4096,
                                "mtime": 1410359426.0,
                                "uid": 0,
                                "perm": 16877
                            },
                            "deserializer": "directory"
                        }
                    },
                    "stat": {
                        "gid": 0,
                        "ctime": 1424389459.263356,
                        "size": 4096,
                        "mtime": 1410359426.0,
                        "uid": 0,
                        "perm": 16877
                    },
                    "deserializer": "directory"
                },
                "share": {
                    "file": {
                        "man": {
                            "file": {
                                "man4": {
                                    "file": {
                                        "tdfx.4.gz": {
                                            "file": "http://d1fhml1jgvxldu.cloudfront.net/20624ceb3806cea9ffcd9820855ba0c7",
                                            "stat": {
                                                "gid": 0,
                                                "ctime": 1424389459.259356,
                                                "size": 855,
                                                "mtime": 1410359426.0,
                                                "uid": 0,
                                                "perm": 33188
                                            },
                                            "deserializer": "url"
                                        }
                                    },
                                    "stat": {
                                        "gid": 0,
                                        "ctime": 1424389459.259356,
                                        "size": 4096,
                                        "mtime": 1410359426.0,
                                        "uid": 0,
                                        "perm": 16877
                                    },
                                    "deserializer": "directory"
                                }
                            },
                            "stat": {
                                "gid": 0,
                                "ctime": 1424389459.259356,
                                "size": 4096,
                                "mtime": 1410359426.0,
                                "uid": 0,
                                "perm": 16877
                            },
                            "deserializer": "directory"
                        },