{
    "deserializer": "directory",
    "stat": {
        "size": 4096,
        "mtime": 1410770916.0,
        "perm": 16877,
        "ctime": 1424389453.7553291,
        "gid": 0,
        "uid": 0
    },
    "file": {
        "control": {
            "deserializer": "directory",
            "stat": {
                "size": 4096,
                "mtime": 1424389453.7513292,
                "perm": 16893,
                "ctime": 1424389453.7513292,
                "gid": 0,
                "uid": 0
            },
            "file": {
                "packages": {
                    "deserializer": "directory",
                    "stat": {
                        "size": 4096,
                        "mtime": 1424389453.7513292,
                        "perm": 16893,
                        "ctime": 1424389453.7513292,
                        "gid": 0,
                        "uid": 0
                    },
                    "file": {
                        "xserver-xorg-video-tdfx": {
                            "deserializer": "directory",
                            "stat": {
                                "size": 4096,
                                "mtime": 1424389453.7513292,
                                "perm": 16893,
                                "ctime": 1424389453.7513292,
                                "gid": 0,
                                "uid": 0
                            },
                            "file": {}
                        },
                        "xserver-xorg-video-neomagic": {
                            "deserializer": "directory",
                            "stat": {
                                "size": 4096,
                                "mtime": 1424389453.7513292,
                                "perm": 16893,
                                "ctime": 1424389453.7513292,
                                "gid": 0,
                                "uid": 0
                            },
                            "file": {}
                        },
                        "xserver-xorg-video-intel": {
                            "deserializer": "directory",
                            "stat": {
                                "size": 4096,
                                "mtime": 1424389453.7513292,
                                "perm": 16893,
                                "ctime": 1424389453.7513292,
                                "gid": 0,
                                "uid": 0
                            },
                            "file": {}
                        },
                        "xserver-xorg-video-nouveau": {
                            "deserializer": "directory",
                            "stat": {
                                "size": 4096,
                                "mtime": 1424389453.7513292,
                                "perm": 16893,
                                "ctime": 1424389453.7513292,
                                "gid": 0,
                                "uid": 0
                            },
                            "file": {}
                        },
                        "xserver-xorg-video-savage": {
                            "deserializer": "directory",
                            "stat": {
                                "size": 4096,
                                "mtime": 1424389453.7513292,
                                "perm": 16893,
                                "ctime": 1424389453.7513292,
                                "gid": 0,
                                "uid": 0
                            },
                            "file": {}
                        },
                        "xserver-xorg-video-trident": {
                            "deserializer": "directory",
                            "stat": {
                                "size": 4096,
                                "mtime": 1424389453.7513292,
                                "perm": 16893,
                                "ctime": 1424389453.7513292,
                                "gid": 0,
                                "uid": 0
                            },
                            "file": {}
                        },
                        "xserver-xorg-video-vesa": {
                            "deserializer": "directory",
                            "stat": {
                                "size": 4096,
                                "mtime": 1424389453.7513292,
                                "perm": 16893,
                                "ctime": 1424389453.7513292,
                                "gid": 0,
                                "uid": 0
                            },
                            "file": {}
                        },
                        "xserver-xorg-video-mga": {
                            "deserializer": "directory",
                            "stat": {
                                "size": 4096,
                                "mtime": 1424389453.7513292,
                                "perm": 16893,
                                "ctime": 1424389453.7513292,
                                "gid": 0,
                                "uid": 0
                            },
                            "file": {}
                        },
                        "xserver-xorg-video-openchrome": {
                            "deserializer": "directory",
                            "stat": {
                                "size": 4096,
                                "mtime": 1424389453.7513292,
                                "perm": 16893,
                                "ctime": 1424389453.7513292,
                                "gid": 0,
                                "uid": 0
                            },
                            "file": {}
                        },
                        "xserver-xorg-video-siliconmotion": {
                            "deserializer": "directory",
                            "stat": {
                                "size": 4096,
                                "mtime": 1424389453.7513292,
                                "perm": 16893,
                                "ctime": 1424389453.7513292,
                                "gid": 0,
                                "uid": 0
                            },
                            "file": {}
                        },
                        "xserver-xorg-video-fbdev": {
                            "deserializer": "directory",
                            "stat": {
                                "size": 4096,
                                "mtime": 1424389453.7513292,
                                "perm": 16893,
                                "ctime": 1424389453.7513292,
                                "gid": 0,
                                "uid": 0
                            },
                            "file": {}
                        },
                        "xserver-xorg-video-modesetting": {
                            "deserializer": "directory",
                            "stat": {
                                "size": 4096,
                                "mtime": 1424389453.7513292,
                                "perm": 16893,
                                "ctime": 1424389453.7513292,
                                "gid": 0,
                                "uid": 0
                            },
                            "file": {}
                        },
                        "xserver-xorg-video-cirrus": {
                            "deserializer": "directory",
                            "stat": {
                                "size": 4096,
                                "mtime": 1424389453.7513292,
                                "perm": 16893,
                                "ctime": 1424389453.7513292,
                                "gid": 0,
                                "uid": 0
                            },