{
    "stat": {
        "perm": 16877,
        "uid": 0,
        "gid": 0,
        "ctime": 1777906380.5714128,
        "mtime": 1730197958.0,
        "size": 20
    },
    "deserializer": "directory",
    "file": {
        "control": {
            "stat": {
                "perm": 16893,
                "uid": 0,
                "gid": 0,
                "ctime": 1777906380.5674126,
                "mtime": 1777906380.5674126,
                "size": 16
            },
            "deserializer": "directory",
            "file": {
                "packages": {
                    "stat": {
                        "perm": 16893,
                        "uid": 0,
                        "gid": 0,
                        "ctime": 1777906380.5674126,
                        "mtime": 1777906380.5674126,
                        "size": 30
                    },
                    "deserializer": "directory",
                    "file": {
                        "libc6 (>= 2.14)": {
                            "stat": {
                                "perm": 16893,
                                "uid": 0,
                                "gid": 0,
                                "ctime": 1777906380.5674126,
                                "mtime": 1777906380.5674126,
                                "size": 0
                            },
                            "deserializer": "directory",
                            "file": {}
                        }
                    }
                }
            }
        },
        "usr": {
            "stat": {
                "perm": 16877,
                "uid": 0,
                "gid": 0,
                "ctime": 1777906380.5714128,
                "mtime": 1730197958.0,
                "size": 16
            },
            "deserializer": "directory",
            "file": {
                "lib": {
                    "stat": {
                        "perm": 16877,
                        "uid": 0,
                        "gid": 0,
                        "ctime": 1777906380.5714128,
                        "mtime": 1730197958.0,
                        "size": 32
                    },
                    "deserializer": "directory",
                    "file": {
                        "x86_64-linux-gnu": {
                            "stat": {
                                "perm": 16877,
                                "uid": 0,
                                "gid": 0,
                                "ctime": 1777906380.5714128,
                                "mtime": 1730197958.0,
                                "size": 44
                            },
                            "deserializer": "directory",
                            "file": {
                                "libz.so.1.3.1": {
                                    "stat": {
                                        "perm": 33188,
                                        "uid": 0,
                                        "gid": 0,
                                        "ctime": 1777906380.5714128,
                                        "mtime": 1730197958.0,
                                        "size": 125376
                                    },
                                    "deserializer": "url",
                                    "file": "/blobs/85590dd58edf5445e18bc7193e5ebc01ac5841f1ae187e97705a662e90c6421e"
                                },
                                "libz.so.1": {
                                    "stat": {
                                        "perm": 41471,
                                        "uid": 0,
                                        "gid": 0,
                                        "ctime": 1777906380.5714128,
                                        "mtime": 1777906380.5714128,
                                        "size": 13
                                    },
                                    "deserializer": "symlink",
                                    "file": "libz.so.1.3.1"
                                }
                            }
                        }
                    }
                },
                "share": {
                    "stat": {
                        "perm": 16877,
                        "uid": 0,
                        "gid": 0,
                        "ctime": 1777906380.5714128,
                        "mtime": 1730197958.0,
                        "size": 6
                    },
                    "deserializer": "directory",
                    "file": {
                        "doc": {
                            "stat": {
                                "perm": 16877,
                                "uid": 0,
                                "gid": 0,
                                "ctime": 1777906380.5714128,
                                "mtime": 1730197958.0,
                                "size": 12
                            },
                            "deserializer": "directory",
                            "file": {
                                "zlib1g": {
                                    "stat": {
                                        "perm": 16877,
                                        "uid": 0,
                                        "gid": 0,
                                        "ctime": 1777906380.5714128,
                                        "mtime": 1730197958.0,
                                        "size": 130
                                    },
                                    "deserializer": "directory",
                                    "file": {
                                        "changelog.Debian.amd64.gz": {
                                            "stat": {
                                                "perm": 33188,
                                                "uid": 0,
                                                "gid": 0,
                                                "ctime": 1777906380.5714128,
                                                "mtime": 1730197958.0,
                                                "size": 238
                                            },
                                            "deserializer": "url",
                                            "file": "/blobs/55b56c3a523dc79e97cad05e0b9afbb2309cd9e738f636fd39e5f9c5776deb69"
                                        },
                                        "changelog.Debian.gz": {
                                            "stat": {
                                                "perm": 33188,
                                                "uid": 0,
                                                "gid": 0,
                                                "ctime": 1777906380.5714128,
                                                "mtime": 1730197958.0,
                                                "size": 1508
                                            },
                                            "deserializer": "url",
                                            "file": "/blobs/c631c3743056aea5d6c114efc27fc9f53f32a75d3f33767f4d244746e8fa153a"
                                        },
                                        "changelog.gz": {
                                            "stat": {
                                                "perm": 33188,
                                                "uid": 0,
                                                "gid": 0,
                                                "ctime": 1777906380.5714128,
                                                "mtime": 1705948357.0,
                                                "size": 29508
                                            },
                                            "deserializer": "url",