{
    "stat": {
        "size": 4096,
        "uid": 0,
        "gid": 0,
        "mtime": 1368448979.0,
        "ctime": 1424382216.3966382,
        "perm": 16877
    },
    "deserializer": "directory",
    "file": {
        "usr": {
            "stat": {
                "size": 4096,
                "uid": 0,
                "gid": 0,
                "mtime": 1368448975.0,
                "ctime": 1424382216.3966382,
                "perm": 16877
            },
            "deserializer": "directory",
            "file": {
                "share": {
                    "stat": {
                        "size": 4096,
                        "uid": 0,
                        "gid": 0,
                        "mtime": 1368448975.0,
                        "ctime": 1424382216.3966382,
                        "perm": 16877
                    },
                    "deserializer": "directory",
                    "file": {
                        "doc": {
                            "stat": {
                                "size": 4096,
                                "uid": 0,
                                "gid": 0,
                                "mtime": 1368448975.0,
                                "ctime": 1424382216.3966382,
                                "perm": 16877
                            },
                            "deserializer": "directory",
                            "file": {
                                "zlib1g": {
                                    "stat": {
                                        "size": 4096,
                                        "uid": 0,
                                        "gid": 0,
                                        "mtime": 1368448986.0,
                                        "ctime": 1424382216.3966382,
                                        "perm": 16877
                                    },
                                    "deserializer": "directory",
                                    "file": {
                                        "changelog.Debian.gz": {
                                            "stat": {
                                                "size": 947,
                                                "uid": 0,
                                                "gid": 0,
                                                "mtime": 1368448986.0,
                                                "ctime": 1424382216.392638,
                                                "perm": 33188
                                            },
                                            "deserializer": "url",
                                            "file": "http://d1fhml1jgvxldu.cloudfront.net/c6e4368085a22950b200bbba722df397"
                                        },
                                        "copyright": {
                                            "stat": {
                                                "size": 1606,
                                                "uid": 0,
                                                "gid": 0,
                                                "mtime": 1367595015.0,
                                                "ctime": 1424382216.3966382,
                                                "perm": 33188
                                            },
                                            "deserializer": "url",
                                            "file": "http://d1fhml1jgvxldu.cloudfront.net/b864456ff86681d287ddec30166bb86c"
                                        }
                                    }
                                }
                            }
                        }
                    }
                }
            }
        },
        "lib": {
            "stat": {
                "size": 4096,
                "uid": 0,
                "gid": 0,
                "mtime": 1368448975.0,
                "ctime": 1424382216.3966382,
                "perm": 16877
            },
            "deserializer": "directory",
            "file": {
                "x86_64-linux-gnu": {
                    "stat": {
                        "size": 4096,
                        "uid": 0,
                        "gid": 0,
                        "mtime": 1368448978.0,
                        "ctime": 1424382216.3966382,
                        "perm": 16877
                    },
                    "deserializer": "directory",
                    "file": {
                        "libz.so.1.2.8": {
                            "stat": {
                                "size": 100728,
                                "uid": 0,
                                "gid": 0,
                                "mtime": 1368448978.0,
                                "ctime": 1424382216.3966382,
                                "perm": 33188
                            },
                            "deserializer": "url",
                            "file": "http://d1fhml1jgvxldu.cloudfront.net/94d997d72f3a915d4b3669c560b79e0e"
                        },
                        "libz.so.1": {
                            "stat": {
                                "size": 13,
                                "uid": 0,
                                "gid": 0,
                                "mtime": 1424382216.3966382,
                                "ctime": 1424382216.3966382,
                                "perm": 41471
                            },
                            "deserializer": "symlink",
                            "file": "libz.so.1.2.8"
                        }
                    }
                }
            }
        },
        "control": {
            "stat": {
                "size": 4096,
                "uid": 0,
                "gid": 0,
                "mtime": 1424382216.392638,
                "ctime": 1424382216.392638,
                "perm": 16893
            },
            "deserializer": "directory",
            "file": {
                "packages": {
                    "stat": {
                        "size": 4096,
                        "uid": 0,
                        "gid": 0,
                        "mtime": 1424382216.392638,
                        "ctime": 1424382216.392638,
                        "perm": 16893
                    },
                    "deserializer": "directory",
                    "file": {
                        "libc6 (>= 2.14)": {
                            "stat": {
                                "size": 4096,
                                "uid": 0,
                                "gid": 0,
                                "mtime": 1424382216.392638,
                                "ctime": 1424382216.392638,
                                "perm": 16893
                            },
                            "deserializer": "directory",
                            "file": {}
                        }
                    }
                }
            }
        }
    }
}