{
    "perm": 493,
    "gid": 0,
    "uid": 0,
    "size": 0,
    "mtime": 1410096566.3960323,
    "ctime": 1410096566.3960323
}
