{
    "perm": 33152,
    "uid": 0,
    "gid": 0,
    "size": 668,
    "mtime": 1410096566.3960323,
    "ctime": 1410096566.3960323
}
